slug,role,disabled,lead_class,signals,states,n_counties,top_counties,board_10_7_own,board_10_7_merged_into_other_rows,prev_run,current_run,current_outcome,expected_min,flags,carryover_candidate,deep_dived,verdict,reason
counties_generic.liensnc,mac,,tax,tax_lien:39644,NC,101,Wake|NC:5516;Mecklenburg|NC:4215;Brunswick|NC:3082,39644,1361,,11483,mac_handoff_10_8:OK,0,,,,open:wall,"login-gated site; rows come from the owner's own Mac lane (10/8 hand-off 11,483 rows, not in the gated run); rows are age-exempt in board_persist."
counties_nc.nc_ecourts_lis_pendens,mac,,lis_pendens,lis_pendens:6883;tax_lien:2433;divorce_notice:1445,NC,99,Wake|NC:1635;Mecklenburg|NC:1595;Guilford|NC:804,10761,109,13654,27407,mac_handoff_10_8:OK,3,,,yes,open:wall,"hand-off doubled 13,654 -> 27,407: the judgment-lien lane (commit 375b4b72) shipped after the 10/7 hand-off. The cap does not bind. The 'Multiple' drop stands: the actual causes are only on the case page in the eCourts Portal (Smart Search), which is CAPTCHA/WAF-walled. | manual: For a 'Multiple' case: open https://portal-nc.tylertech.cloud/Portal/Home/Dashboard/29 in a normal browser, choose Smar"
counties_sc.qpaybill_delinquent_roll,vm,,tax,tax_sale:33180,SC,29,Spartanburg|SC:3256;Sumter|SC:3066;Darlington|SC:2505,33180,1957,7118,7028,TIMEOUT_PARTIAL,0,TIMEOUT_PARTIAL,yes,lead,fixed,"scraper timeout 900 s cut the same 18 of 29 counties every run (7,028 parcels shipped on 10/8; 25,314 of 33,180 board rows unread since 9/10-9/15); Abbeville's tenant redirects to Info.aspx and read as an empty county. Fixed 708630b7, a89e66ea; per-county 480 s still binds for large counties (rotation spreads the cut)."
counties_nc.nc_ptscloud_delinquent_tax,vm,,tax,tax_lien:19548,NC,9,Forsyth|NC:5314;Guilford|NC:3280;Beaufort|NC:2880,19548,1801,19623,19547,OK,0,,,yes,fixed,"not flagged. Lead 'parcel_too_short' (10,585 nulled on 2026-10-08): ids matched exactly against today's CSVs: Guilford 3,427 (3-6 digit county account ids; the CSV has no PIN anywhere, DESCRIPTION carries no 'PIN:'), Beaufort 3,116 (2-5 digit; 140 more are 7-8 digit and pass), Pitt 1,991 (2-5 digit; 1,569 of 2,096 are real Pitt parcel numbers aliased to a PIN in data/parcel_cache/pitt.sqlite), Ora"
counties_sc.sc_public_index,mac,,lis_pendens,lis_pendens:2812;unknown:2728,SC,7,Spartanburg|SC:1098;Anderson|SC:1064;Pickens|SC:923,5540,141,2035,2051,mac_handoff_10_8:OK,10,,,yes,open:wall,not flagged; checked for the hand-off change (none material) | manual: same as national.sc_public_index (hand-saved results pages -> scripts/parse_publicindex_export.py)
counties_nc.gaston_vacant,vm,,code,distressed:21797,NC,1,Gaston|NC:21797,21797,522,21772,21759,OK,0,,,yes,complete,the exact split of the 46-row gap
counties_nc.nc_county_pdf_delinquent_tax,vm,,tax,tax_lien:8582,NC,4,Catawba|NC:5227;McDowell|NC:2178;Lincoln|NC:1172,8582,1614,8922,8941,OK,0,,,yes,fixed,"extraction audit 3: 42 Catawba bills first-wins. Lead parcel_too_short (6,092 nulled): Catawba's id is the taxpayer ACCOUNT number (0 of 5,256 in the county parcel cache, no PIN in the PDF); Lincoln's 4-6 digit ids are real Lincoln PARCELIDs (1,402/1,406 in data/parcel_cache/lincoln.sqlite), and dedupe's parcel_alias table (lincoln_vacant) maps them to PINs when lincoln_vacant runs; McDowell ids a"
counties_sc.sc_dew_lien_registry,mac,yes,tax,tax_lien:8288,SC,12,Charleston|SC:3244;Horry|SC:1629;Spartanburg|SC:1107,8288,566,0,0,mac_handoff_10_8:DORMANT,0,DISABLED,,,open:owner,"disabled by design (cross-reference only); 8,288 stale rows remain on the board (12 counties flagged by source-county-refreshed): purge or refresh is a board action."
counties_nc.nc_heir_estate_parcels,vm,,probate,estate_lead:4437,NC;SC,69,Rutherford|NC:197;Polk|NC:155;Laurens|SC:81,4437,426,2559,3369,OK,5,,,yes,fixed,"extraction audit 3: unmapped columns. Lead parcel_too_short: 152 nulled, mostly Polk TMS ids ('P94-81', 'T4-A38'): the Polk layer's only parcel id (schema read 2026-10-08: no PIN field), so no better id exists; TMS is kept in raw.parcel_id_nulled and the PropertyRecordCard link now kept gives a lookup handle"
counties_nc.albemarle_observer_tax_lists,vm,,tax,tax_lien:7511,NC,7,Washington|NC:1613;Bertie|NC:1535;Perquimans|NC:1493,7511,0,7527,7527,OK,0,,,yes,fixed,"extraction audit 3: one county's 2026 list (~1,820 rows) had no parser = Pasquotank (dot-leader layout)"
counties_nc.rutherford_tax,vm,,tax,tax_lien:5108;tax_sale:1,NC,1,Rutherford|NC:5109,5109,2340,7329,0,BLOCKED,100,"ZERO_NOW,LT_HALF,BELOW_EXPECTED",yes,yes,open:wall,"ZERO_NOW / LT_HALF: www.rutherfordcountync.gov answers 403 to the Oracle VM (rutherford_tax.page_fetch_failed + xlsx_fetch_failed on the 10-07 and 10-08 runs); the file itself is unchanged since 2/1/2026. | manual: Open https://www.rutherfordcountync.gov/departments/revenue_department_tax_administrator/index.php in a normal browser, click 'Delinquent Tax Bills as of 2/1/2026' (TR-452 ... .xlsx) an"
counties_nc.lincoln_vacant,vm,,code,unknown:16068,NC,2,Lincoln|NC:16057;Cleveland|NC:11,16068,3798,14731,14718,OK,0,,,yes,complete,
nc_ecourts_judgments,manual,,lis_pendens,lis_pendens:1821;tax_lien:423,NC,17,New Hanover|NC:593;Brunswick|NC:513;Gaston|NC:417,2244,596,2503,,manual,0,,,,open:owner,"legacy one-shot ingest (2,244 rows, frozen, every row 2 misses); superseded by the judgment_lien lane of nc_ecourts_lis_pendens (commit 375b4b72): retire when that lane publishes."
counties_nc.nc_ecourts_divorce,mac,,divorce,divorce_notice:5777,NC,91,Mecklenburg|NC:856;Cumberland|NC:446;Rockingham|NC:321,5777,32,5262,5247,mac_handoff_10_8:OK,5,,,yes,fixed,extraction audit 10/7: judgmentType and caseCategoryKey dropped (FIXED); 'Multiple' rows dropped (wall)
liensnc,manual,,tax,tax_lien:5449,NC,40,Buncombe|NC:737;Union|NC:728;Mecklenburg|NC:479,5449,1080,5590,,manual,0,,,,open:wall,manual ingest of operator-saved pages (login-gated site).
national.sc_public_index,mac,,lis_pendens,lis_pendens:1999,SC,4,Charleston|SC:1549;Beaufort|SC:360;Edgefield|SC:48,1999,6,1759,280,mac_handoff_10_8:OK,0,LT_HALF,,yes,open:wall,"LT_HALF 1,759 -> 280: Charleston went from 17,440 indexed CP cases to a 30-day-window search of open lead-type cases (52) by the 10/7 evening commits; intentional narrowing, not a failure. Separate defect seen: the 1,999 board rows of this slug have no owner_name/defendant/address/parcel (from the lead's board pass), so they cannot be worked. | manual: Stealth path, recorded only. A person: open h"
counties_nc.transylvania_vacant,vm,,code,unknown:10972,NC,1,Transylvania|NC:10972,10972,740,11109,11109,OK,0,,,yes,fixed,extraction_audit_2026-10-07 s3: LEGAL_ADDR (a legal location like 'OAK LAUREL RD L-71') published as street_address
counties_nc.rutherford_wildfire_tax,vm,,tax,tax_lien:3435,NC,1,Rutherford|NC:3435,3435,413,3304,3304,OK,0,,,yes,fixed,"lead parcel_too_short: 896 six-digit county Parcel_Numbers nulled (7-digit ones pass). 893 of the 896 have a 10-digit PIN alias in data/parcel_cache/rutherford.sqlite. Same id rutherford_tax maps to the PIN (owner decision 2026-10-07); dedupe's alias table only covers them when rutherford_tax runs, and it was BLOCKED."
counties_sc.charleston_tax_sale_xlsx,vm,,tax,tax_sale:2402,SC,1,Charleston|SC:2402,2402,1075,3370,3370,OK,0,,,yes,complete,not flagged
national.stealth_handoff,vm,,other,,,0,,0,0,27917,27888,OK,0,ZERO_ON_BOARD,,,,
counties_sc.horry_delinquent_xlsx,vm,,tax,tax_lien:3009,SC,1,Horry|SC:3009,3009,12,842,3562,OK,0,,,yes,complete,not flagged
counties.column_legal_notices,vm,,probate,probate_notice:1534;foreclosure_sale:30,NC;SC,63,Cabarrus|NC:157;Guilford|NC:155;Johnston|NC:147,1564,44,1447,1444,OK,0,,,yes,fixed,extraction audit 10/7 item: 250-row window cut + attorney block
counties_sc.terry_howe_auctions,vm,,foreclosure,auction:351,NC;SC,10,Spartanburg|SC:141;Laurens|SC:124;Anderson|SC:51,351,30,907,907,OK,0,,,yes,complete,907 scraped -> 351 on board
national.jail_bookings,vm,,jail,unknown:11,NC;SC,9,Buncombe|NC:2;Gaston|NC:2;Polk|NC:1,11,5,2380,2894,OK,0,,,yes,complete,
counties_sc.berkeley_paystar_tax,vm,,tax,tax_sale:2364,SC,1,Berkeley|SC:2364,2364,43,2229,2379,TIMEOUT_PARTIAL,500,TIMEOUT_PARTIAL,yes,yes,fixed,"TIMEOUT_PARTIAL: salvage works (self.partial filled per detail, tasks cancelled in finally; not the qpaybill pattern) but the 600 s cutoff dropped about a fifth of the roll every run"
national.courtlistener_bankruptcy,vm,,bankruptcy,bankruptcy:314,NC;SC,19,Buncombe|NC:64;Henderson|NC:49;Mecklenburg|NC:38,314,152,2270,3386,OK,0,,,yes,fixed,"3,386 scraped vs 314 on the board. Two causes: (a) the scrape budget bound (fixed); (b) by design main.py drops national.* rows with no county after enrichment, and the bankruptcy property enricher that supplies the county was time-capped (900 s) in the gated run; the scraper itself only tags a county for organisation debtors named for a town. Not rows lost to labels or dedupe."
counties_nc.nc_its_public_tax,vm,,tax,tax_lien:2199,NC,2,Onslow|NC:1459;Graham|NC:740,2199,34,2224,2223,OK,0,,,yes,open:time,"lead parcel_too_short: 349 nulled, Onslow map-block ids ('312-96', '43E-34', '28-9.1') and 6-digit ids -- real Onslow parcel numbers; covered by the drops_lineage agent's uncommitted validation allowlist (Onslow pattern)"
counties_sc.greenville_tax_distress,vm,,tax,,,0,,0,2653,2178,2208,OK,0,ZERO_ON_BOARD,,yes,complete,ZERO_ON_BOARD (by design: dedupe winner keeps the other source's slug; module docstring 2026-09-23)
counties_sc.pickens_delinquent_parcels,vm,,tax,tax_lien:1403,SC,1,Pickens|SC:1403,1403,14,2161,2560,OK,1500,,,yes,fixed,not flagged; 10/7 note said later weeks must be added
counties_sc.sc_public_notices,mac,,probate,probate_notice:420;lis_pendens:207;foreclosure_sale:128;tax_sale:11;tax_lien:2,SC,18,Charleston|SC:155;Colleton|SC:127;Pickens|SC:107,768,77,1205,1210,mac_handoff_10_8:OK,100,,,,open:wall,"Mac lane, not deep-dived; detail page behind reCAPTCHA (card sc_notice_body); 3-page grid cap per search (extraction audit 10/7)."
counties_sc.spartanburg_vacant,vm,,code,unknown:4438,SC,1,Spartanburg|SC:4438,4438,261,4659,4659,OK,50,,,yes,complete,the split between no-owner and government-owner rows
counties.multi_year_delinquent_tax,vm,,tax,tax_lien:1115,NC;SC,3,Pickens|SC:741;Oconee|SC:298;Buncombe|NC:76,1115,333,2036,2032,OK,100,,,yes,complete,not flagged (lead_class tax; 2/3 of rows are SC)
counties_sc.florence_delinquent_tax,vm,,tax,tax_sale:1829,SC,1,Florence|SC:1829,1829,8,978,978,OK,0,,,yes,fixed,"978 now vs 1,829 on the board"
counties_sc.spartanburg_delinquent_tax,vm,,tax,tax_sale:1770,SC,1,Spartanburg|SC:1770,1770,325,1776,0,BLOCKED,1,"ZERO_NOW,LT_HALF,BELOW_EXPECTED",yes,yes,open:wall,"BLOCKED | manual: In a normal browser open https://www.spartanburgcounty.gov/DocumentCenter/View/11161/Real-Property-Tax-Sale-List-PDF and save the PDF; there is no file-drop input for this module today, so the practical path is the Mac lane above"
counties_sc.charleston_delinquent_tax,vm,,tax,tax_sale:1760,SC,1,Charleston|SC:1760,1760,4,1760,1760,OK,0,,,yes,open:owner,10/7 extraction audit section 3
counties_generic.arcgis_distress_layers,vm,,other,distressed:10127;tax_lien:3379;tax_sale:163,NC;SC,17,Spartanburg|SC:3449;Greenville|SC:2722;Buncombe|NC:1391,13669,803,14563,14538,OK,0,,,yes,fixed,"source_all_filtered warning (artifact: label vs slug); parcel_too_short on burke_storm_damage 415 (REID, a 5-digit Burke real-estate id, 0 of 456 rows carry a PIN) and lincoln_county_owned 62 (Lincoln short PID); new_hanover filter admitted Interior/Void/Withdrawn; spartanburg_property_cleanup is a static 2024 storm list (layer last edited 2025-04-10, 2,359 rows)"
counties_sc.sc_probate_notices,vm,,probate,probate_notice:909,SC,3,Pickens|SC:530;Cherokee|SC:237;Laurens|SC:142,909,0,879,890,OK,0,,,yes,fixed,"extraction audit 10/7 item; also the gated run's orchestrator.source_all_filtered for this slug (890 scraped, 0 survived) is a FALSE alarm: rows ship under sub-slugs counties_sc.sc_probate_notices.<paper> (909 on the 10/7 board) and the check compares exact slugs"
counties_generic.state_contamination,vm,,env,distressed:48804,NC,99,Mecklenburg|NC:3742;Guilford|NC:3704;Wake|NC:3230,48804,1030,53827,53827,OK,0,,,yes,open:wall,"layer nc_land_use_restrictions failed 'Token Required' (tolerated) | manual: None free: the NC DEQ LUR view requires an ArcGIS Online sign-in token. A person can browse NC DEQ's Land Use Restrictions search on deq.nc.gov by hand. A PUBLIC partial substitute exists on the same org and is not wired: NCBP_Feature_Point_View (NC Brownfields program, 1,589 rows, carries a LURU_Link column) -- adding it"
counties_sc.greenville_delinquent_tax,vm,,tax,tax_sale:688,SC,1,Greenville|SC:688,688,1660,1466,1177,OK,500,,,yes,fixed,"falling counts 1,937 -> 1,177"
counties_sc.sc_public_index_export,manual,,lis_pendens,lis_pendens:4,SC,1,Spartanburg|SC:4,4,43,513,,manual,0,,,,open:wall,manual court-export lane (SC Public Index bot check); 4 rows.
counties_nc.nc_county_csv_delinquent_tax,vm,,tax,tax_lien:1398,NC,1,New Hanover|NC:1398,1398,56,1404,1325,OK,0,,,yes,complete,"lead 'New Hanover endpoint fix': the endpoint is current and complete; the drop 1,404 -> 1,325 is the county's own list shrinking (payments)"
public_notices.nc_notices_counties,mac,,probate,probate_notice:535;foreclosure_sale:138;lis_pendens:86;tax_lien:27,NC,19,Buncombe|NC:195;Brunswick|NC:82;Gaston|NC:81,786,283,606,649,mac_handoff_10_8:OK,0,,,,open:wall,"Mac lane, not deep-dived; Details.aspx behind reCAPTCHA (card nc_notice_body); page caps 6/3/2 without a warning (extraction audit 10/7)."
national.zillow_foreclosures,mac,,foreclosure,unknown:56;foreclosure_sale:23;reo:7;lis_pendens:2,NC;SC,25,Onslow|NC:15;Horry|SC:13;Brunswick|NC:5,88,108,472,475,mac_handoff_10_8:OK,0,,,,,
counties_sc.dorchester_billtrax_delinquent_tax,vm,,tax,tax_lien:1306,SC,1,Dorchester|SC:1306,1306,0,1167,1167,PARTIAL,200,,,yes,fixed,"PARTIAL: 'bounded gap' at offset 17,000"
counties_nc.buncombe_delinquent_tax,vm,,tax,tax_lien:1182,NC,1,Buncombe|NC:1182,1182,68,1181,1181,OK,1,,,yes,open:time,"not flagged; a constant 1,181 for 11 runs means the same advertisement PDF (prior-year levy) -- expected until the county posts the next list"
counties_sc.greenville_mie_adverts,vm,,lis_pendens,lis_pendens:324,SC,1,Greenville|SC:324,324,8,400,400,OK,0,,,yes,complete,extraction audit 10/7 item: 400-of-773 sitemap cap and attorney/judgment/deposit fields
counties_sc.sc_public_index_lis_pendens,mac,,lis_pendens,lis_pendens:362,SC,7,Anderson|SC:125;Spartanburg|SC:107;Pickens|SC:36,362,143,217,219,mac_handoff_10_8:OK,5,,,,open:wall,"stealth path on the Mac, record only (card sc_publicindex)."
counties_sc.dillon_delinquent_tax,vm,,tax,tax_sale:843,SC,1,Dillon|SC:843,843,113,343,0,TIMEOUT,100,"ZERO_NOW,LT_HALF,TIMEOUT,BELOW_EXPECTED",yes,yes,fixed,TIMEOUT
counties_sc.spartanburg_condemned,vm,,code,unknown:1754,SC,1,Spartanburg|SC:1754,1754,289,1764,1764,OK,200,,,yes,complete,
counties_nc.mcdowell_probate,vm,,probate,estate_lead:391,NC,1,McDowell|NC:391,391,18,414,414,OK,0,,,yes,open:time,not flagged
courtlistener.recap,manual,,bankruptcy,bankruptcy:737,NC;SC,2,?|SC:397;?|NC:340,737,0,737,,manual,0,,,,open:owner,"manual RECAP ingest (737 rows), not re-read by any run."
counties.sitemap_walker,vm,,foreclosure,foreclosure_sale:3;unknown:1,SC,1,Anderson|SC:4,4,0,253,253,OK,5,,,,,
counties_nc.gastonia_code_enforcement,vm,,code,unknown:1176,NC,1,Gaston|NC:1176,1176,314,1493,1497,OK,25,,,yes,complete,whether any gastonia_code.leaf event of the run reported a capped leaf at the minimum cell (VM log not read)
counties_sc.sc_probate_net,vm,,probate,probate_notice:373,SC,3,Charleston|SC:253;Dorchester|SC:101;York|SC:19,373,0,357,357,OK,0,,,yes,fixed,not flagged; audited as a probate source (lead value)
counties_sc.oconee_flc_assignment,vm,,tax,tax_sale:585,SC,1,Oconee|SC:585,585,1,585,585,OK,1,,,yes,complete,not flagged
counties_sc.cherokee_delinquent_tax,vm,,tax,tax_sale:325,SC,1,Cherokee|SC:325,325,208,528,528,OK,0,,,yes,fixed,"OCR 503 errors on TAX-SALE-TAB.pdf (a flyer, so nothing lost this run)"
counties_sc.sc_ust_registry,vm,,env,distressed:16104,SC,46,Greenville|SC:1294;Charleston|SC:1089;Spartanburg|SC:1080,16104,238,18407,18407,OK,0,,,yes,open:owner,"extraction_audit s3: detail page (tanks, releases, inspection)"
city_websites.charlotte_open_data,vm,,other,distressed:4538,NC,1,Mecklenburg|NC:4538,4538,48,3058,3122,OK,0,,,yes,open:shared_file,extraction_audit s3: closed cases stay on the board
national.homepath_json,vm,,reo,reo:279,NC;SC,14,Spartanburg|SC:115;Anderson|SC:53;Laurens|SC:32,279,3,1102,2098,OK,0,,,yes,fixed,retail ListHub listings published as REO (same defect c33369b5 fixed in fannie_homepath)
counties_nc.buncombe_elderly,vm,,elderly,elderly_disabled:4322,NC,1,Buncombe|NC:4322,4322,705,4352,4352,OK,2000,,,yes,open:time,"not flagged (expected_min 2,000 met)"
counties_nc.transylvania_delinquent_tax,vm,,tax,tax_lien:402,NC,2,Transylvania|NC:401;Henderson|NC:1,402,68,241,241,OK,0,,,yes,open:time,extraction audit 3 'LEGAL_ADDR as street_address' belongs to counties_nc.transylvania_vacant (not this group); this source sets street_address=None and resolves situs from parcel_id
national.foreclosure_dot_com,vm,,foreclosure,foreclosure_sale:139,NC;SC,9,Anderson|SC:56;Spartanburg|SC:33;Cleveland|NC:17,139,868,0,0,BLOCKED,0,DEAD_STREAK,,yes,open:wall,"DEAD_STREAK: AWS load-balancer 403 'VPN or proxy' block on the whole site (homepage too), from the VM and from the Mac with a plain client. Not a moved URL. The VM run spent 456 s asking all 37 URLs (2 search_failed + 35 city_failed events), each retried 3x inside get_text_impersonate. | manual: On a home connection with no VPN, open https://www.foreclosure.com/listing/search?q=South%20Carolina&pa"
newspapers.aiken_standard,vm,,lis_pendens,lis_pendens:55,SC,1,Aiken|SC:55,55,0,137,137,OK,0,,,yes,open:rate_limit,"scraped 137 vs board 55. By main.py reading: aiken_standard is in DATELESS_OK_SOURCES (no-sale-date summonses kept); _active_only drops rows whose parsed sale date is > 14 days past (SC window) or > 120 days out; Listing.dedupe_key collapses rows sharing a parcel/address/case number, so the same case published in several weeks/feeds, or also seen from another source (47 of 55 board rows are), land"
national.hubzu,vm,,foreclosure,foreclosure_sale:12;reo:3;auction:2,NC;SC,10,Spartanburg|SC:6;Laurens|SC:3;Transylvania|NC:1,17,14,136,133,OK,0,,,,,
public_notices.gannett_obituaries,vm,,probate,probate_notice:212,NC;SC,7,Rutherford|NC:50;Buncombe|NC:41;Anderson|SC:34,212,112,89,39,OK,0,LT_HALF,,yes,fixed,"LT_HALF: rate limit, triggered by our own request pattern, not a layout change. The 7 Gannett papers share one per-IP limit: live from the Mac with HEAD code (detail cap 1, TownNews host left out) 2 papers read, then 429 on the other 5 list pages within ~3 s (40 rows). The old loop never spaced different hosts and put ~20 detail GETs between list pages (detail fetch added 2026-10-01, when the coun"
counties_sc.sc_rod_acclaim,vm,,probate,probate_notice:169;tax_lien:41,SC,1,Pickens|SC:210,210,39,121,126,OK,0,,,yes,complete,not flagged
counties_sc.georgetown_civicengage,vm,,tax,tax_sale:354,SC,1,Georgetown|SC:354,354,2,355,366,OK,5,,,yes,fixed,VM 366 vs 421 locally
counties_sc.sc_state_tax_lien,mac,,tax,tax_lien:319,SC,40,Horry|SC:43;Charleston|SC:41;Greenville|SC:31,319,17,333,333,mac_handoff_10_8:OK,0,,,,,"Mac lane, not deep-dived (333 rows in both hand-offs)."
counties_nc.nc_rod_substitute_trustee,vm,,lis_pendens,lis_pendens:48;foreclosure_sale:3,NC,2,Buncombe|NC:45;Polk|NC:6,51,0,119,122,OK,0,,,yes,open:time,122 scraped -> 51 on board | manual: Rutherford: deed search needs an account login at https://cotthosting.com/NCRUTHERFORDEXTERNAL/ (a person searches by recording date in a browser).
national.courtlistener_adversary,vm,,lis_pendens,lis_pendens:3,NC,3,Buncombe|NC:1;Henderson|NC:1;Durham|NC:1,3,3,118,167,OK,0,,,yes,open:shared_file,"167 scraped -> 3 on board: rows carry no county (only org debtors named for a town get one) and enrichment_bankruptcy_property never targets this source (its filter requires 'bankrupt' in the source slug), so main.py _countyless_national drops ~all of them by design."
counties_nc.asheville_helene,vm,,code,distressed:735,NC,1,Buncombe|NC:735,735,92,652,652,OK,50,,,yes,complete,board: 652 of 735 rows have neither address nor parcel (geo-only layer)
national.usda_properties,vm,,reo,reo:731,SC,7,Spartanburg|SC:125;Anderson|SC:118;Laurens|SC:112,731,38,336,0,TIMEOUT,0,"ZERO_NOW,LT_HALF,TIMEOUT",yes,yes,fixed,TIMEOUT (alternate runs since the 2026-10-04 detail pages; no partial salvage)
counties_sc.sc_catalis_delinquent_roll,vm,,tax,tax_sale:63,SC,1,Pickens|SC:63,63,27,318,321,TIMEOUT_PARTIAL,0,TIMEOUT_PARTIAL,yes,yes,open:rate_limit,"TIMEOUT_PARTIAL; same deterministic order every run, so the same prefixes are read each time"
public_notices.funeral_home_rss,vm,,probate,probate_notice:170,NC;SC,9,Anderson|SC:22;Cabarrus|NC:20;Wilson|NC:20,170,20,0,0,TIMEOUT,0,"TIMEOUT,DEAD_STREAK",yes,yes,fixed,"TIMEOUT + DEAD_STREAK: sequential hosts + rows returned only at the end, so the soft timeout threw away 8 finished hosts' rows (VM 2026-10-08)."
law_firms.shapiro_ingle_powerbi,vm,,foreclosure,foreclosure_sale:77,NC,10,Gaston|NC:24;Buncombe|NC:15;Cleveland|NC:12,77,9,102,102,OK,0,,,yes,complete,102 scraped -> 77 on board
national.auction_dot_com,mac,,foreclosure,auction:11;reo:9;foreclosure_sale:1,NC;SC,9,Anderson|SC:6;Spartanburg|SC:4;Cleveland|NC:4,21,12,99,108,mac_handoff_10_8:OK,0,,,,,
public_notices.publicnoticesc,vm,,foreclosure,foreclosure_sale:1,SC,1,Laurens|SC:1,1,0,98,101,OK,0,,,,,
counties_sc.oconee_forfeited_land,vm,,tax,tax_sale:257,SC,1,Oconee|SC:257,257,108,257,488,OK,1,,,yes,complete,not flagged
law_firms.mcmichael_taylor_gray,mac,,foreclosure,foreclosure_sale:6,NC;SC,5,Spartanburg|SC:2;Cherokee|SC:1;Anderson|SC:1,6,3,85,85,mac_handoff_10_8:OK,0,,,,,
counties_sc.spartan_weekly_legals,vm,,probate,probate_notice:74;foreclosure_sale:40;lis_pendens:14,SC,1,Spartanburg|SC:128,128,183,117,105,OK,0,,,yes,complete,"declining 138 -> 105: the site lists about two weeks of notices (oldest Sept 24 on 10/8); the count follows the site's volume, not a code change."
law_firms.kania,vm,,tax,tax_sale:177,NC,22,Caldwell|NC:26;Harnett|NC:17;Burke|NC:15,177,15,224,223,OK,1,,,yes,complete,223 scraped -> 177 on board
newspapers.berkeley_independent,vm,,lis_pendens,lis_pendens:40,SC,1,Berkeley|SC:40,40,0,76,53,OK,0,,,,,
law_firms.hutchens,mac,,foreclosure,foreclosure_sale:43,NC;SC,13,Spartanburg|SC:10;Cherokee|SC:6;Lincoln|NC:5,43,35,68,68,mac_handoff_10_8:OK,20,,,,,
public_notices.ncnotices,mac,,probate,probate_notice:31;divorce_notice:6;foreclosure_sale:1,NC,5,Buncombe|NC:24;Mecklenburg|NC:9;Burke|NC:2,38,32,106,129,mac_handoff_10_8:OK,0,,,,open:wall,"Mac lane, not deep-dived; detail page reCAPTCHA."
law_firms.brock_scott,mac,,foreclosure,foreclosure_sale:45,NC;SC,16,Spartanburg|SC:11;Gaston|NC:7;Burke|NC:5,45,66,60,62,mac_handoff_10_8:OK,20,,,,,
counties_sc.pickens_tax_sale,vm,,tax,,,0,,0,160,160,160,OK,0,ZERO_ON_BOARD,,,,
national.xome,mac,,foreclosure,foreclosure_sale:7;reo:2,NC;SC,6,Anderson|SC:3;Spartanburg|SC:2;Laurens|SC:1,9,17,54,52,mac_handoff_10_8:OK,0,,,,,
counties.nod_discovery,vm,,lis_pendens,lis_pendens:53,NC,3,Buncombe|NC:44;Polk|NC:7;Cleveland|NC:2,53,2,48,49,OK,0,,,yes,open:time,not flagged; looked at because it overlaps nc_rod_substitute_trustee
national.realtor_foreclosures,vm,,foreclosure,foreclosure_sale:3;lis_pendens:1;auction:1;reo:1,NC;SC,4,Spartanburg|SC:2;Georgetown|SC:2;Catawba|NC:1,6,8,50,53,OK,0,,,,,
counties_sc.charleston_mie,vm,,lis_pendens,lis_pendens:27,SC,1,Charleston|SC:27,27,2,48,36,OK,3,,,yes,complete,48 -> 27
national.estate_sales,mac,,probate,estate_lead:74,NC;SC,16,Buncombe|NC:15;Mecklenburg|NC:13;Cleveland|NC:10,74,12,36,35,mac_handoff_10_8:OK,0,,,,,
national.homeharvest,vm,,foreclosure,foreclosure_sale:41,NC;SC,15,Anderson|SC:9;Spartanburg|SC:8;Oconee|SC:4,41,6,43,43,OK,10,,,yes,fixed,
law_firms.zacchaeus,mac,,tax,tax_sale:43,NC,10,Robeson|NC:10;Cabarrus|NC:6;Guilford|NC:6,43,12,117,117,mac_handoff_10_8:OK,0,,,,,
national.servicelink_auction,vm,,foreclosure,auction:14,NC;SC,9,Spartanburg|SC:3;Buncombe|NC:3;Laurens|SC:2,14,22,41,41,OK,0,,,,,
national.hud_reac_inspection,vm,,other,distressed:965,NC;SC,54,Mecklenburg|NC:105;Wake|NC:63;Guilford|NC:58,965,73,866,862,OK,0,,,yes,complete,source total not measured
counties_sc.york_overage_claims,vm,,tax,tax_sale_overage:107,SC,1,York|SC:107,107,2,107,0,ZERO_RESULT,50,"ZERO_NOW,LT_HALF,BELOW_EXPECTED",yes,yes,fixed,ZERO_RESULT (fetch_fail 403)
counties_generic.epa_frs_sites,vm,,env,distressed:3608,NC;SC,142,Cumberland|NC:216;Greenville|SC:179;Mecklenburg|NC:160,3608,50,3714,3714,OK,0,,,yes,fixed,extraction_audit s3: rows dropped on county-name variants
counties_sc.pickens_master_in_equity,mac,,foreclosure,foreclosure_sale:20,SC,1,Pickens|SC:20,20,18,34,34,mac_handoff_10_8:OK,0,,,,,
counties_nc.nc_county_tax_foreclosure,mac,,tax,tax_sale:3,NC,1,Rutherford|NC:3,3,9,91,91,mac_handoff_10_8:OK,0,,,,,
law_firms.rogers_townsend,vm,,foreclosure,foreclosure_sale:12,SC,5,Spartanburg|SC:7;Anderson|SC:2;Oconee|SC:1,12,10,32,0,ZERO_RESULT,0,"ZERO_NOW,LT_HALF",yes,yes,fixed,"ZERO_NOW/LT_HALF: one failed or empty fetch of the SC report returned a clean ZERO_RESULT (no retry, no reason, no carryover because expected_min_count was 0). History shows the same pattern before: [18,22,3,27,0,25,27,15,15,37,32,0]."
counties_nc.henderson_code_violations,vm,,code,unknown:193,NC,1,Henderson|NC:193,193,5,172,177,OK,25,,,yes,complete,
counties_nc.nc_rod_logan,vm,,lis_pendens,lis_pendens:26;foreclosure_sale:5,NC,3,McDowell|NC:16;Transylvania|NC:12;Mitchell|NC:3,31,5,27,27,OK,0,,,,,
reo.vrm_va_reo,vm,,reo,reo:13,NC;SC,5,Spartanburg|SC:5;Gaston|NC:3;Laurens|SC:3,13,23,190,191,OK,0,,,,,re-enabled 2026-06-29; previously disabled for the 2026-06-27 concurrent hang.
counties_nc.gaston_tax_foreclosures,vm,,tax,,,0,,0,1,81,81,OK,0,ZERO_ON_BOARD,,yes,complete,ZERO_ON_BOARD: no live Gaston tax sale; history rows are dropped as terminal/past
counties_sc.anderson_master_in_equity,vm,,foreclosure,foreclosure_sale:28,SC,1,Anderson|SC:28,28,10,26,23,OK,5,,,yes,fixed,"10/7 extraction audit open item 'results/deficiency PDFs, real sale time' (deficiency upcoming PDFs were already fixed in 584bba59)."
counties_nc.asheville_str_permits,vm,,other,unknown:639,NC,1,Buncombe|NC:639,639,25,672,672,OK,20,,,yes,fixed,"parcel_too_short 620: apn/parcel_number is the city permit system's own key (matches no Buncombe pin, pinnum or AccountNumber; checked by spatial lookup), not a PIN"
counties_sc.calhoun_overage_claims,vm,,tax,tax_sale_overage:67,SC,1,Calhoun|SC:67,67,7,74,74,OK,40,,,yes,complete,"not flagged; same bare UA as York/Orangeburg, hardened in 7b5369ac"
counties_sc.sc_flc,vm,,tax,tax_sale:73,SC,1,Anderson|SC:73,73,0,0,0,BLOCKED,0,DEAD_STREAK,,yes,fixed,DEAD_STREAK
national.nc_upset_bids,vm,,tax,tax_sale:29,NC,7,Harnett|NC:9;Rowan|NC:8;Person|NC:4,29,29,73,72,OK,1,,,yes,complete,73 scraped -> 29 on board; 10/7 audit item 'real sale time'
newspapers.journal_scene,vm,,lis_pendens,lis_pendens:14,SC,1,Dorchester|SC:14,14,0,25,0,BLOCKED,0,"ZERO_NOW,LT_HALF",yes,yes,open:rate_limit,"TownNews (BLOX) papers answer HTTP 429 'Too Many Requests' (text/plain, request id, no Retry-After). On the VM the TownNews scrapers run within the same minute (aiken_standard 02:03:14 got 137, then carolina_coast/journal_scene/index_journal/post_and_courier 02:03:29-02:04:03 all BLOCKED); obituary_feeds' two TownNews hosts were already 429 at 02:00:42. Each 429 was retried 3x inside get_text and "
counties_nc.nc_civicplus_tax_sale,mac,,tax,,,0,,0,0,62,62,mac_handoff_10_8:PARTIAL,0,ZERO_ON_BOARD,,,,
counties_sc.fairfield_overage_claims,vm,,tax,tax_sale_overage:60,SC,1,Fairfield|SC:60,60,0,60,60,OK,30,,,yes,complete,not flagged; UA hardened in 7b5369ac
counties_sc.terry_howe_flc,vm,,tax,tax_sale:54,SC,4,Chester|SC:25;Laurens|SC:15;Spartanburg|SC:8,54,3,54,54,OK,0,,,yes,complete,not flagged (checked as part of the group)
counties_nc.cleveland_tax,vm,,lis_pendens,lis_pendens:6;tax_sale:3,NC,1,Cleveland|NC:9,9,9,17,10,OK,3,,,yes,open:time,not flagged (10 >= half of 17)
national.hibid_real_estate,vm,,foreclosure,auction:5,NC,4,McDowell|NC:2;Lincoln|NC:1;Rutherford|NC:1,5,1,17,18,OK,0,,,,,
counties_sc.spartanburg_city_condemned,vm,,code,unknown:84,SC,1,Spartanburg|SC:84,84,11,90,90,OK,60,,,yes,complete,
national.distressed,vm,,listing,distressed:1402;lis_pendens:35;tax_sale:1;foreclosure_sale:1;reo:1,NC;SC,69,Guilford|NC:113;Cumberland|NC:103;Forsyth|NC:75,1440,126,1358,1218,OK,5,,,yes,fixed,extraction_audit s3
counties_nc.buncombe_tax,vm,,tax,tax_sale:24,NC,1,Buncombe|NC:24,24,16,38,38,OK,1,,,yes,complete,not flagged
national.zillow_bulk,mac,,reo,reo:12,NC;SC,7,Anderson|SC:4;Gaston|NC:2;Pickens|SC:2,12,22,82,82,mac_handoff_10_8:OK,0,,,,,
law_firms.bell_carrington,vm,,foreclosure,foreclosure_sale:9,NC;SC,4,Spartanburg|SC:6;Pickens|SC:1;Gaston|NC:1,9,15,12,51,OK,30,,,yes,complete,"scraped 51 vs 9 on board, expected_min 30"
counties_nc.lincoln_code_violations,vm,,code,unknown:6,NC,1,Lincoln|NC:6,6,64,63,63,OK,0,,,yes,complete,
counties_sc.horry_flc,vm,,tax,tax_sale:23,SC,1,Horry|SC:23,23,14,20,20,OK,0,,,yes,complete,not flagged
counties_nc.hendersonville_vacant_structures,vm,,code,unknown:48,NC,1,Henderson|NC:48,48,7,51,51,OK,40,,,yes,complete,
counties_sc.beaufort_flc,vm,yes,tax,tax_sale:22,SC,1,Beaufort|SC:22,22,0,0,,DISABLED,0,DISABLED,,,disabled,"CATALOG_URL is a closed 2017 Proxibid auction (page itself says 'Auction closed.'; sampled lots show 'PASSED'/'Sold for: USD ...' 9-year-old outcomes, not live inventory); no newer Beaufort FLC Proxibid catalog found (Proxibid + web search); county's own current page (AUTHORITATIVE_SOURCE_URL) state"
counties_sc.sc_county_rosters,mac,,foreclosure,foreclosure_sale:8,SC,2,Oconee|SC:6;Laurens|SC:2,8,2,5,5,mac_handoff_10_8:OK,0,,,,,
national.fannie_homepath,vm,,reo,reo:9,NC;SC,7,Gaston|NC:2;Rutherford|NC:2;Pickens|SC:1,9,101,45,45,OK,0,,,yes,complete,45 after c33369b5: verify
national.fema_disasters,vm,,other,distressed:15,NC;SC,12,Brunswick|NC:2;Swain|NC:2;Pickens|SC:2,15,6,177,177,OK,0,,,,,
national.bid4assets,vm,,tax,tax_sale:19,NC;SC,19,Harnett|NC:1;Randolph|NC:1;Guilford|NC:1,19,0,19,18,OK,0,,,,,
national.landandfarm,mac,,listing,unknown:426,NC;SC,20,Henderson|NC:37;Polk|NC:36;Buncombe|NC:32,426,199,650,650,mac_handoff_10_8:OK,0,,,,,
national.landwatch,mac,,listing,unknown:551,NC;SC,26,Burke|NC:46;Horry|SC:36;McDowell|NC:35,551,665,650,650,mac_handoff_10_8:OK,0,,,,,
counties_sc.sc_rod_cott,vm,,probate,probate_notice:2,SC,1,Union|SC:2,2,0,10,10,OK,0,,,,,
counties_nc.cleveland_tax_foreclosure,vm,,tax,,,0,,0,2,17,10,OK,0,ZERO_ON_BOARD,,,,
national.auction_bank_reo,vm,,foreclosure,,,0,,0,0,6,3,OK,0,ZERO_ON_BOARD,,,,
counties_nc.henderson_foreclosure_parcels,vm,,tax,tax_sale:14,NC,1,Henderson|NC:14,14,3,15,15,OK,3,,,,,
counties_nc.henderson_tax,vm,,tax,,,0,,0,2,15,15,OK,0,ZERO_ON_BOARD,,yes,complete,ZERO_ON_BOARD: the county has not posted a sale after 2026-05-27
counties_nc.edgecombe_tax_foreclosure,vm,,tax,tax_sale:14,NC,1,Edgecombe|NC:14,14,0,0,0,BLOCKED,0,DEAD_STREAK,,yes,open:wall,"DEAD_STREAK: 403 from www.edgecombecountync.gov to the VM (edgecombe_tax.fetch_fail) | manual: Open https://www.edgecombecountync.gov/businesses/tax_collector/tax_foreclosure_list.php in a normal browser and save the page (HTML). In a normal browser on a home connection open the page (no challenge is shown, plain 200). Either the owner approves routing this scraper to the Mac hand-off lane (one li"
newspapers.post_and_courier,vm,,lis_pendens,lis_pendens:4,SC,1,Charleston|SC:4,4,1,4,0,BLOCKED,0,"ZERO_NOW,LT_HALF",yes,yes,open:rate_limit,"TownNews (BLOX) papers answer HTTP 429 'Too Many Requests' (text/plain, request id, no Retry-After). On the VM the TownNews scrapers run within the same minute (aiken_standard 02:03:14 got 137, then carolina_coast/journal_scene/index_journal/post_and_courier 02:03:29-02:04:03 all BLOCKED); obituary_feeds' two TownNews hosts were already 429 at 02:00:42. Each 429 was retried 3x inside get_text and "
counties_nc.nc_bankruptcy_sales,vm,,foreclosure,,,0,,0,0,3,3,OK,0,ZERO_ON_BOARD,,,,
counties_nc.nc_govdeals_real_property,vm,,foreclosure,auction:1,SC,1,Anderson|SC:1,1,0,3,3,OK,0,,,,,
counties_nc.cumberland_tax_foreclosure,vm,,tax,tax_sale:4,NC,1,Cumberland|NC:4,4,0,8,6,OK,0,,,,,
national.craigslist_fsbo,vm,,listing,,,0,,0,0,247,253,OK,0,ZERO_ON_BOARD,,,,
national.trulia,mac,,reo,reo:5;auction:4,SC,1,Spartanburg|SC:9,9,13,14,13,mac_handoff_10_8:OK,0,,,,,
counties_sc.sc_coastal_rosters,mac,,other,,,0,,0,0,54,54,mac_handoff_10_8:OK,0,ZERO_ON_BOARD,,,,
counties_nc.brunswick_legal_notices,vm,,tax,tax_sale:5,NC,1,Brunswick|NC:5,5,0,5,5,OK,0,,,,,
counties_nc.nc_coastal_tax_foreclosure,vm,,tax,,,0,,0,1,5,5,OK,0,ZERO_ON_BOARD,,,,
counties_sc.spartanburg_flc,vm,,tax,tax_sale:5,SC,1,Spartanburg|SC:5,5,2,0,0,BLOCKED,0,DEAD_STREAK,,yes,open:wall,DEAD_STREAK | manual: Open the Spartanburg County FLC list on spartanburgcounty.gov in a normal browser
national.first_citizens_reo,mac,,reo,reo:2,NC,2,New Hanover|NC:1;Carteret|NC:1,2,0,11,11,mac_handoff_10_8:OK,0,,,,,
national.hud_section8_contracts,vm,,other,distressed:32,NC;SC,15,Spartanburg|SC:6;Burke|NC:3;Gaston|NC:3,32,167,40,0,ZERO_RESULT,100,"ZERO_NOW,LT_HALF,BELOW_EXPECTED",yes,yes,open:owner,"ZERO_RESULT: the VM fetch returned nothing (hud.gov is Cloudflare-fronted; suspected datacenter block, not verified) | manual: owner call: widen to in_scope_distressed (all NC/SC, ~1,309 subsidized MF properties) or only statewide rows whose contract expires within 365 days (raw.section8.expiring_soon); recommendation: the latter"
counties_nc.buncombe_tax_foreclosure,vm,,tax,,,0,,0,0,4,4,OK,0,ZERO_ON_BOARD,,yes,open:time,ZERO_ON_BOARD: likely past upset deadlines / REDEEMED (terminal) -> _active_only; not verified
counties_nc.wake_tax_foreclosure,vm,,tax,tax_sale:3,NC,1,Wake|NC:3,3,0,4,4,OK,0,,,,,
derived.probate_deed,manual,,probate,probate_notice:2,SC,1,Pickens|SC:2,2,0,2,,manual,0,,,,,
counties_sc.richland_flc,vm,,tax,tax_sale:3,SC,1,Richland|SC:3,3,0,3,3,OK,0,,,yes,complete,not flagged
counties_nc.new_hanover_foreclosures,vm,,foreclosure,,,0,,0,0,1,1,OK,0,ZERO_ON_BOARD,,,,
counties_nc.rutherford_foreclosure,vm,,foreclosure,,,0,,0,1,0,0,BLOCKED,0,"ZERO_ON_BOARD,DEAD_STREAK",,yes,open:wall,"ZERO_ON_BOARD / DEAD_STREAK: 403 to the VM (rutherford_foreclosure.in_office_failed / kania_failed) | manual: Open .../revenue_department_tax_administrator/foreclosure_information/in_office_current_and_upcoming... and .../outside_law_(kania_law_firm) on rutherfordcountync.gov in a normal browser and save both pages. In a normal browser on a home connection open the page (no challenge is shown, pla"
counties_nc.wnc_rod_foreclosure_starts,vm,,foreclosure,,,0,,0,0,0,0,TIMEOUT,0,"TIMEOUT,ZERO_ON_BOARD,DEAD_STREAK",yes,yes,fixed,TIMEOUT + DEAD_STREAK: rows only existed in a local list; safe_run had nothing to salvage
counties_sc.anderson_sheriff,vm,,foreclosure,,,0,,0,0,0,0,NET_TIMEOUT,0,"NET_TIMEOUT,ZERO_ON_BOARD",,yes,open:no_source,NET_TIMEOUT: the old host does not accept connections; the replacement site publishes no sheriff-sale list. Anderson foreclosure sales are covered by counties_sc.anderson_master_in_equity.
counties_sc.bamberg_sheriff,vm,,foreclosure,,,0,,0,0,0,0,ZERO_RESULT,0,ZERO_ON_BOARD,,,,
counties_sc.barnwell_sheriff,vm,,foreclosure,,,0,,0,0,0,0,ZERO_RESULT,0,ZERO_ON_BOARD,,,,
counties_sc.dillon_sheriff,vm,,foreclosure,,,0,,0,0,0,0,ZERO_RESULT,0,"ZERO_ON_BOARD,DEAD_STREAK",,yes,open:no_source,DEAD_STREAK
counties_sc.meares_auctions,vm,,foreclosure,,,0,,0,0,0,0,ZERO_RESULT,0,"ZERO_ON_BOARD,DEAD_STREAK",,yes,complete,ZERO streak (status EMPTY verified)
counties_sc.spartanburg_master_in_equity,vm,,foreclosure,,,0,,0,20,0,0,BLOCKED,5,"ZERO_ON_BOARD,BELOW_EXPECTED,DEAD_STREAK",,yes,open:wall,"BLOCKED: Cloudflare blocks scripted requests from both the datacenter VM and the residential Mac. | manual: Monthly, in Chrome on the Mac: open https://www.spartanburgcounty.gov/DocumentCenter/View/3392 and https://www.spartanburgcounty.gov/DocumentCenter/View/11824 (if Chrome also shows the block page, use a phone on cellular data or retry the next day). Save each PDF (File > Save) into ~/Downloa"
manual.watchlist,manual,,foreclosure,foreclosure_sale:1,NC,1,Rutherford|NC:1,1,0,1,,manual,0,,,,,
national.irs_judicial_sales,vm,,foreclosure,,,0,,0,0,1,1,OK,0,ZERO_ON_BOARD,,,,
national.probate_foreclosure_leads,vm,yes,foreclosure,,,0,,0,0,0,,DISABLED,0,DISABLED,,,disabled,"paid Apify actor (jungle_synthesizer/probate-foreclosure-leads-scraper), opted out; signal captured via law_firms.* + public_notices.ncnotices instead"
national.sheriff_sales,vm,,foreclosure,,,0,,0,5,0,1,OK,0,ZERO_ON_BOARD,,,,
newspapers.index_journal,vm,,lis_pendens,lis_pendens:1,SC,1,Greenwood|SC:1,1,0,0,0,BLOCKED,0,DEAD_STREAK,,yes,open:rate_limit,"TownNews (BLOX) papers answer HTTP 429 'Too Many Requests' (text/plain, request id, no Retry-After). On the VM the TownNews scrapers run within the same minute (aiken_standard 02:03:14 got 137, then carolina_coast/journal_scene/index_journal/post_and_courier 02:03:29-02:04:03 all BLOCKED); obituary_feeds' two TownNews hosts were already 429 at 02:00:42. Each 429 was retried 3x inside get_text and "
national.seeclickfix,vm,,other,,,0,,0,0,21,6,OK,0,"LT_HALF,ZERO_ON_BOARD",,yes,open:owner,"fetch_fail with an empty error on 13 of 20 cities (the exception text is empty, e.g. a timeout or a reset); 0 survive because national.seeclickfix is not in main.DATELESS_OK_SOURCES (its rows have no sale_date) | manual: owner decision on the robots-named host (SOURCE_REGISTER s4)"
counties_nc.nc_ecourts_estates,mac,,probate,,,0,,0,0,0,0,mac_handoff_10_8:BLOCKED,0,ZERO_ON_BOARD,,,,
counties_sc.horry_probate,vm,,probate,,,0,,0,0,,3997,OK,0,ZERO_ON_BOARD,,yes,complete,ZERO_ON_BOARD only because the source is new
counties_sc.sc_des_brownfields,mac,,env,distressed:65,SC,3,?|SC:62;Richland|SC:2;Jasper|SC:1,65,0,65,66,mac_handoff_10_8:OK,0,,,,,
national.cws_marketing,vm,,other,,,0,,0,0,16,17,OK,0,ZERO_ON_BOARD,,,,
national.legacy_obituaries,vm,yes,probate,,,0,,0,0,0,,DISABLED,0,DISABLED,,,disabled,confirmed garbage emitter 2026-09-15: stateId does not scope results (NC search returned FL/CT/NZ obituaries); needs the real numeric stateId values before this can be re-enabled
public_notices.echovita_obituaries,vm,,probate,,,0,,0,0,,576,OK,0,ZERO_ON_BOARD,,yes,fixed,"ZERO_ON_BOARD: new source, board 10/7 predates its first run; count 576 sits exactly on the cap."
public_notices.obituary_feeds,vm,,probate,,,0,,0,0,,40,OK,0,ZERO_ON_BOARD,,yes,open:rate_limit,"ZERO_ON_BOARD: new source (first run 10/8). 2 of 6 feeds rate-limited (TownNews 429), recorded by the module as walled for the run. | manual: walls_register card 'obits' already covers it (open the paper's obituary page in Chrome and copy survivors into CRM notes, privately)."
public_notices.publicnoticesc_estates,vm,,probate,,,0,,0,0,,0,ZERO_RESULT,0,ZERO_ON_BOARD,,yes,open:time,"ZERO_ON_BOARD: new source; the VM's first run returned 0 with the reason swallowed (per-preset errors went only into info-level stats). It ran 2 s after public_notices.publicnoticesc on the same host, which returned 101. | manual: For the representative: walls_register card sc_notice_body (open https://www.scpublicnotices.com/ in Chrome, run Popular Searches 'Notice to Creditors', open a notice, p"
counties_nc.nc_deq_dsca,vm,,env,distressed:51,NC,11,Buncombe|NC:13;Gaston|NC:10;Lincoln|NC:7,51,6,57,57,OK,0,,,,,
national.cash_buyer_deeds,vm,,other,unknown:12,NC,2,McDowell|NC:10;Burke|NC:2,12,8,0,0,TIMEOUT,0,"TIMEOUT,DEAD_STREAK",yes,yes,fixed,"TIMEOUT, DEAD_STREAK: sequential county sweeps with no salvage; Buncombe's Aumentum host answers with a login wall (aumentum.login_wall x3 in the run)"
national.hud_homestore,vm,,reo,reo:3,NC;SC,3,Gaston|NC:1;Spartanburg|SC:1;Oconee|SC:1,3,8,0,0,TIMEOUT,0,"TIMEOUT,DEAD_STREAK",yes,yes,fixed,"TIMEOUT, DEAD_STREAK: one broker page per listing since 2026-10-04 pushed it past 60 s with no salvage"
counties_nc.cumberland_delinquent_tax,vm,,tax,,,0,,0,0,,3755,OK,0,ZERO_ON_BOARD,,yes,complete,ZERO_ON_BOARD only because the 10-07 board predates the source (added 2026-10-07; already in main.DATELESS_OK_SOURCES)
counties_nc.guilford_tax_foreclosures,vm,,tax,,,0,,0,0,,930,OK,0,ZERO_ON_BOARD,,yes,complete,ZERO_ON_BOARD only because the 10-07 board predates the source (added 2026-10-07; already in main.DATELESS_OK_SOURCES)
counties_nc.haywood_tax_foreclosures,vm,,tax,tax_sale:1,NC,1,Haywood|NC:1,1,0,1,1,OK,0,,,yes,complete,not flagged
counties_nc.iredell_delinquent_tax,vm,,tax,,,0,,0,0,,2366,OK,0,ZERO_ON_BOARD,,yes,open:time,ZERO_ON_BOARD only because the 10-07 board predates the source (added 2026-10-07; already in main.DATELESS_OK_SOURCES)
counties_nc.mcdowell_tax_foreclosure,vm,,tax,,,0,,0,0,1,1,OK,0,ZERO_ON_BOARD,,,,
counties_nc.mecklenburg_delinquent_tax,vm,,tax,,,0,,0,0,,0,ZERO_RESULT,0,ZERO_ON_BOARD,,yes,open:owner,ZERO_RESULT by design: OFF until the owner accepts the geocode cost
counties_nc.mecklenburg_tax_foreclosures,vm,,tax,,,0,,0,0,,618,OK,0,ZERO_ON_BOARD,,yes,complete,ZERO_ON_BOARD only because the 10-07 board predates the source (added 2026-10-07; already in main.DATELESS_OK_SOURCES)
counties_nc.nc_tax_lien_ads,vm,,tax,,,0,,0,0,,10171,OK,0,ZERO_ON_BOARD,,yes,open:wall,"ZERO_ON_BOARD only because the board predates the source; Lee layer_harvest.layer_failed HTTP 403 | manual: Open https://leecountync.gov/2025%20Delinquent%20Real%20Property%2001.22.2026.pdf in a normal browser and save it. In a normal browser on a home connection open the page (no challenge is shown, plain 200). Either the owner approves routing this scraper to the Mac hand-off lane (one line in t"
counties_nc.polk_tax,vm,,tax,,,0,,0,1,0,0,ZERO_RESULT,1,"ZERO_ON_BOARD,BELOW_EXPECTED,DEAD_STREAK",,yes,complete,DEAD_STREAK / ZERO_ON_BOARD: a genuine 0 -- the county announced the Nov 3 sale but has not posted parcels
counties_nc.rowan_delinquent_tax,vm,,tax,,,0,,0,0,,2699,OK,0,ZERO_ON_BOARD,,yes,complete,ZERO_ON_BOARD only because the 10-07 board predates the source (added 2026-10-07; already in main.DATELESS_OK_SOURCES)
counties_nc.stokes_delinquent_tax,vm,,tax,tax_sale:1,NC,1,Stokes|NC:1,1,0,1,2,OK,0,,,,,
counties_nc.swain_tax_foreclosures,vm,,tax,tax_sale:1,NC,1,Swain|NC:1,1,0,1,1,OK,0,,,,,
counties_nc.wnc_tax_foreclosures,vm,,tax,,,0,,0,0,0,0,BLOCKED,0,ZERO_ON_BOARD,,yes,fixed,lead 'Madison endpoint fix': wnc_tax.fetch_timeout_or_fail on http://lrcpwa.ncptscloud.com/Madison
counties_sc.abbeville_delinquent_tax,vm,yes,tax,,,0,,0,0,0,,DISABLED,0,DISABLED,,,disabled,target page has no delinquent-property list (office/FAQ page only) - superseded by counties_sc.qpaybill_delinquent_roll (Abbeville) - confirmed 2026-10-01
counties_sc.aiken_delinquent_tax,vm,yes,tax,,,0,,0,0,0,,DISABLED,0,DISABLED,,,disabled,target page has zero table rows (no delinquent-property list) - superseded by counties_sc.sc_catalis_delinquent_roll (Aiken) - confirmed 2026-10-01
counties_sc.chester_delinquent_tax,mac,yes,tax,,,0,,0,0,0,0,mac_handoff_10_8:DORMANT,0,DISABLED,,,disabled,PAGE_URL now redirects to the county homepage (dead CMS-migration link) - superseded by counties_sc.sc_catalis_delinquent_roll (Chester) - confirmed 2026-10-01
counties_sc.clarendon_tax_auction,vm,yes,tax,,,0,,0,0,0,,DISABLED,0,DISABLED,,,disabled,keyword-link-follower grabbed the county's unrelated procurement/RFP portal and meeting-agenda PDFs as fake tax listings - superseded by counties_sc.qpaybill_delinquent_roll (Clarendon) - confirmed 2026-10-01
counties_sc.colleton_tax_sale,vm,,tax,,,0,,0,0,0,,OFF_SEASON,0,ZERO_ON_BOARD,,,,
counties_sc.darlington_delinquent_tax,vm,yes,tax,,,0,,0,0,0,,DISABLED,0,DISABLED,,,disabled,"target page carries only an office-hours table, never a delinquent list - superseded by counties_sc.qpaybill_delinquent_roll (Darlington) - confirmed 2026-10-01"
counties_sc.edgefield_delinquent_tax,vm,yes,tax,,,0,,0,0,0,,DISABLED,0,DISABLED,,,disabled,"target page is office-contact info only, no table - superseded by counties_sc.qpaybill_delinquent_roll (Edgefield) - confirmed 2026-10-01"
counties_sc.fairfield_delinquent_tax,vm,yes,tax,,,0,,0,0,0,,DISABLED,0,DISABLED,,,disabled,"target page is office-contact info only, no table - superseded by counties_sc.sc_catalis_delinquent_roll (Fairfield) - confirmed 2026-10-01"
counties_sc.greenwood_corebtpay_delinquent_tax,vm,,tax,,,0,,0,0,0,0,TIMEOUT,0,"TIMEOUT,ZERO_ON_BOARD",yes,yes,open:no_source,"TIMEOUT, ZERO_ON_BOARD"
counties_sc.greenwood_delinquent_tax,vm,yes,tax,,,0,,0,0,0,,DISABLED,0,DISABLED,,,disabled,"target page is Treasurer office info only, no delinquent list - superseded by counties_sc.greenwood_corebtpay_delinquent_tax - confirmed 2026-10-01"
counties_sc.lancaster_delinquent_tax,vm,yes,tax,,,0,,0,0,0,,DISABLED,0,DISABLED,,,disabled,"seasonal (~3wk/year) newspaper mirror, fully superseded by the year-round counties_sc.qpaybill_delinquent_roll (Lancaster) - confirmed 2026-10-01"
counties_sc.laurens_delinquent_tax,vm,,tax,,,0,,0,0,0,0,ZERO_RESULT,0,ZERO_ON_BOARD,,,,
counties_sc.marlboro_delinquent_tax,vm,yes,tax,,,0,,0,0,0,,DISABLED,0,DISABLED,,,disabled,"PAGE_URL is a generic meetings/publications page (budget tables, not tax-sale data) - superseded by counties_sc.qpaybill_delinquent_roll (Marlboro) - confirmed 2026-10-01"
counties_sc.newberry_delinquent_tax,vm,yes,tax,,,0,,0,0,0,,DISABLED,0,DISABLED,,,disabled,"target page links only a general-procedures PDF, no per-parcel table - superseded by counties_sc.qpaybill_delinquent_roll (Newberry) - confirmed 2026-10-01"
counties_sc.oconee_tax_sale,vm,,tax,,,0,,0,0,0,0,ZERO_RESULT,0,ZERO_ON_BOARD,,,,
counties_sc.saluda_delinquent_tax,vm,yes,tax,,,0,,0,0,0,,DISABLED,0,DISABLED,,,disabled,"seasonal (~3wk/year) newspaper mirror, fully superseded by the year-round counties_sc.qpaybill_delinquent_roll (Saluda) - confirmed 2026-10-01"
counties_sc.sc_delinquent_tax_list,vm,yes,tax,,,0,,0,0,0,,DISABLED,0,DISABLED,,,disabled,"only ever covered Cherokee, which two siblings (qpaybill_delinquent_roll and cherokee_delinquent_tax) already cover better - confirmed 2026-10-01"
counties_sc.sc_dor_delinquent_taxpayers,vm,yes,tax,,,0,,0,0,0,,DISABLED,0,DISABLED,,,disabled,duplicate of counties_sc.sc_state_tax_lien (same mydorway.dor.sc.gov page); this module's plain-HTTP parse returns 0 against the live JS-rendered SPA - confirmed 2026-10-01
counties_sc.sc_tax_delinquent,vm,yes,tax,,,0,,0,0,0,,DISABLED,0,DISABLED,,yes,complete,DISABLED
counties_sc.union_delinquent_tax,vm,,tax,,,0,,0,0,0,0,ZERO_RESULT,0,ZERO_ON_BOARD,,,,
counties_sc.york_delinquent_tax,vm,,tax,,,0,,0,0,0,0,BLOCKED,0,ZERO_ON_BOARD,,,open:wall,BLOCKED (Cloudflare 403 to the VM; card york_site).
counties_sc.york_tax_sale_parcels,vm,,tax,,,0,,0,0,,853,OK,0,ZERO_ON_BOARD,,yes,complete,ZERO_ON_BOARD (new source)
national.fdic_failed_banks,vm,,other,,,0,,0,0,9,9,OK,0,ZERO_ON_BOARD,,,,
national.liensnc,vm,yes,tax,,,0,,0,0,0,,DISABLED,0,DISABLED,,,open:wall,disabled: login-gated; see counties_generic.liensnc.
national.gsa_surplus,vm,,reo,reo:1,SC,1,Anderson|SC:1,1,0,2,2,OK,0,,,,,
national.williams,vm,,other,,,0,,0,0,6,6,TIMEOUT_PARTIAL,0,"TIMEOUT_PARTIAL,ZERO_ON_BOARD",yes,yes,open:time,"TIMEOUT_PARTIAL, source_all_filtered"
newspapers.hendersonville_lightning,vm,,other,,,0,,0,0,5,5,OK,3,ZERO_ON_BOARD,,,,
city_websites.asheville_min_housing,vm,,code,,,0,,0,0,0,0,ZERO_RESULT,0,ZERO_ON_BOARD,,,,
city_websites.raleigh_structure_fires,vm,,code,,,0,,0,0,,396,OK,0,ZERO_ON_BOARD,,yes,complete,source_all_filtered: artifact of the arcgis_distress.* label
counties_nc.asheville_code_enforcement,vm,,code,,,0,,0,0,0,0,ZERO_RESULT,0,ZERO_ON_BOARD,,yes,open:no_source,ZERO_ON_BOARD | manual: Asheville's current code cases are only in the city's Accela Citizen Access portal (linked from ashevillenc.gov development services): a person searches Code Enforcement records by address there; no bulk export was found. Not verified: the portal URL.
counties_nc.kinston_proposed_demolition,vm,,code,,,0,,0,0,,45,OK,0,ZERO_ON_BOARD,,yes,complete,source_all_filtered: artifact of the arcgis_distress.* label
counties_nc.nc_metro_demolition_permits,vm,,code,,,0,,0,0,,1865,OK,0,ZERO_ON_BOARD,,yes,fixed,"parcel_too_short 206 (Durham PID, 6 digits; the row's PIN15 is the 10-digit PIN = NC OneMap parno for Durham)"
counties_nc.rocky_mount_blight_survey,vm,,code,,,0,,0,0,,618,OK,0,ZERO_ON_BOARD,,yes,complete,source_all_filtered (artifact: rows ship as counties_generic.arcgis_distress.rocky_mount_blight_survey_2025); parcel_too_short 229 (Nash PARNO = the county's 6-digit parcel number)
counties_nc.wake_code_cases,vm,,code,,,0,,0,0,,74,OK,0,ZERO_ON_BOARD,,yes,complete,
reo.treasury_seized,vm,,other,,,0,,0,0,3,3,OK,0,ZERO_ON_BOARD,,,,
national.govdeals,vm,,other,,,0,,0,0,2,2,OK,0,ZERO_ON_BOARD,,,,
city_websites.search,mac,,other,,,0,,0,0,0,0,mac_handoff_10_8:ZERO_RESULT,0,ZERO_ON_BOARD,,,,
counties_nc.gaston_surplus_properties,vm,,other,,,0,,0,0,0,0,ZERO_RESULT,0,ZERO_ON_BOARD,,,,
counties_nc.nchfa_reo,vm,,other,,,0,,0,0,0,0,ZERO_RESULT,0,ZERO_ON_BOARD,,,,
counties_sc.anderson_acpass_deeds,vm,,other,,,0,,0,0,0,0,TIMEOUT,0,"TIMEOUT,ZERO_ON_BOARD",yes,,,
counties_sc.charleston_energov_history,vm,,other,,,0,,0,0,,0,CONN_ERROR,0,"CONN_ERROR,ZERO_ON_BOARD",,yes,open:time,"CONN_ERROR, ZERO_ON_BOARD"
counties_sc.cherokee_rod,vm,,other,,,0,,0,0,0,0,ZERO_RESULT,0,ZERO_ON_BOARD,,,,
counties_sc.kershaw_flc,vm,yes,other,,,0,,0,0,0,,DISABLED,0,DISABLED,,,disabled,"PAGE_URL 404s (county site reorganized, no redirect) - re-searched live 2026-10-02 for a replacement (Treasurer/delinquent-matters page, Auditor, Boards and Commissions, Bids and RFPs, the county's ArcGIS open-data parcel layer with no owner field, general web search) and found no current free FLC i"
counties_sc.laurens_overage_claims,vm,,other,,,0,,0,0,0,0,ZERO_RESULT,0,ZERO_ON_BOARD,,yes,fixed,ZERO_ON_BOARD / TIMEOUT
counties_sc.lexington_flc,vm,,other,,,0,,0,0,0,0,ZERO_RESULT,0,ZERO_ON_BOARD,,,,
counties_sc.mccormick_flc,vm,,other,,,0,,0,0,0,0,BLOCKED,0,"ZERO_ON_BOARD,DEAD_STREAK",,yes,open:no_source,DEAD_STREAK | manual: Owner: the list runs only in the McCormick Messenger print edition
counties_sc.oconee_flc,vm,yes,other,,,0,,0,0,0,,DISABLED,0,DISABLED,,,disabled,free-text address/parcel scraping of a contact page can't tell the courthouse's own address from a real listing - superseded by sibling counties_sc.oconee_forfeited_land / oconee_flc_assignment (ArcGIS) - confirmed 2026-10-01
counties_sc.orangeburg_overage_claims,vm,,other,,,0,,0,0,0,0,ZERO_RESULT,50,"ZERO_ON_BOARD,BELOW_EXPECTED,DEAD_STREAK",,yes,fixed,DEAD_STREAK 446 -> 0
counties_sc.sumter_surplus,vm,yes,other,,,0,,0,0,0,,DISABLED,0,DISABLED,,,disabled,"page migrated to pure GovDeals link-outs (sellers 348/400/3939/3361), no inline listing data left to parse; national.govdeals already sweeps SC real-estate categories 84/95A state-wide with no seller restriction, confirmed live 2026-10-04"
counties_sc.zombie_properties,vm,,other,,,0,,0,0,0,0,ZERO_RESULT,0,ZERO_ON_BOARD,,,,
law_firms.alaw,vm,,other,,,0,,0,0,0,0,TIMEOUT,0,"TIMEOUT,ZERO_ON_BOARD,DEAD_STREAK",yes,yes,open:time,"TIMEOUT/DEAD_STREAK: the browser render on the VM does not deliver the WAC bootstrap within the budget; the timeout then discarded any page that had parsed. Root cause of the VM render failure (Office embed now bootstrapping through a different frame than xlembed.aspx, Chromium on the VM, or VM load) not verified. | manual: Not a wall. To find the VM cause, the lead (or the owner's Mac run) runs o"
law_firms.aldridge_pite,vm,,other,,,0,,0,0,0,0,ZERO_RESULT,0,ZERO_ON_BOARD,,lead,complete,NC listings table has 0 body rows on 2026-10-08 (2 GETs); the host (Sucuri) answered one of three requests with nothing.
law_firms.finkel,vm,,other,,,0,,0,0,0,0,BLOCKED,0,"ZERO_ON_BOARD,DEAD_STREAK",,yes,open:no_source,"BLOCKED: Cloudflare challenge; and the only file was a stale 2025 results report with no current upcoming sales. | manual: Not recommended: a person could open https://www.finkellaw.com/images/Webs.pdf in Chrome (passes the challenge) and save it, but on 10/4 the file held only past sales up to 05/06/2025, so it adds no current leads."
law_firms.ingle_firm,vm,,other,,,0,,0,0,0,1,OK,0,ZERO_ON_BOARD,,,,
law_firms.korn,mac,yes,other,,,0,,0,0,0,0,mac_handoff_10_8:DORMANT,0,DISABLED,,,disabled,"kornlawfirm.com domain parked (dead since 2026-05-13, re-verified live 2026-10-04: plain 'domain for sale' page, no successor site found)"
law_firms.mewborn_deselms,mac,,other,,,0,,0,0,0,0,mac_handoff_10_8:ZERO_RESULT,0,ZERO_ON_BOARD,,,,
national.bankruptcy_rss_relief_from_stay,vm,,other,,,0,,0,0,,18,OK,0,ZERO_ON_BOARD,,yes,complete,ZERO_ON_BOARD only because the source is new since the 10/7 board
national.courtlistener_civil,vm,,other,,,0,,0,0,0,0,ZERO_RESULT,0,"ZERO_ON_BOARD,DEAD_STREAK",,yes,fixed,"ZERO_ON_BOARD / DEAD_STREAK: the pass paged the whole civil docket under a 50-page cap and a 288 s budget, and the classifier missed the /search/ suit-nature strings."
national.freddie_homesteps,vm,,other,,,0,,0,3,0,0,TIMEOUT,0,"TIMEOUT,ZERO_ON_BOARD,DEAD_STREAK",yes,yes,fixed,"TIMEOUT, DEAD_STREAK (same cause as HUD)"
national.gsa_realproperty,vm,,other,,,0,,0,0,0,0,ZERO_RESULT,0,ZERO_ON_BOARD,,,,
national.irs_treasury,vm,,other,,,0,,0,0,1,1,OK,0,ZERO_ON_BOARD,,,,
national.nc_sos_ucc,mac,yes,other,,,0,,0,0,0,0,mac_handoff_10_8:DORMANT,0,DISABLED,,,disabled,"sosnc.gov's UCC search URL 307-redirects to an unrelated generic Business Registration search widget with zero UCC content (confirmed live 2026-10-01), and the scraper's own broad date-range-discovery premise never matched how that site's real name-only search works even before that; re-verified liv"
national.opencorporates,vm,yes,other,,,0,,0,0,0,,DISABLED,0,DISABLED,,,disabled,"OpenCorporates requires a paid API token for every request now (confirmed live: unauthenticated requests get HTTP 401 'Invalid Api Token'), and is explicitly named as an out-of-scope paid broker service by this project's own rules (CLAUDE.md / HERMES.md section 2 rule 1) -- not a gap to fill, by des"
national.propwire,vm,yes,other,,,0,,0,0,0,,DISABLED,0,DISABLED,,,disabled,"paid Apify actor, opted out; site itself is also DataDome-walled (docs/HERMES.md Section 12 WONT)"
national.sc_sos_entity,vm,yes,other,,,0,,0,0,0,,DISABLED,0,DISABLED,,,disabled,"search_entity()'s one real function is reCAPTCHA-gated (confirmed live 2026-10-04: a real Google reCAPTCHA renders on the results page after any search submission, same sitekey the 2026-10-01 audit found) -- a compliance wall this codebase does not solve or route around. Also uncalled: no enrichment"
national.tranzon,vm,,other,,,0,,0,0,0,0,ZERO_RESULT,0,"ZERO_ON_BOARD,DEAD_STREAK",,yes,open:shared_file,"ZERO_RESULT, DEAD_STREAK; its rows also carry no sale_date and the slug is not in DATELESS_OK_SOURCES"
national.usmarshals_realproperty,vm,,other,,,0,,0,0,0,0,TIMEOUT,0,"TIMEOUT,ZERO_ON_BOARD",yes,yes,open:shared_file,"TIMEOUT every run; also its rows carry no sale_date and the slug is not in DATELESS_OK_SOURCES, so even a good run publishes 0"
national.va_acquired,vm,yes,other,,,0,,0,0,0,,DISABLED,0,DISABLED,,,disabled,"both candidate URLs confirmed dead 2026-10-01 (VA_URL is a genuine 404; BANK_REO_URL returns HTTP 200 but the body is VA's own site-wide 404 template) and redundant with reo.vrm_va_reo, which already covers VA REO via a live, working path (193 real NC+SC rows confirmed the same day)"
newspapers.carolina_coast,vm,,other,,,0,,0,0,0,0,BLOCKED,0,"ZERO_ON_BOARD,DEAD_STREAK",,yes,open:rate_limit,"TownNews (BLOX) papers answer HTTP 429 'Too Many Requests' (text/plain, request id, no Retry-After). On the VM the TownNews scrapers run within the same minute (aiken_standard 02:03:14 got 137, then carolina_coast/journal_scene/index_journal/post_and_courier 02:03:29-02:04:03 all BLOCKED); obituary_feeds' two TownNews hosts were already 429 at 02:00:42. Each 429 was retried 3x inside get_text and "
newspapers.columbia_star,vm,,other,,,0,,0,0,,13,OK,0,ZERO_ON_BOARD,,yes,complete,"ZERO_ON_BOARD: new source; board 10/7 predates its first run (10/8). 11 of 12 page-1 listings carry the 2026-10-05 sale date, inside the 14-day SC window until 10/19."
newspapers.daily_courier,vm,,other,,,0,,0,0,0,0,ZERO_RESULT,1,"ZERO_ON_BOARD,BELOW_EXPECTED,DEAD_STREAK",,yes,open:shared_file,BELOW_EXPECTED/DEAD_STREAK: a legitimate zero: no foreclosure notice among the ~10 live ads (7 zero runs of 12). expected_min_count=1 makes a quiet week an alarm.
newspapers.mecklenburg_times,vm,,other,,,0,,0,0,,0,BLOCKED,0,ZERO_ON_BOARD,,yes,open:wall,"403 from the origin behind Cloudflare on the first request, from the VM and the Mac. The module's own note: the host began answering 403 after ~12 GETs in two minutes during its 2026-10-07 proof runs; it still refuses both IPs a day later. | manual: In Chrome open https://mecktimes.com/public-notice/ , pick the Real Estate notices, and for each foreclosure / HOA lien / court sale notice copy addre"
newspapers.shelby_star,vm,,other,,,0,,0,0,0,0,BLOCKED,0,ZERO_ON_BOARD,,,,
newspapers.tryon_bulletin,vm,,other,,,0,,0,0,0,0,ZERO_RESULT,0,ZERO_ON_BOARD,,,,
reo.usda_rd,vm,,other,,,0,,0,0,1,1,OK,0,ZERO_ON_BOARD,,,,
newspapers.coastland_times,mac,,listing,,,0,,0,0,2,2,mac_handoff_10_8:OK,0,ZERO_ON_BOARD,,,,
national.crexi_multifamily,mac,,listing,,,0,,0,4,0,0,mac_handoff_10_8:ZERO_RESULT,0,ZERO_ON_BOARD,,,,
national.epa_superfund,vm,yes,env,,,0,,0,0,0,,DISABLED,0,DISABLED,,,disabled,"dead endpoint (data.epa.gov/ef/seplan 403s, route no longer exists) and redundant with counties_generic.epa_frs_sites.py, which already covers this signal via a working path"
national.landsofamerica,mac,yes,listing,,,0,,0,0,0,0,mac_handoff_10_8:DORMANT,0,DISABLED,,,disabled,"land.com serves a real Akamai Sensor interactive challenge (not a fingerprint-only gate) to every request, confirmed live 2026-10-01 on 2 counties/states; a wall per CLAUDE.md, not a stealth-harder target. Siblings landwatch.com/landandfarm.com (national.landwatch, national.landandfarm) are NOT wall"
national.loopnet,mac,,listing,,,0,,0,0,0,0,mac_handoff_10_8:ZERO_RESULT,0,ZERO_ON_BOARD,,,,
