state,county,board_rows,rows_with_parcel_id,sampled,in_layer,deed_found,deed_none,legal_found,legal_none,value_filled,acres_filled
NC,Alamance,734,291,20,20,17,3,17,3,0,0
NC,Alexander,57,30,20,19,19,0,19,0,0,0
NC,Alleghany,56,31,20,20,20,0,0,20,0,0
NC,Anson,48,24,20,19,0,19,0,19,15,16
NC,Ashe,135,68,20,18,16,2,17,1,0,0
NC,Avery,86,58,20,20,0,20,16,4,0,0
NC,Beaufort,131,68,20,19,19,0,19,0,0,0
NC,Bertie,1100,1088,20,20,20,0,20,0,0,0
NC,Bladen,43,13,13,13,13,0,13,0,0,0
NC,Brunswick,3948,2162,20,18,0,18,18,0,0,0
NC,Buncombe,10350,8649,20,20,20,0,0,20,0,0
NC,Burke,1356,963,20,19,19,0,5,14,1,0
NC,Cabarrus,831,256,20,20,15,5,20,0,1,1
NC,Caldwell,207,153,20,20,18,2,1,19,0,0
NC,Camden,77,54,20,19,12,7,0,19,0,0
NC,Carteret,505,313,20,20,20,0,20,0,0,0
NC,Caswell,60,27,20,18,16,2,0,18,0,0
NC,Catawba,1227,855,20,15,15,0,10,5,0,0
NC,Chatham,460,228,20,19,17,2,18,1,0,0
NC,Cherokee,171,87,20,20,20,0,20,0,0,0
NC,Chowan,66,53,20,19,19,0,19,0,0,0
NC,Clay,63,18,18,18,18,0,18,0,0,0
NC,Cleveland,1079,492,20,19,0,19,0,19,0,0
NC,Columbus,104,54,20,20,19,1,0,20,0,0
NC,Craven,442,219,20,15,15,0,15,0,0,0
NC,Cumberland,697,311,20,19,19,0,19,0,0,0
NC,Currituck,307,246,20,7,7,0,7,0,0,0
NC,Dare,348,190,20,20,19,1,0,20,0,0
NC,Davidson,580,352,20,20,16,4,20,0,0,0
NC,Davie,120,43,20,20,11,9,20,0,0,0
NC,Duplin,137,72,20,19,19,0,0,19,0,0
NC,Durham,1737,1378,20,20,20,0,0,20,0,0
NC,Edgecombe,84,57,20,20,20,0,20,0,0,0
NC,Forsyth,5849,5298,20,17,13,4,0,17,0,0
NC,Franklin,423,72,20,20,20,0,9,11,0,0
NC,Gaston,9266,8110,20,20,20,0,13,7,2,0
NC,Gates,443,355,20,20,3,17,19,1,0,0
NC,Graham,525,518,20,15,15,0,14,1,0,0
NC,Granville,251,86,20,20,16,4,20,0,0,0
NC,Greene,26,10,10,10,9,1,0,10,0,0
NC,Guilford,1520,484,20,13,0,13,13,0,0,0
NC,Halifax,55,30,20,20,17,3,15,5,0,0
NC,Harnett,1294,773,20,14,11,3,11,3,0,0
NC,Haywood,244,186,20,20,20,0,20,0,0,0
NC,Henderson,2831,2323,20,20,20,0,19,1,0,0
NC,Hertford,22,11,11,11,11,0,11,0,0,0
NC,Hoke,292,32,20,20,0,20,0,20,0,0
NC,Hyde,50,27,20,20,17,3,4,16,0,0
NC,Iredell,762,509,20,5,5,0,5,0,0,0
NC,Jackson,172,97,20,18,18,0,18,0,0,0
NC,Johnston,1317,584,20,20,20,0,0,20,0,0
NC,Jones,24,13,13,12,12,0,0,12,0,0
NC,Lee,296,90,20,15,0,15,13,2,0,0
NC,Lenoir,95,42,20,20,19,1,20,0,0,0
NC,Lincoln,3551,465,20,19,19,0,19,0,0,0
NC,Macon,103,52,20,19,0,19,19,0,0,0
NC,Madison,416,75,20,11,11,0,0,11,0,0
NC,Martin,24,16,16,16,0,16,0,16,0,0
NC,McDowell,2666,2329,27,27,27,0,23,4,0,0
NC,Mecklenburg,8505,5272,20,19,19,0,18,1,0,0
NC,Mitchell,241,150,20,20,19,1,0,20,0,0
NC,Montgomery,114,57,20,20,19,1,20,0,0,0
NC,Moore,618,423,20,20,20,0,20,0,0,0
NC,Nash,411,286,20,20,20,0,20,0,0,0
NC,New Hanover,4611,3318,20,18,18,0,18,0,1,1
NC,Northampton,43,11,11,11,11,0,11,0,0,0
NC,Onslow,1485,497,20,11,11,0,11,0,0,0
NC,Orange,1779,1396,20,17,11,6,17,0,0,0
NC,Pamlico,75,49,20,17,17,0,17,0,0,0
NC,Pasquotank,96,75,20,20,15,5,0,20,0,0
NC,Pender,715,433,20,20,19,1,20,0,0,0
NC,Perquimans,53,16,16,16,15,1,2,14,0,0
NC,Person,144,73,20,19,19,0,19,0,0,0
NC,Pitt,584,349,20,20,19,1,19,1,0,0
NC,Polk,481,186,20,16,16,0,0,16,0,0
NC,Randolph,400,222,20,18,18,0,18,0,0,0
NC,Richmond,91,44,20,20,20,0,0,20,1,1
NC,Robeson,128,45,20,20,11,9,20,0,0,0
NC,Rockingham,270,132,20,20,20,0,20,0,0,0
NC,Rowan,686,241,20,5,4,1,4,1,0,0
NC,Rutherford,7952,7543,20,20,20,0,7,13,0,0
NC,Sampson,96,31,20,19,17,2,0,19,0,0
NC,Scotland,79,40,20,20,19,1,20,0,1,1
NC,Stanly,340,133,20,19,18,1,0,19,0,0
NC,Stokes,133,64,20,19,19,0,12,7,0,0
NC,Surry,168,103,20,20,20,0,0,20,0,0
NC,Swain,49,20,20,20,0,20,19,1,0,0
NC,Transylvania,6222,5908,20,20,20,0,20,0,0,0
NC,Tyrrell,274,272,20,8,5,3,8,0,0,0
NC,Union,1235,714,20,20,0,20,20,0,0,0
NC,Vance,66,40,20,0,0,0,0,0,0,0
NC,Wake,5643,4097,20,20,19,1,20,0,0,0
NC,Warren,76,36,20,20,20,0,20,0,0,0
NC,Washington,11,6,6,6,0,6,3,3,0,0
NC,Watauga,281,219,20,20,20,0,19,1,0,0
NC,Wayne,302,101,20,20,19,1,20,0,0,0
NC,Wilkes,121,51,20,14,14,0,0,14,0,0
NC,Wilson,218,84,20,17,14,3,17,0,0,0
NC,Yadkin,137,80,20,20,17,3,0,20,0,0
NC,Yancey,111,76,20,17,17,0,0,17,0,0
SC,Barnwell,799,798,25,15,13,2,0,15,13,0
SC,Berkeley,2358,2341,25,25,25,0,0,0,0,0
SC,Darlington,2517,2505,25,23,22,1,6,17,23,0
SC,Greenville,3464,3094,25,25,25,0,9,16,0,2
SC,Horry,7617,6804,25,25,22,3,25,0,25,0
SC,Jasper,819,817,25,11,10,1,0,0,11,11
SC,Lancaster,896,896,25,12,10,2,0,0,0,0
SC,Lexington,2210,1475,25,25,24,1,24,1,0,0
SC,Saluda,418,416,25,16,16,0,0,16,15,0
SC,Sumter,3107,3077,25,16,14,2,15,1,0,0
SC,York,149,110,25,25,25,0,25,0,22,21
