rank,column,layer,source_or_platform,cells,rows_affected,signal_weight,lead_value,effort_days_est,value_per_day,counties
1,atty_deed_ref,fill,statewide (not read yet): NC OneMap statewide parcel layer (free ArcGIS REST) (deed refere,77,113898,2,227796,1.0,227796,NC Alamance; NC Alexander; NC Alleghany; NC Anson; NC Ashe; NC Avery; NC Bertie; NC Bladen; NC Cabarrus; NC Caldwell; NC Camden; NC Chatham; NC Cherokee; NC Chowan; NC Clay; NC Columbus; NC Craven; NC Cumberland; NC Currituck; NC Dare; NC Davidson; NC Davie; NC Duplin; NC Durham; NC Edgecombe; NC Forsyth; NC Franklin; NC Gates; NC Graham; NC Granville; NC Greene; NC Guilford; NC Halifax; NC Harnett; NC Haywood; NC Hertford; NC Hoke; NC Hyde; NC Iredell; NC Jackson; NC Johnston; NC Jones; NC Lee; NC Lenoir; NC Macon; NC Madison; NC Martin; NC Montgomery; NC Moore; NC Nash; NC Northampton; NC Orange; NC Pamlico; NC Pasquotank; NC Perquimans; NC Person; NC Randolph; NC Richmond; NC Robeson; NC Rockingham; NC Rowan; NC Sampson; NC Scotland; NC Stanly; NC Stokes; NC Surry; NC Swain; NC Tyrrell; NC Union; NC Warren; NC Washington; NC Watauga; NC Wayne; NC Wilkes; NC Wilson; NC Yadkin; NC Yancey
2,heir_naming_publication,check,statewide (not read yet): NC public notices carry quiet-title/heir notices; no parser read,20,18853,3,56559,1.0,56559,NC Alleghany; NC Ashe; NC Camden; NC Currituck; NC Edgecombe; NC Graham; NC Greene; NC Harnett; NC Hoke; NC Hyde; NC Jackson; NC Jones; NC Macon; NC Orange; NC Pamlico; NC Perquimans; NC Surry; NC Swain; NC Tyrrell; NC Yancey
3,quiet_title,check,statewide (not read yet): NC public notices carry quiet-title/heir notices; no parser read,20,18853,3,56559,1.0,56559,NC Alleghany; NC Ashe; NC Camden; NC Currituck; NC Edgecombe; NC Graham; NC Greene; NC Harnett; NC Hoke; NC Hyde; NC Jackson; NC Jones; NC Macon; NC Orange; NC Pamlico; NC Perquimans; NC Surry; NC Swain; NC Tyrrell; NC Yancey
4,comps,verify,statewide: comps engine over county sales,85,37518,1,37518,1.0,37518,NC Anson; NC Ashe; NC Avery; NC Beaufort; NC Brunswick; NC Burke; NC Cabarrus; NC Carteret; NC Catawba; NC Chowan; NC Cleveland; NC Craven; NC Cumberland; NC Currituck; NC Dare; NC Davidson; NC Durham; NC Edgecombe; NC Forsyth; NC Gaston; NC Gates; NC Graham; NC Guilford; NC Haywood; NC Henderson; NC Hertford; NC Hyde; NC Iredell; NC Jackson; NC Lincoln; NC Macon; NC Madison; NC McDowell; NC Mecklenburg; NC Mitchell; NC Montgomery; NC New Hanover; NC Northampton; NC Onslow; NC Orange; NC Pender; NC Pitt; NC Polk; NC Robeson; NC Rowan; NC Rutherford; NC Stanly; NC Swain; NC Transylvania; NC Union; NC Vance; NC Wake; NC Washington; NC Watauga; NC Yancey; SC Aiken; SC Allendale; SC Anderson; SC Barnwell; SC Beaufort; SC Berkeley; SC Cherokee; SC Colleton; SC Darlington; SC Dillon; SC Dorchester; SC Florence; SC Georgetown; SC Greenville; SC Greenwood; SC Hampton; SC Horry; SC Laurens; SC Lexington; SC Marion; SC Marlboro; SC Newberry; SC Oconee; SC Orangeburg; SC Pickens; SC Richland; SC Spartanburg; SC Sumter; SC Union; SC York
5,atty_deed_ref,fill,county GIS deed book/page:,13,32711,2,65422,1.9,34433,SC Aiken; SC Barnwell; SC Berkeley; SC Darlington; SC Dorchester; SC Greenwood; SC Hampton; SC Horry; SC Lancaster; SC Lexington; SC Saluda; SC Sumter; SC York
6,heir_estate,check,county GIS:,76,121091,3,363273,11.4,31866,NC Alexander; NC Alleghany; NC Ashe; NC Cabarrus; NC Camden; NC Columbus; NC Dare; NC Davidson; NC Duplin; NC Graham; NC Hoke; NC Hyde; NC Lee; NC Lenoir; NC Macon; NC Madison; NC Martin; NC Montgomery; NC Moore; NC Nash; NC Onslow; NC Orange; NC Pamlico; NC Stokes; NC Surry; NC Swain; NC Tyrrell; NC Union; NC Vance; NC Wake; NC Warren; NC Washington; NC Watauga; NC Wayne; NC Wilkes; NC Wilson; NC Yadkin; NC Yancey; SC Abbeville; SC Aiken; SC Allendale; SC Anderson; SC Bamberg; SC Barnwell; SC Berkeley; SC Calhoun; SC Cherokee; SC Chester; SC Chesterfield; SC Clarendon; SC Colleton; SC Darlington; SC Dillon; SC Dorchester; SC Edgefield; SC Fairfield; SC Florence; SC Georgetown; SC Greenville; SC Greenwood; SC Hampton; SC Horry; SC Jasper; SC Kershaw; SC Lancaster; SC Lee; SC Lexington; SC Marion; SC Marlboro; SC McCormick; SC Newberry; SC Orangeburg; SC Richland; SC Saluda; SC Sumter; SC Williamsburg
7,liens,check,register: Aumentum Recorder web access for March 1990 onward; separate 'Remote Access Site,1,17733,3,53199,2.2,24181,NC Mecklenburg
8,atty_deed_ref,fill,register index:,4,6782,2,13564,0.6,22607,SC Abbeville; SC Colleton; SC Florence; SC Marlboro
9,atty_legal_description,fill,county GIS legal field:,48,58206,2,116412,7.2,16168,NC Alamance; NC Alexander; NC Ashe; NC Avery; NC Bertie; NC Bladen; NC Cabarrus; NC Chatham; NC Cherokee; NC Clay; NC Craven; NC Currituck; NC Davidson; NC Davie; NC Edgecombe; NC Granville; NC Halifax; NC Harnett; NC Haywood; NC Hertford; NC Iredell; NC Jackson; NC Lee; NC Lenoir; NC Macon; NC Montgomery; NC Moore; NC Nash; NC Northampton; NC Pamlico; NC Person; NC Randolph; NC Robeson; NC Rockingham; NC Scotland; NC Stokes; NC Swain; NC Tyrrell; NC Union; NC Warren; NC Watauga; NC Wayne; NC Wilson; SC Aiken; SC Beaufort; SC Greenville; SC Greenwood; SC York
10,liens,check,register: Harris AcclaimWeb,1,11841,3,35523,2.2,16147,SC Horry
11,liens,check,register: County-hosted PHP name search 'Online Record System' style with Accept disclaime,1,11485,3,34455,2.2,15661,NC Guilford
12,tax_aging_surfaced,verify,tax/property card:,11,27748,3,83244,5.5,15135,NC Burke; NC Chowan; NC Cumberland; NC Gates; NC Iredell; NC McDowell; NC Perquimans; NC Randolph; NC Rowan; NC Rutherford; SC Charleston
13,liens,check,register: Charleston County ROD document search (county-built pages on plus Day Book and A,1,11052,3,33156,2.2,15071,SC Charleston
14,lt_divorce_notice,verify,statewide: NC eCourts Judgment Search (open JSON),93,7255,2,14510,1.0,14510,NC Alamance; NC Alexander; NC Anson; NC Ashe; NC Beaufort; NC Bertie; NC Bladen; NC Brunswick; NC Buncombe; NC Burke; NC Cabarrus; NC Caldwell; NC Camden; NC Caswell; NC Catawba; NC Chatham; NC Cherokee; NC Chowan; NC Clay; NC Cleveland; NC Columbus; NC Craven; NC Cumberland; NC Currituck; NC Dare; NC Davidson; NC Duplin; NC Durham; NC Edgecombe; NC Forsyth; NC Franklin; NC Gaston; NC Gates; NC Graham; NC Granville; NC Greene; NC Guilford; NC Halifax; NC Harnett; NC Haywood; NC Henderson; NC Hertford; NC Hoke; NC Iredell; NC Jackson; NC Johnston; NC Jones; NC Lee; NC Lenoir; NC Macon; NC Madison; NC Martin; NC McDowell; NC Mecklenburg; NC Mitchell; NC Montgomery; NC Moore; NC Nash; NC New Hanover; NC Northampton; NC Onslow; NC Orange; NC Pamlico; NC Pasquotank; NC Pender; NC Perquimans; NC Person; NC Pitt; NC Polk; NC Randolph; NC Robeson; NC Rockingham; NC Rowan; NC Rutherford; NC Sampson; NC Scotland; NC Stanly; NC Stokes; NC Surry; NC Swain; NC Transylvania; NC Tyrrell; NC Union; NC Vance; NC Wake; NC Warren; NC Washington; NC Watauga; NC Wayne; NC Wilkes; NC Wilson; NC Yadkin; NC Yancey
15,vacant_lot,check,county GIS:,42,84989,1,84989,6.3,13490,SC Abbeville; SC Aiken; SC Allendale; SC Anderson; SC Bamberg; SC Barnwell; SC Beaufort; SC Berkeley; SC Calhoun; SC Charleston; SC Cherokee; SC Chester; SC Chesterfield; SC Clarendon; SC Colleton; SC Darlington; SC Dillon; SC Dorchester; SC Edgefield; SC Fairfield; SC Florence; SC Georgetown; SC Greenwood; SC Hampton; SC Horry; SC Jasper; SC Kershaw; SC Lancaster; SC Laurens; SC Lee; SC Lexington; SC Marion; SC Marlboro; SC McCormick; SC Newberry; SC Oconee; SC Orangeburg; SC Richland; SC Saluda; SC Sumter; SC Union; SC Williamsburg
16,liens,check,register: Business Information Services (BIS) 'Online Record System' forsythNameSearch.php,1,9633,3,28899,2.2,13136,NC Forsyth
17,lt_probate_notice,verify,statewide: SC public notices (sc_public_notices scraper),45,6546,2,13092,1.0,13092,SC Abbeville; SC Aiken; SC Allendale; SC Anderson; SC Barnwell; SC Beaufort; SC Berkeley; SC Calhoun; SC Charleston; SC Cherokee; SC Chester; SC Chesterfield; SC Clarendon; SC Colleton; SC Darlington; SC Dillon; SC Dorchester; SC Edgefield; SC Fairfield; SC Florence; SC Georgetown; SC Greenville; SC Greenwood; SC Hampton; SC Horry; SC Jasper; SC Kershaw; SC Lancaster; SC Laurens; SC Lee; SC Lexington; SC Marion; SC Marlboro; SC McCormick; SC Newberry; SC Oconee; SC Orangeburg; SC Pickens; SC Richland; SC Saluda; SC Spartanburg; SC Sumter; SC Union; SC Williamsburg; SC York
18,liens,check,"register: Logan Systems Public Records 'Remote Access Site' (Blazor version,",3,10292,3,30876,2.8,11027,NC Cabarrus; NC Chatham; NC Cumberland
19,rollback_exposure,check,tax/property card:,103,261650,2,523300,51.5,10161,NC Alamance; NC Alexander; NC Alleghany; NC Anson; NC Avery; NC Beaufort; NC Brunswick; NC Cabarrus; NC Carteret; NC Caswell; NC Catawba; NC Chowan; NC Clay; NC Cumberland; NC Dare; NC Davie; NC Duplin; NC Edgecombe; NC Forsyth; NC Franklin; NC Gates; NC Graham; NC Granville; NC Greene; NC Guilford; NC Harnett; NC Hyde; NC Iredell; NC Johnston; NC Jones; NC Lee; NC Madison; NC McDowell; NC Mecklenburg; NC Montgomery; NC Nash; NC Onslow; NC Orange; NC Pamlico; NC Pasquotank; NC Pender; NC Perquimans; NC Person; NC Pitt; NC Randolph; NC Robeson; NC Rockingham; NC Rowan; NC Sampson; NC Scotland; NC Stokes; NC Surry; NC Swain; NC Transylvania; NC Wake; NC Warren; NC Watauga; NC Wilkes; NC Yadkin; NC Yancey; SC Abbeville; SC Aiken; SC Allendale; SC Bamberg; SC Barnwell; SC Beaufort; SC Berkeley; SC Calhoun; SC Charleston; SC Cherokee; SC Chester; SC Chesterfield; SC Clarendon; SC Colleton; SC Darlington; SC Dillon; SC Dorchester; SC Edgefield; SC Fairfield; SC Florence; SC Georgetown; SC Greenville; SC Greenwood; SC Hampton; SC Horry; SC Jasper; SC Kershaw; SC Lancaster; SC Laurens; SC Lee; SC Lexington; SC Marion; SC Marlboro; SC McCormick; SC Newberry; SC Oconee; SC Orangeburg; SC Pickens; SC Saluda; SC Spartanburg; SC Sumter; SC Union; SC Williamsburg
20,atty_rod_lien_checked,fill,register: Charleston County ROD document search (county-built pages on plus Day Book and A,1,11052,2,22104,2.2,10047,SC Charleston
21,atty_legal_description,fill,register index:,7,4701,2,9402,1.1,8547,NC Columbus; NC Franklin; NC Jones; NC Sampson; NC Stanly; NC Yancey; SC Lancaster
22,assessed_value,fill,county GIS:,14,15386,1,15386,2.1,7327,SC Aiken; SC Chesterfield; SC Clarendon; SC Dorchester; SC Edgefield; SC Fairfield; SC Florence; SC Hampton; SC Jasper; SC Lancaster; SC Lee; SC Marion; SC Orangeburg; SC Williamsburg
23,liens,check,register: Tyler Technologies Recorder 'Self-Service' web,1,5262,3,15786,2.2,7175,NC Durham
24,liens,check,register: Online Record System (NameSearch.php / NamePick.php / NameDisplay.php),4,6809,3,20427,3.0,6809,SC Barnwell; SC Berkeley; SC Dorchester; SC Georgetown
25,liens,check,register: Business Information Services (BIS) 'Online Record System' vendor inferred from ,1,4921,3,14763,2.2,6710,NC Davidson
26,marriage_license,check,register: Logan Systems 'The Lookup' (newer deployment),1,13820,1,13820,2.2,6282,SC Spartanburg
27,lot_size,fill,county GIS:,10,9223,1,9223,1.5,6149,SC Dorchester; SC Edgefield; SC Fairfield; SC Hampton; SC Jasper; SC Lee; SC Marion; SC Newberry; SC Orangeburg; SC Williamsburg
28,marriage_license,check,register: Courthouse Computer Systems (CCHS) classic-ASP online search is the office site),1,13160,1,13160,2.2,5982,NC Lincoln
29,liens,check,register: Cott Systems eSearch (county-hosted),1,4287,3,12861,2.2,5846,NC Rowan
30,liens,check,register: Cott Systems eSearch guest sign-in or paid account,1,3972,3,11916,2.2,5416,NC Onslow
31,liens,check,register: Courthouse Computer Systems LRSearch,1,3879,3,11637,2.2,5290,NC Beaufort
32,liens,check,register: Kofile PublicSearch (now branded 'neumo' in the UI),1,3765,3,11295,2.2,5134,SC Oconee
33,marriage_license,check,register: Aumentum Recorder web access for March 1990 onward; separate 'Remote Access Site,1,10954,1,10954,2.2,4979,NC Mecklenburg
34,liens,check,register: Kofile/GovOS CountyFusion,1,3612,3,10836,2.2,4925,SC Sumter
35,atty_tax_verified_confirmed,check,tax/property card:,68,80405,2,160810,34.0,4730,NC Alamance; NC Alexander; NC Alleghany; NC Anson; NC Avery; NC Brunswick; NC Burke; NC Cabarrus; NC Carteret; NC Caswell; NC Catawba; NC Chowan; NC Clay; NC Cumberland; NC Dare; NC Davie; NC Duplin; NC Edgecombe; NC Franklin; NC Gaston; NC Gates; NC Granville; NC Greene; NC Harnett; NC Iredell; NC Johnston; NC Jones; NC Lee; NC McDowell; NC Mecklenburg; NC Montgomery; NC Nash; NC Pamlico; NC Pasquotank; NC Pender; NC Perquimans; NC Person; NC Randolph; NC Robeson; NC Rockingham; NC Rowan; NC Rutherford; NC Sampson; NC Scotland; NC Stokes; NC Surry; NC Swain; NC Transylvania; NC Wake; NC Warren; NC Watauga; NC Wilkes; NC Yadkin; NC Yancey; SC Aiken; SC Bamberg; SC Beaufort; SC Berkeley; SC Charleston; SC Chester; SC Dorchester; SC Fairfield; SC Florence; SC Georgetown; SC Greenville; SC Greenwood; SC Hampton; SC Marion
36,lt_probate_notice,verify,statewide: NC public notices (ncpublicnotices scraper),79,2289,2,4578,1.0,4578,NC Alamance; NC Anson; NC Avery; NC Beaufort; NC Bertie; NC Bladen; NC Brunswick; NC Burke; NC Cabarrus; NC Caldwell; NC Carteret; NC Caswell; NC Catawba; NC Chatham; NC Cherokee; NC Chowan; NC Cleveland; NC Columbus; NC Craven; NC Cumberland; NC Dare; NC Davidson; NC Davie; NC Durham; NC Edgecombe; NC Forsyth; NC Franklin; NC Gaston; NC Graham; NC Granville; NC Greene; NC Guilford; NC Halifax; NC Harnett; NC Haywood; NC Henderson; NC Hertford; NC Hyde; NC Iredell; NC Johnston; NC Lee; NC Lenoir; NC Lincoln; NC Macon; NC Madison; NC McDowell; NC Mecklenburg; NC Montgomery; NC Moore; NC Nash; NC New Hanover; NC Onslow; NC Pasquotank; NC Pender; NC Person; NC Pitt; NC Polk; NC Randolph; NC Richmond; NC Robeson; NC Rockingham; NC Rowan; NC Rutherford; NC Sampson; NC Scotland; NC Stanly; NC Stokes; NC Surry; NC Transylvania; NC Union; NC Vance; NC Wake; NC Warren; NC Washington; NC Watauga; NC Wayne; NC Wilkes; NC Wilson; NC Yadkin
37,two_year_delinquent,check,tax/property card:,33,24626,3,73878,16.5,4477,NC Alamance; NC Alexander; NC Alleghany; NC Anson; NC Avery; NC Cabarrus; NC Caswell; NC Clay; NC Davie; NC Duplin; NC Edgecombe; NC Franklin; NC Granville; NC Greene; NC Harnett; NC Johnston; NC Jones; NC Lee; NC Montgomery; NC Nash; NC Pamlico; NC Person; NC Robeson; NC Rockingham; NC Sampson; NC Scotland; NC Surry; NC Swain; NC Warren; NC Watauga; NC Wilkes; NC Yadkin; NC Yancey
38,multi_year_delinquent_tax,check,tax/property card:,34,24995,3,74985,17.0,4411,NC Alamance; NC Alexander; NC Alleghany; NC Anson; NC Avery; NC Cabarrus; NC Caswell; NC Clay; NC Davie; NC Duplin; NC Edgecombe; NC Franklin; NC Granville; NC Greene; NC Harnett; NC Johnston; NC Jones; NC Lee; NC Montgomery; NC Nash; NC Pamlico; NC Pasquotank; NC Person; NC Robeson; NC Rockingham; NC Sampson; NC Scotland; NC Surry; NC Swain; NC Warren; NC Watauga; NC Wilkes; NC Yadkin; NC Yancey
39,tax_aging_surfaced,check,tax/property card:,34,24995,3,74985,17.0,4411,NC Alamance; NC Alexander; NC Alleghany; NC Anson; NC Avery; NC Cabarrus; NC Caswell; NC Clay; NC Davie; NC Duplin; NC Edgecombe; NC Franklin; NC Granville; NC Greene; NC Harnett; NC Johnston; NC Jones; NC Lee; NC Montgomery; NC Nash; NC Pamlico; NC Pasquotank; NC Person; NC Robeson; NC Rockingham; NC Sampson; NC Scotland; NC Surry; NC Swain; NC Warren; NC Watauga; NC Wilkes; NC Yadkin; NC Yancey
40,marriage_license,check,register: 'The Lookup' land record search (repo module rod/logan.py calls it Logan Systems,1,9688,1,9688,2.2,4404,NC Transylvania
41,marriage_license,check,"register: Logan Systems Public Records 'Remote Access Site' (Blazor version,",4,12895,1,12895,3.0,4298,NC Cabarrus; NC Catawba; NC Chatham; NC Cumberland
42,repeat_tax_loss,check,tax/property card:,36,25447,3,76341,18.0,4241,NC Alamance; NC Alexander; NC Alleghany; NC Anson; NC Avery; NC Cabarrus; NC Caswell; NC Clay; NC Davie; NC Duplin; NC Edgecombe; NC Franklin; NC Granville; NC Greene; NC Harnett; NC Johnston; NC Jones; NC Lee; NC Montgomery; NC Nash; NC Pamlico; NC Pasquotank; NC Person; NC Robeson; NC Rockingham; NC Sampson; NC Scotland; NC Surry; NC Swain; NC Warren; NC Watauga; NC Wilkes; NC Yadkin; NC Yancey; SC Chester; SC Fairfield
43,liens,check,register: Courthouse Computer Systems (CCHS) classic-ASP online search is a frame onto it),4,4191,3,12573,3.0,4191,NC Gates; NC Hertford; NC Hyde; NC Montgomery
44,marriage_license,check,register: Harris AcclaimWeb,1,9215,1,9215,2.2,4189,SC Horry
45,liens,check,"register: Courthouse Computer Systems (CCHS) classic-ASP online search, county-hosted at",1,2891,3,8673,2.2,3942,NC Orange
46,atty_rod_lien_checked,fill,register: Cott Systems eSearch (county-hosted),1,4287,2,8574,2.2,3897,NC Rowan
47,marriage_license,check,register: County-hosted PHP name search 'Online Record System' style with Accept disclaime,1,8025,1,8025,2.2,3648,NC Guilford
48,liens,check,register: Online Record System (NameSearch.php / NamePick.php / NameDisplay.php) plus 'Old,1,2599,3,7797,2.2,3544,SC Florence
49,atty_rod_lien_checked,fill,register: Courthouse Computer Systems LRSearch,1,3879,2,7758,2.2,3526,NC Beaufort
50,liens,check,register: Tyler EagleWeb,1,2541,3,7623,2.2,3465,NC Johnston
51,probate,check,probate:,5,5754,3,17262,5.0,3452,SC Calhoun; SC Greenwood; SC Lexington; SC Newberry; SC Richland
52,liens,check,register: Logan Systems Public Records (v1.3.14),2,2826,3,8478,2.5,3391,NC Sampson; NC Union
53,atty_rod_lien_checked,fill,register: Kofile/GovOS CountyFusion,1,3612,2,7224,2.2,3284,SC Sumter
54,liens,check,register: Cott Systems eSearch v4,4,3253,3,9759,3.0,3253,NC Alamance; NC Alexander; NC Pamlico; NC Polk
55,comps_tight,verify,statewide: comps engine over county sales,44,3200,1,3200,1.0,3200,NC Brunswick; NC Burke; NC Cabarrus; NC Carteret; NC Catawba; NC Cleveland; NC Craven; NC Dare; NC Forsyth; NC Gaston; NC Haywood; NC Henderson; NC Iredell; NC Lincoln; NC Macon; NC McDowell; NC Mecklenburg; NC Mitchell; NC New Hanover; NC Onslow; NC Pender; NC Pitt; NC Polk; NC Rowan; NC Rutherford; NC Stanly; NC Transylvania; NC Union; SC Allendale; SC Anderson; SC Beaufort; SC Cherokee; SC Colleton; SC Dillon; SC Florence; SC Georgetown; SC Greenville; SC Horry; SC Laurens; SC Oconee; SC Pickens; SC Richland; SC Spartanburg; SC Union
56,marriage_license,check,register: Charleston County ROD document search (county-built pages on plus Day Book and A,1,6872,1,6872,2.2,3124,SC Charleston
57,marriage_license,check,register: Business Information Services (BIS) 'Online Record System' forsythNameSearch.php,1,6582,1,6582,2.2,2992,NC Forsyth
58,marriage_license,check,register: Cott Systems eSearch v4,6,10420,1,10420,3.5,2977,NC Alamance; NC Alexander; NC Edgecombe; NC Pamlico; NC Polk; NC Rutherford
59,parcel_id,fill,county GIS:,4,1767,1,1767,0.6,2945,SC Aiken; SC Hampton; SC Marion; SC Orangeburg
60,liens,check,register: 'The Lookup',2,2403,3,7209,2.5,2884,NC Bertie; NC Columbus
61,liens,check,register: Courthouse Computer Systems (CCHS) classic-ASP online search,2,2401,3,7203,2.5,2881,NC Franklin; NC Madison
62,atty_rod_lien_checked,fill,register: Courthouse Computer Systems (CCHS) classic-ASP online search is a frame onto it),4,4191,2,8382,3.0,2794,NC Gates; NC Hertford; NC Hyde; NC Montgomery
63,liens,check,register: Courthouse Computer Systems classic ASP,5,2949,3,8847,3.2,2765,NC Caldwell; NC Camden; NC Caswell; NC Chowan; NC Currituck
64,liens,check,register: Cott Systems eSearch v4 guest user,2,2209,3,6627,2.5,2651,NC Graham; NC Nash
65,marriage_license,check,register: Cott Systems eSearch (county-hosted),2,6460,1,6460,2.5,2584,NC Pitt; NC Rowan
66,liens,check,register: 'Online Record System' (NameSearch.php/NamePick.php/NameDisplay.php),1,1700,3,5100,2.2,2318,SC York
67,marriage_license,check,register: Harris AcclaimWeb (county page links the older /oncoreweb/ path),1,4645,1,4645,2.2,2111,SC Pickens
68,lt_lis_pendens,verify,statewide: NC eCourts Judgment Search (open JSON) + register indexes,65,1021,2,2042,1.0,2042,NC Alamance; NC Alexander; NC Avery; NC Beaufort; NC Brunswick; NC Burke; NC Cabarrus; NC Carteret; NC Caswell; NC Catawba; NC Chatham; NC Cherokee; NC Cleveland; NC Columbus; NC Craven; NC Cumberland; NC Currituck; NC Dare; NC Davidson; NC Duplin; NC Durham; NC Forsyth; NC Franklin; NC Gaston; NC Granville; NC Guilford; NC Halifax; NC Harnett; NC Haywood; NC Henderson; NC Iredell; NC Jackson; NC Johnston; NC Jones; NC Lee; NC Lincoln; NC Macon; NC Madison; NC McDowell; NC Mecklenburg; NC Mitchell; NC Montgomery; NC Moore; NC New Hanover; NC Onslow; NC Pender; NC Person; NC Pitt; NC Polk; NC Randolph; NC Robeson; NC Rowan; NC Rutherford; NC Scotland; NC Stokes; NC Transylvania; NC Union; NC Vance; NC Wake; NC Watauga; NC Wayne; NC Wilkes; NC Wilson; NC Yadkin; NC Yancey
69,marriage_license,check,register: Online Record System (NameSearch.php / NamePick.php / NameDisplay.php),5,6293,1,6293,3.2,1967,SC Barnwell; SC Berkeley; SC Colleton; SC Dorchester; SC Georgetown
70,heir_estate,verify,county GIS:,68,6502,3,19506,10.2,1912,NC Alamance; NC Anson; NC Avery; NC Beaufort; NC Bertie; NC Bladen; NC Brunswick; NC Burke; NC Caldwell; NC Carteret; NC Caswell; NC Catawba; NC Chatham; NC Cherokee; NC Chowan; NC Clay; NC Cleveland; NC Craven; NC Cumberland; NC Currituck; NC Davie; NC Durham; NC Edgecombe; NC Forsyth; NC Franklin; NC Gaston; NC Gates; NC Granville; NC Greene; NC Guilford; NC Halifax; NC Harnett; NC Haywood; NC Henderson; NC Hertford; NC Iredell; NC Jackson; NC Johnston; NC Jones; NC Lincoln; NC McDowell; NC Mecklenburg; NC Mitchell; NC Northampton; NC Pasquotank; NC Pender; NC Perquimans; NC Person; NC Pitt; NC Polk; NC Randolph; NC Richmond; NC Robeson; NC Rockingham; NC Rowan; NC Rutherford; NC Sampson; NC Scotland; NC Stanly; NC Transylvania; SC Beaufort; SC Charleston; SC Laurens; SC Oconee; SC Pickens; SC Spartanburg; SC Union; SC York
71,marriage_license,check,register: Business Information Services (BIS) 'Online Record System' vendor inferred from ,1,4066,1,4066,2.2,1848,NC Davidson
72,atty_rod_lien_checked,fill,register: Courthouse Computer Systems classic ASP,5,2949,2,5898,3.2,1843,NC Caldwell; NC Camden; NC Caswell; NC Chowan; NC Currituck
73,liens,check,register: Aumentum Recorder web access (Harris Recording Solutions) at,1,1349,3,4047,2.2,1840,NC Moore
74,lt_tax_lien,verify,tax/property card:,72,32598,2,65196,36.0,1811,NC Alamance; NC Anson; NC Avery; NC Burke; NC Cabarrus; NC Carteret; NC Chowan; NC Clay; NC Cumberland; NC Dare; NC Davie; NC Duplin; NC Edgecombe; NC Franklin; NC Gaston; NC Gates; NC Granville; NC Greene; NC Harnett; NC Iredell; NC Johnston; NC Jones; NC Lee; NC McDowell; NC Mecklenburg; NC Nash; NC Pamlico; NC Pasquotank; NC Pender; NC Perquimans; NC Person; NC Randolph; NC Robeson; NC Rockingham; NC Rowan; NC Rutherford; NC Sampson; NC Scotland; NC Stokes; NC Surry; NC Swain; NC Wake; NC Watauga; NC Wilkes; NC Yadkin; SC Aiken; SC Allendale; SC Bamberg; SC Barnwell; SC Beaufort; SC Berkeley; SC Calhoun; SC Charleston; SC Chesterfield; SC Clarendon; SC Darlington; SC Dillon; SC Edgefield; SC Florence; SC Georgetown; SC Greenwood; SC Hampton; SC Jasper; SC Kershaw; SC Lancaster; SC Laurens; SC Marion; SC Newberry; SC Orangeburg; SC Saluda; SC Sumter; SC Union
75,liens,check,register: Cott Systems eSearch,1,1273,3,3819,2.2,1736,SC Marlboro
76,marriage_license,check,register: GovOS (Kofile) Cloud Search at county 'Old Search' viewer for after-1985 records,1,3640,1,3640,2.2,1655,SC Greenville
77,liens,check,register: 'Online Record System' (same vendor platform the repo reads for York/Georgetown ,1,1202,3,3606,2.2,1639,SC Lancaster
78,marriage_license,check,register: Courthouse Computer Systems (CCHS) classic-ASP online search,3,4408,1,4408,2.8,1574,NC Franklin; NC Henderson; NC Madison
79,marriage_license,check,register: Courthouse Computer Systems LRSearch,1,3424,1,3424,2.2,1556,NC Beaufort
80,liens,check,register: 'The Lookup' PHP index,1,1128,3,3384,2.2,1538,NC Haywood
81,beds_baths,fill,tax/property card:,49,37059,1,37059,24.5,1513,NC Graham; NC Greene; NC Montgomery; NC Nash; NC Orange; NC Pamlico; NC Pasquotank; NC Perquimans; NC Person; NC Randolph; NC Robeson; NC Rockingham; NC Sampson; NC Scotland; NC Stokes; NC Surry; NC Swain; NC Warren; NC Watauga; NC Wilkes; NC Yadkin; NC Yancey; SC Abbeville; SC Aiken; SC Bamberg; SC Barnwell; SC Calhoun; SC Chester; SC Chesterfield; SC Clarendon; SC Darlington; SC Dorchester; SC Edgefield; SC Fairfield; SC Greenwood; SC Hampton; SC Jasper; SC Kershaw; SC Lancaster; SC Lee; SC Lexington; SC Marion; SC Marlboro; SC McCormick; SC Newberry; SC Orangeburg; SC Saluda; SC Sumter; SC Williamsburg
82,liens,check,"register: Cott Systems eSearch v4 (county-hosted,",1,1094,3,3282,2.2,1492,NC Wayne
83,liens,check,register: County-built 'Greenwood County Document Search' (React app run by the Clerk of C,1,1064,3,3192,2.2,1451,SC Greenwood
84,sqft,fill,tax/property card:,44,31730,1,31730,22.0,1442,NC Greene; NC Montgomery; NC Nash; NC Orange; NC Pamlico; NC Pasquotank; NC Perquimans; NC Person; NC Randolph; NC Robeson; NC Rockingham; NC Sampson; NC Scotland; NC Stokes; NC Surry; NC Warren; NC Watauga; NC Wilkes; NC Yadkin; NC Yancey; SC Abbeville; SC Aiken; SC Bamberg; SC Calhoun; SC Chester; SC Chesterfield; SC Clarendon; SC Darlington; SC Edgefield; SC Fairfield; SC Greenwood; SC Hampton; SC Jasper; SC Kershaw; SC Lancaster; SC Lee; SC Marion; SC Marlboro; SC McCormick; SC Newberry; SC Orangeburg; SC Saluda; SC Sumter; SC Williamsburg
85,two_year_delinquent,verify,tax/property card:,1,240,3,720,0.5,1440,NC Gates
86,marriage_license,check,register: Kofile PublicSearch (now branded 'neumo' in the UI),1,3024,1,3024,2.2,1375,SC Oconee
87,liens,check,register: Logan Systems remote access (classic ASP),4,1306,3,3918,3.0,1306,NC Swain; NC Vance; NC Warren; NC Yadkin
88,liens,check,register: Business Information Systems (BIS) 'The Lookup',1,955,3,2865,2.2,1302,NC Robeson
89,marriage_license,check,register: Tyler Technologies Recorder 'Self-Service' web,1,2802,1,2802,2.2,1274,NC Durham
90,marriage_license,check,register: Kofile/GovOS CountyFusion,1,2790,1,2790,2.2,1268,SC Sumter
91,liens,check,register: Courthouse Computer Systems legacy app self-hosted on a raw IP,1,903,3,2709,2.2,1231,NC Stanly
92,atty_rod_lien_checked,fill,register: Aumentum Recorder web access (Harris Recording Solutions) at,1,1349,2,2698,2.2,1226,NC Moore
93,marriage_license,check,register: Cott Systems eSearch guest sign-in or paid account,1,2694,1,2694,2.2,1225,NC Onslow
94,marriage_license,check,register: 'Online Record System' (NameSearch.php/NamePick.php; the repo's rod/logan.py cal,1,2693,1,2693,2.2,1224,SC Laurens
95,liens,check,"register: Aumentum Recorder web access (Harris Recording Solutions),",1,872,3,2616,2.2,1189,NC Carteret
96,liens,check,register: Online Record System (NameSearch.php / NamePick.php / NameDisplay.php); same pla,1,862,3,2586,2.2,1175,SC Abbeville
97,liens,check,"register: Logan Systems 'Remote Access Site', classic ASP version (opening.asp / welcome.a",3,1091,3,3273,2.8,1169,NC Anson; NC Ashe; NC Bladen
98,marriage_license,check,register: Courthouse Computer Systems (CCHS) classic-ASP online search is a frame onto it),4,3286,1,3286,3.0,1095,NC Gates; NC Hertford; NC Hyde; NC Montgomery
99,marriage_license,check,register: Logan Systems 'The Lookup' PHP index,3,3064,1,3064,2.8,1094,NC Macon; NC McDowell; NC Mitchell
100,liens,check,"register: Courthouse Computer Systems legacy app (self-hosted,",1,795,3,2385,2.2,1084,NC Surry
101,liens,check,"register: Cott Systems eSearch (county-hosted,",1,788,3,2364,2.2,1075,NC Wilson
102,liens,check,"register: Logan Systems 'Remote Access Site', classic ASP version opening.asp / welcome.as",2,887,3,2661,2.5,1064,NC Cherokee; NC Davie
103,liens,check,register: Cott Systems eSearch (county-hosted guest sign-in,1,764,3,2292,2.2,1042,NC Lenoir
104,atty_taxpayer_of_record,fill,tax/property card:,2,505,2,1010,1.0,1010,SC Fairfield; SC Marion
105,marriage_license,check,"register: Courthouse Computer Systems (CCHS) classic-ASP online search, county-hosted at",1,2159,1,2159,2.2,981,NC Orange
106,marriage_license,check,register: ACPASS (county-built CGI) for 7/1/1974-2/20/2026; scanned index pages 7/1/1948-6,1,2136,1,2136,2.2,971,SC Anderson
107,liens,check,"register: Cott Systems eSearch v4 (county-hosted), guest user",1,656,3,1968,2.2,895,NC Granville
108,liens,check,"register: Courthouse Computer Systems (CCS) public web search, new version",1,639,3,1917,2.2,871,NC Watauga
109,atty_rod_lien_checked,fill,register: Courthouse Computer Systems (CCHS) classic-ASP online search,1,931,2,1862,2.2,846,NC Franklin
110,marriage_license,check,register: Online Record System (NameSearch.php / NamePick.php / NameDisplay.php) plus 'Old,1,1860,1,1860,2.2,845,SC Florence
111,liens,check,register: Logan Systems Public Records (v1.3.13),1,584,3,1752,2.2,796,NC Wilkes
112,liens,check,register: Courthouse Computer Systems classic ASP plus county 'Deed History Search By Parc,1,573,3,1719,2.2,781,NC Dare
113,liens,check,register: Cott Systems eSearch v4 (county-hosted guest user,1,566,3,1698,2.2,772,NC Jackson
114,marriage_license,check,register: 'The Lookup',2,1791,1,1791,2.5,716,NC Bertie; NC Columbus
115,marriage_license,check,register: Tyler EagleWeb,1,1552,1,1552,2.2,705,NC Johnston
116,liens,check,register: Courthouse Computer Systems classic ASP fronted by a CCHS-hosted county WordPres,1,512,3,1536,2.2,698,NC Duplin
117,marriage_license,check,register: Courthouse Computer Systems classic ASP,5,2183,1,2183,3.2,682,NC Caldwell; NC Camden; NC Caswell; NC Chowan; NC Currituck
118,marriage_license,check,register: Logan Systems Public Records (v1.3.14),2,1627,1,1627,2.5,651,NC Sampson; NC Union
119,liens,check,register: Cott Systems eSearch guest sign-in,1,476,3,1428,2.2,649,NC Halifax
120,lt_tax_sale,verify,tax/property card:,30,4809,2,9618,15.0,641,NC Alexander; NC Anson; NC Burke; NC Cabarrus; NC Chowan; NC Clay; NC Cumberland; NC Davie; NC Edgecombe; NC Harnett; NC Mecklenburg; NC Montgomery; NC Perquimans; NC Person; NC Randolph; NC Robeson; NC Rowan; NC Rutherford; NC Scotland; NC Stokes; NC Surry; NC Swain; NC Wake; NC Warren; SC Beaufort; SC Charleston; SC Chester; SC Fairfield; SC Georgetown; SC Greenwood
121,liens,check,register: Cott Systems eSearch for 1978-present; separate Courthouse Computer Systems-styl,1,467,3,1401,2.2,637,NC Scotland
122,lt_foreclosure_sale,verify,statewide: trustee/law-firm sale lists + NC public notices,12,303,2,606,1.0,606,NC Brunswick; NC Burke; NC Cleveland; NC Gaston; NC Henderson; NC Lincoln; NC McDowell; NC Mitchell; NC Onslow; NC Polk; NC Rutherford; NC Transylvania
123,marriage_license,check,register: Cott Systems eSearch v4 guest user,2,1510,1,1510,2.5,604,NC Graham; NC Nash
124,atty_rod_lien_checked,fill,"register: Courthouse Computer Systems (CCS) public web search, new version",1,639,2,1278,2.2,581,NC Watauga
125,liens,check,"register: County 'Register Of Deeds Remote Access Site' (classic ASP,",1,423,3,1269,2.2,577,NC Martin
126,marriage_license,check,register: Courthouse Computer Systems classic ASP app BurkeNCNW),1,1186,1,1186,2.2,539,NC Burke
127,atty_rod_lien_checked,fill,register: Courthouse Computer Systems classic ASP plus county 'Deed History Search By Parc,1,573,2,1146,2.2,521,NC Dare
128,marriage_license,check,register: 'Online Record System' (NameSearch.php/NamePick.php/NameDisplay.php),1,1136,1,1136,2.2,516,SC York
129,marriage_license,check,register: Cott Systems eSearch,1,1115,1,1115,2.2,507,SC Marlboro
130,liens,check,register: Logan Systems 'The Lookup' PHP index,1,371,3,1113,2.2,506,NC Macon
131,marriage_license,check,register: Cott Systems RecordRoom,1,1104,1,1104,2.2,502,SC Union
132,marriage_license,check,register: Courthouse Computer Systems classic ASP app ClevelandNCNW),1,1053,1,1053,2.2,479,NC Cleveland
133,atty_rod_lien_checked,fill,register: Courthouse Computer Systems classic ASP fronted by a CCHS-hosted county WordPres,1,512,2,1024,2.2,465,NC Duplin
134,marriage_license,check,register: 'Online Record System' (same vendor platform the repo reads for York/Georgetown ,1,916,1,916,2.2,416,SC Lancaster
135,liens,check,register: 'The Lookup' same platform the repo reads for Clay/Haywood/Yancey),1,304,3,912,2.2,415,NC Avery
136,marriage_license,check,register: 'The Lookup' PHP index,1,869,1,869,2.2,395,NC Haywood
137,marriage_license,check,register: Aumentum Recorder web access (Harris Recording Solutions) at,1,857,1,857,2.2,390,NC Moore
138,liens,check,register: Cott Systems eSearch v4 for current records; Courthouse Computer Systems (us5 jo,1,276,3,828,2.2,376,NC Jones
139,liens,check,"register: County 'Register Of Deeds Remote Access Site' (classic ASP, Full System index fr",1,264,3,792,2.2,360,NC Northampton
140,marriage_license,check,"register: Cott Systems eSearch v4 (county-hosted,",1,764,1,764,2.2,347,NC Wayne
141,marriage_license,check,register: Business Information Systems (BIS) 'The Lookup',1,759,1,759,2.2,345,NC Robeson
142,atty_heir_candidates,fill,probate:,2,230,3,690,2.0,345,SC Greenville; SC Greenwood
143,marriage_license,check,register: Logan Systems remote access (classic ASP),4,1011,1,1011,3.0,337,NC Swain; NC Vance; NC Warren; NC Yadkin
144,marriage_license,check,register: Online Record System (NameSearch.php / NamePick.php / NameDisplay.php); same pla,1,724,1,724,2.2,329,SC Abbeville
145,marriage_license,check,"register: Logan Systems 'Remote Access Site', classic ASP version (opening.asp / welcome.a",3,864,1,864,2.8,309,NC Anson; NC Ashe; NC Bladen
146,liens,check,register: 'The Lookup' land record search (BIS/Logan; repo reader enrichment_rod_lookup.py,1,226,3,678,2.2,308,NC Yancey
147,lt_tax_sale_overage,check,tax/property card:,104,7955,2,15910,52.0,306,NC Alamance; NC Alexander; NC Alleghany; NC Anson; NC Avery; NC Beaufort; NC Brunswick; NC Buncombe; NC Burke; NC Cabarrus; NC Carteret; NC Caswell; NC Catawba; NC Chowan; NC Clay; NC Cumberland; NC Dare; NC Davie; NC Duplin; NC Edgecombe; NC Forsyth; NC Franklin; NC Gaston; NC Gates; NC Graham; NC Granville; NC Greene; NC Guilford; NC Harnett; NC Henderson; NC Hyde; NC Iredell; NC Johnston; NC Jones; NC Lee; NC Madison; NC McDowell; NC Mecklenburg; NC Montgomery; NC Nash; NC Onslow; NC Orange; NC Pamlico; NC Pasquotank; NC Pender; NC Perquimans; NC Person; NC Pitt; NC Randolph; NC Robeson; NC Rockingham; NC Rowan; NC Rutherford; NC Sampson; NC Scotland; NC Stokes; NC Surry; NC Swain; NC Transylvania; NC Wake; NC Warren; NC Watauga; NC Wilkes; NC Yadkin; NC Yancey; SC Abbeville; SC Aiken; SC Allendale; SC Bamberg; SC Barnwell; SC Beaufort; SC Berkeley; SC Charleston; SC Cherokee; SC Chester; SC Chesterfield; SC Clarendon; SC Colleton; SC Darlington; SC Dillon; SC Dorchester; SC Edgefield; SC Florence; SC Georgetown; SC Greenville; SC Greenwood; SC Hampton; SC Horry; SC Jasper; SC Kershaw; SC Lancaster; SC Lee; SC Lexington; SC Marion; SC Marlboro; SC McCormick; SC Newberry; SC Oconee; SC Pickens; SC Saluda; SC Spartanburg; SC Sumter; SC Union; SC Williamsburg
148,marriage_license,check,register: County-built 'Greenwood County Document Search' (React app run by the Clerk of C,1,639,1,639,2.2,290,SC Greenwood
149,liens,check,register: 'The Lookup' behind,1,207,3,621,2.2,282,NC Clay
150,marriage_license,check,"register: Aumentum Recorder web access (Harris Recording Solutions),",1,615,1,615,2.2,280,NC Carteret
151,marriage_license,check,register: Courthouse Computer Systems legacy app self-hosted on a raw IP,1,600,1,600,2.2,273,NC Stanly
152,marriage_license,check,"register: Courthouse Computer Systems legacy app (self-hosted,",1,579,1,579,2.2,263,NC Surry
153,marriage_license,check,register: Cott Systems eSearch (county-hosted guest sign-in,1,548,1,548,2.2,249,NC Lenoir
154,atty_probate_case,fill,probate:,5,412,3,1236,5.0,247,SC Calhoun; SC Greenwood; SC Lexington; SC Newberry; SC Richland
155,marriage_license,check,"register: Cott Systems eSearch (county-hosted,",1,541,1,541,2.2,246,NC Wilson
156,marriage_license,check,"register: Logan Systems 'Remote Access Site', classic ASP version opening.asp / welcome.as",2,603,1,603,2.5,241,NC Cherokee; NC Davie
157,divorce_no_subsequent_deed,check,register: Cott Systems RecordRoom,1,174,3,522,2.2,237,SC Union
158,marriage_license,check,register: Courthouse Computer Systems classic ASP plus county 'Deed History Search By Parc,1,494,1,494,2.2,225,NC Dare
159,marriage_license,check,register: Logan Systems Public Records (v1.3.13),1,474,1,474,2.2,215,NC Wilkes
160,marriage_license,check,"register: Courthouse Computer Systems (CCS) public web search, new version",1,407,1,407,2.2,185,NC Watauga
161,marriage_license,check,register: Cott Systems eSearch v4 (county-hosted guest user,1,383,1,383,2.2,174,NC Jackson
162,marriage_license,check,"register: Cott Systems eSearch v4 (county-hosted), guest user",1,376,1,376,2.2,171,NC Granville
163,marriage_license,check,register: Courthouse Computer Systems classic ASP fronted by a CCHS-hosted county WordPres,1,368,1,368,2.2,167,NC Duplin
164,marriage_license,check,register: Cott Systems eSearch guest sign-in,1,351,1,351,2.2,160,NC Halifax
165,marriage_license,check,register: Cott Systems eSearch for 1978-present; separate Courthouse Computer Systems-styl,1,325,1,325,2.2,148,NC Scotland
166,marriage_license,check,"register: County 'Register Of Deeds Remote Access Site' (classic ASP,",1,299,1,299,2.2,136,NC Martin
167,lt_bankruptcy,verify,statewide: CourtListener/RECAP (federal),7,64,2,128,1.0,128,NC McDowell; NC Mitchell; NC Pender; NC Rutherford; NC Transylvania; SC Anderson; SC Laurens
168,marriage_license,check,register: Cott Systems eSearch v4 for current records; Courthouse Computer Systems (us5 jo,1,201,1,201,2.2,91,NC Jones
169,marriage_license,check,register: 'The Lookup' same platform the repo reads for Clay/Haywood/Yancey),1,200,1,200,2.2,91,NC Avery
170,marriage_license,check,register: 'The Lookup' land record search (BIS/Logan; repo reader enrichment_rod_lookup.py,1,165,1,165,2.2,75,NC Yancey
171,marriage_license,check,"register: County 'Register Of Deeds Remote Access Site' (classic ASP, Full System index fr",1,158,1,158,2.2,72,NC Northampton
172,marriage_license,check,register: 'The Lookup' behind,1,144,1,144,2.2,65,NC Clay
173,lt_tax_lien,check,tax/property card:,3,31,2,62,1.5,41,SC Abbeville; SC McCormick; SC Williamsburg
174,divorce_no_subsequent_deed,check,register: Courthouse Computer Systems classic ASP,1,12,3,36,2.2,16,NC Caswell
175,lt_estate_lead,check,probate:,4,15,2,30,4.0,8,SC Calhoun; SC Greenwood; SC Newberry; SC Richland
176,lt_estate_lead,verify,probate:,2,8,2,16,2.0,8,SC Greenville; SC Lexington
177,atty_heir_candidates,verify,probate:,4,9,3,27,4.0,7,SC Calhoun; SC Lexington; SC Newberry; SC Richland
178,divorce_no_subsequent_deed,check,register: Logan Systems remote access (classic ASP),1,4,3,12,2.2,5,NC Swain
179,lt_tax_sale,check,tax/property card:,1,1,2,2,0.5,4,NC Orange
180,atty_probate_case,verify,probate:,1,1,3,3,1.0,3,SC Greenville
181,divorce_no_subsequent_deed,check,register: Charleston County ROD document search (county-built pages on plus Day Book and A,1,1,3,3,2.2,1,SC Charleston
182,divorce_no_subsequent_deed,check,register: Online Record System (NameSearch.php / NamePick.php / NameDisplay.php),1,1,3,3,2.2,1,SC Colleton
