State,County,Rows,address,parcel_id,owner_name,phone,email,sqft,beds_baths,lot_size,assessed_value,comps,comps_tight,lt_foreclosure_sale,lt_sheriff_sale,lt_lis_pendens,lt_tax_lien,lt_tax_sale,lt_auction,lt_reo,lt_hoa_sale,lt_distressed,lt_divorce_notice,lt_probate_notice,lt_estate_lead,lt_elderly_disabled,lt_tax_sale_overage,lt_bankruptcy,multi_year_delinquent_tax,repeat_tax_loss,heir_estate,heir_naming_publication,owner_cluster,divorce_no_subsequent_deed,marriage_license,bankruptcy_stay,bankruptcy_tax_combo,condemned,vacant_lot,vacant,storm_damage,usps_vacancy,liens,child_support,sc_state_tax_lien,lien_priority,rollback_exposure,jail_booking,jail_booking_new,incarceration,bop_federal,builder_distress,liensnc_related,liensnc_posthumous_filing,sos_dissolution,title_risk,owner_mismatch,notice_service_defect,name_estate_of,name_deceased,name_life_estate,name_heirs,name_et_al,name_trust,name_care_of,two_year_delinquent,tax_aging_surfaced,divorce,probate,vacancy,code_enforcement,deed_chain_has_history,deed_chain_break,deed_chain_distress_transfer,quiet_title,atty_legal_description,atty_deed_ref,atty_taxpayer_of_record,atty_heir_candidates,atty_obituary_match,atty_rod_lien_checked,atty_deed_chain_fetched,atty_probate_case,atty_tax_verified_confirmed
NC,Alamance,2193,79.94,24.99,91.43,29.27,33.24,1.41,1.41,19.02,16.05,0.0,0.0,0.0,0.0,0.14,34.29,0.0,0.0,0.0,0.0,53.58,5.75,0.41,3.65,0.0,0.0,0.0,0.0,0.0,3.65,0.0,7.43,0.0,0.0,0.0,0.0,0.0,0.0,0.0,0.0,0.0,0.0,0.0,0.0,0.0,0.0,0.0,0.0,0.0,0.0,9.9,9.62,0.23,0.0,0.14,1.64,0.0,0.0,0.0,0.18,3.88,0.27,1.09,0.0,0.0,0.0,0.0,0.0,0.0,0.0,22.53,0.0,0.0,0.0,0.0,0.0,6.34,3.74,0.23,0.0,22.53,0.0,0.0
NC,Alexander,247,62.75,29.96,83.81,15.38,23.08,2.83,3.24,15.38,19.43,0.0,0.0,0.0,0.0,0.4,23.08,1.62,0.0,0.0,0.0,60.73,14.17,0.0,0.0,0.0,0.0,0.0,0.0,0.0,0.0,0.0,9.72,0.0,0.0,0.0,0.0,0.0,0.0,0.0,0.0,0.0,0.0,0.0,0.0,0.0,0.0,0.0,0.0,0.0,0.0,6.88,6.88,0.0,0.0,0.0,1.62,0.0,0.0,0.0,0.0,0.0,0.0,0.4,0.0,0.0,0.0,0.0,0.0,0.0,0.0,25.91,0.0,0.0,0.0,0.0,0.0,4.45,0.0,0.0,0.0,25.91,0.0,0.0
NC,Alleghany,155,76.13,34.84,93.55,32.26,36.13,4.52,4.52,25.16,25.16,0.0,0.0,0.0,0.0,0.0,36.13,0.0,0.0,0.0,0.0,63.87,0.0,0.0,0.0,0.0,0.0,0.0,0.0,0.0,0.0,0.0,8.39,0.0,0.0,0.0,0.0,0.0,0.0,0.0,0.0,0.0,0.0,0.0,0.0,0.0,0.0,0.0,0.0,0.0,0.0,11.61,11.61,0.0,0.0,0.0,0.0,0.0,0.0,0.0,0.0,0.0,0.0,1.94,0.0,0.0,0.0,0.0,0.0,0.0,0.0,20.0,0.0,0.0,0.0,0.0,0.0,3.87,0.0,0.0,0.0,20.0,0.0,0.0
NC,Anson,370,58.92,52.43,71.08,11.08,12.97,2.16,2.43,3.24,7.84,5.41,0.0,0.0,0.0,0.0,14.05,1.08,0.0,0.0,0.0,55.95,0.54,6.76,21.62,0.0,0.0,0.0,0.0,0.0,21.62,0.0,8.11,0.0,0.0,0.0,0.0,0.0,0.0,0.0,0.0,0.0,0.0,0.0,0.0,0.0,0.0,0.0,0.0,0.0,0.0,8.65,2.7,0.0,0.0,0.0,0.54,0.0,0.0,0.0,0.0,0.27,0.0,0.0,0.0,0.0,0.0,0.0,0.0,0.0,0.0,28.92,0.0,0.0,0.0,0.0,0.0,26.22,27.84,0.0,0.0,28.92,0.0,0.0
NC,Ashe,351,70.94,27.64,92.31,31.05,37.89,2.28,2.28,24.22,23.65,0.57,0.0,0.0,0.0,0.0,39.32,2.85,0.0,0.0,0.0,50.43,5.41,0.0,0.0,0.0,0.0,0.0,0.0,0.0,0.0,0.0,9.69,0.0,0.0,0.0,0.0,0.0,0.0,0.0,0.0,0.0,0.0,0.0,0.0,0.0,0.0,0.0,0.0,0.0,0.0,12.82,11.97,0.28,0.0,0.0,1.71,0.0,0.0,0.0,0.0,0.85,0.0,0.28,0.0,0.0,0.0,0.0,0.0,0.0,0.0,27.07,0.0,0.0,0.0,0.0,0.0,8.83,0.0,0.0,0.0,27.07,0.0,0.0
NC,Avery,304,51.97,50.99,84.21,12.17,28.62,1.32,1.32,39.8,20.07,0.33,0.0,0.0,0.0,0.33,28.95,0.0,0.0,0.0,0.0,41.45,0.0,0.66,19.08,0.0,0.0,0.0,0.0,0.0,19.08,0.0,6.58,0.0,0.0,0.0,0.0,0.0,0.0,0.0,0.0,0.0,0.0,0.0,0.0,0.0,0.0,0.0,0.0,0.0,0.0,12.17,11.84,0.66,0.0,0.33,0.0,0.0,0.0,0.0,0.66,18.75,0.33,2.3,0.0,0.0,0.0,0.0,0.0,0.0,0.0,19.41,0.0,0.0,0.0,0.0,0.0,34.87,19.41,0.33,0.0,19.41,0.33,0.0
NC,Beaufort,3879,14.46,8.69,96.96,1.96,2.78,0.34,0.31,76.28,80.59,0.08,0.0,0.0,0.0,0.03,85.59,0.0,0.0,0.0,0.0,10.03,0.64,0.05,1.93,0.0,0.0,0.0,0.0,0.0,1.96,0.0,26.79,0.0,0.0,0.0,0.15,0.0,0.0,0.0,0.0,0.0,0.0,0.0,0.0,0.0,0.0,0.0,0.0,0.0,0.0,1.26,1.26,0.03,0.0,0.1,0.08,0.0,0.03,0.0,0.0,2.14,0.0,0.77,0.0,0.0,77.26,0.0,0.0,0.0,0.0,4.49,0.0,0.0,0.0,82.6,0.03,84.97,1.96,0.05,0.0,4.49,0.0,0.03
NC,Bertie,1834,73.28,88.28,99.62,1.15,1.31,0.22,0.22,82.22,59.81,0.0,0.0,0.0,0.0,0.0,84.9,0.0,0.0,0.0,0.0,11.29,0.11,0.05,3.65,0.0,0.0,0.0,0.0,0.0,4.36,0.0,29.55,0.0,0.0,0.0,0.11,0.0,0.0,0.0,0.0,0.0,0.0,0.0,0.0,0.0,0.0,0.0,0.0,0.0,0.0,0.33,0.33,0.0,0.0,0.0,0.0,0.0,0.0,0.0,0.0,15.7,0.0,0.11,0.0,0.0,82.22,0.0,0.0,0.0,0.0,4.53,0.0,0.0,0.0,0.0,0.0,87.4,5.02,0.05,0.0,4.53,0.0,0.0
NC,Bladen,370,52.43,21.35,91.89,6.76,11.62,1.08,1.08,0.81,4.59,0.0,0.0,0.0,0.0,0.0,11.62,0.0,0.0,0.0,0.0,49.19,12.7,14.05,11.89,0.0,0.0,0.0,0.0,0.0,11.89,0.0,11.08,0.0,0.0,0.0,0.0,0.0,0.0,0.0,0.0,0.0,0.0,0.0,0.0,0.0,0.0,0.0,0.0,0.0,0.0,4.32,4.32,0.0,0.0,0.0,2.16,0.0,0.54,0.0,0.0,10.27,0.27,0.27,0.54,0.0,0.0,0.0,3.51,0.0,0.0,42.43,0.0,0.0,0.0,0.0,0.0,14.86,12.97,0.27,0.0,42.43,3.51,0.0
NC,Brunswick,4515,77.65,50.01,81.42,67.49,68.39,8.39,0.91,56.72,43.74,2.15,0.13,0.09,0.0,1.09,71.07,0.11,0.0,0.0,0.0,8.22,2.13,1.71,1.71,0.0,0.0,0.04,0.0,0.0,1.71,0.0,10.96,0.0,0.0,0.02,0.0,0.0,0.0,0.0,0.0,0.0,0.0,0.0,0.0,0.0,0.0,0.0,0.0,0.0,0.0,17.83,16.99,0.0,0.0,1.44,0.69,0.0,0.02,0.0,0.0,1.44,0.0,0.95,0.0,0.0,0.0,0.0,1.44,0.0,0.0,9.5,0.0,0.0,0.0,1.79,4.65,7.95,1.71,0.07,0.04,9.5,0.09,0.0
NC,Buncombe,11907,84.72,75.92,89.15,65.45,8.77,75.73,7.88,61.97,79.31,70.95,5.18,0.65,0.0,0.83,25.35,0.19,0.02,0.03,0.0,25.62,1.09,2.24,1.65,35.79,0.0,0.6,6.07,0.0,1.65,0.0,11.1,0.01,0.23,0.02,0.03,0.0,1.93,0.0,8.42,0.0,0.0,0.0,0.0,0.0,0.78,0.08,0.01,0.13,0.17,7.0,2.91,0.0,0.0,1.49,0.77,0.05,0.02,0.03,0.02,1.58,0.57,4.19,0.02,0.0,9.25,0.0,0.96,0.0,0.0,57.13,0.04,0.04,0.0,7.68,50.84,67.35,1.81,0.6,36.43,57.13,0.29,8.84
NC,Burke,1614,82.65,41.51,90.21,37.3,21.69,38.72,3.1,68.09,64.75,61.96,2.17,2.73,0.0,0.81,22.12,1.18,0.19,0.19,0.0,57.0,3.66,2.11,3.84,0.0,0.0,1.24,0.0,0.0,3.84,0.0,9.98,0.0,0.0,0.0,0.0,0.0,12.21,0.0,0.0,0.0,0.0,0.0,0.0,0.0,0.0,0.19,0.0,0.31,0.06,7.99,7.56,0.06,0.0,2.29,2.23,0.0,0.0,0.0,0.0,2.04,0.0,2.04,0.0,0.0,1.05,0.0,1.92,0.0,0.0,54.52,0.0,0.0,0.0,3.78,31.23,57.87,5.2,0.0,8.3,54.52,1.86,0.0
NC,Cabarrus,2093,67.61,19.35,84.38,28.05,37.84,2.1,2.2,14.57,12.37,11.32,0.24,0.0,0.0,0.33,39.89,0.33,0.0,0.0,0.0,38.51,7.21,9.36,0.05,0.0,0.0,0.0,0.0,0.0,0.0,0.0,9.75,0.0,0.0,0.05,0.0,0.0,0.0,0.0,0.0,0.0,0.0,0.0,0.0,0.0,0.0,0.0,0.0,0.0,0.0,25.61,13.28,0.0,0.0,0.29,0.86,0.0,0.05,0.0,0.0,0.0,0.0,0.53,0.05,0.0,0.0,0.0,8.03,0.0,0.0,24.32,0.0,0.0,0.0,0.0,0.0,9.84,7.93,1.15,0.0,24.32,8.03,0.0
NC,Caldwell,765,80.39,37.65,89.93,21.18,27.06,3.4,3.53,35.56,24.44,0.0,0.0,0.0,0.0,0.0,28.89,3.79,0.0,0.0,0.0,51.24,6.01,0.13,7.84,0.0,0.0,0.0,0.0,0.0,7.84,0.0,9.8,0.0,0.0,0.0,0.0,0.0,0.0,0.0,0.0,0.0,0.0,0.0,0.0,0.0,0.0,0.0,0.0,0.0,0.0,10.98,10.98,0.0,0.0,0.0,0.92,0.0,0.13,0.0,0.0,6.67,0.13,0.52,0.0,0.0,0.0,0.0,0.13,0.0,0.0,13.99,0.0,0.0,0.0,0.0,0.0,15.95,7.84,0.0,0.0,13.99,0.13,0.0
NC,Camden,138,89.13,39.13,94.93,44.2,55.8,2.17,1.45,37.68,2.17,0.0,0.0,0.0,0.0,0.0,56.52,0.0,0.0,0.0,0.0,42.03,0.72,0.0,0.0,0.0,0.0,0.0,0.0,0.0,0.0,0.0,22.46,0.0,0.0,0.0,0.0,0.0,0.0,0.0,0.0,0.0,0.0,0.0,0.0,0.0,0.0,0.0,0.0,0.0,0.0,22.46,22.46,0.0,0.0,0.0,0.0,0.0,0.0,0.0,0.0,0.0,0.72,0.0,0.0,0.0,0.0,0.0,0.0,0.0,0.0,0.72,0.0,0.0,0.0,0.0,0.0,1.45,0.0,0.0,0.0,0.72,0.0,0.0
NC,Carteret,872,86.81,42.89,90.94,33.72,40.48,5.73,6.31,53.21,33.72,4.01,2.06,0.0,0.0,1.03,41.86,0.0,0.0,0.11,0.0,40.14,0.0,3.67,7.0,0.0,0.0,0.92,0.0,0.0,7.0,0.0,12.96,0.0,0.0,0.0,0.0,0.0,0.0,0.0,0.0,0.0,0.0,0.0,0.0,0.0,0.0,0.0,0.0,0.0,0.0,17.43,17.2,0.0,0.0,1.15,1.03,0.0,0.57,0.0,0.0,5.96,0.69,0.57,0.46,0.0,0.0,0.0,3.56,0.0,0.0,13.53,0.0,0.0,0.0,2.52,4.93,16.06,7.11,0.11,0.0,13.53,2.41,0.0
NC,Caswell,477,39.62,65.2,93.08,7.76,12.37,0.42,0.42,16.14,6.71,0.21,0.0,0.0,0.0,0.63,12.37,0.0,0.0,0.0,0.0,66.88,2.52,0.21,16.77,0.0,0.0,0.0,0.0,0.0,16.77,0.0,13.42,0.0,0.0,0.0,0.0,0.0,0.0,0.0,0.0,0.0,0.0,0.0,0.0,0.0,0.0,0.0,0.0,0.0,0.0,2.1,1.89,0.0,0.0,0.63,0.0,0.0,0.0,0.0,0.0,15.72,0.0,2.52,9.85,0.0,0.0,0.0,0.0,0.0,0.0,16.98,0.0,0.0,0.0,0.0,0.21,19.29,16.98,0.0,0.0,16.98,0.21,0.0
NC,Catawba,7840,28.3,14.55,98.15,10.73,12.6,0.54,0.45,19.44,18.37,6.29,0.05,0.0,0.0,0.14,82.73,0.14,0.0,0.0,0.0,13.33,1.63,0.7,1.01,0.0,0.0,0.0,0.0,0.0,1.03,0.0,22.24,0.0,0.0,0.0,0.01,0.0,0.0,0.0,0.0,0.0,0.0,0.0,0.0,0.0,0.0,0.0,0.0,0.0,0.0,3.65,3.21,0.13,0.0,0.1,0.32,0.0,0.01,0.0,0.0,8.71,0.0,0.82,0.0,0.05,69.6,0.0,0.6,0.0,0.0,3.52,0.0,0.0,0.0,6.28,0.13,72.64,1.59,0.08,0.08,3.52,0.6,0.0
NC,Chatham,1051,76.88,41.2,92.86,30.54,43.1,0.48,0.48,29.69,23.03,0.0,0.0,0.0,0.0,0.1,44.05,0.38,0.0,0.0,0.0,40.44,4.47,0.19,7.42,0.0,0.0,0.0,0.0,0.0,7.42,0.0,5.14,0.0,0.0,0.0,0.0,0.0,0.0,0.0,0.0,0.0,0.0,0.0,0.0,0.0,0.0,0.0,0.0,0.0,0.0,23.5,22.26,0.1,0.0,0.1,1.62,0.0,0.0,0.0,0.0,6.76,0.29,2.0,0.0,0.0,0.0,0.0,0.1,0.0,0.0,11.99,0.0,0.0,0.0,0.0,0.0,12.27,7.61,0.0,0.0,11.99,0.1,0.0
NC,Cherokee,405,65.93,41.98,82.96,32.84,40.74,35.06,4.44,34.81,27.65,0.0,0.0,0.0,0.0,1.23,43.95,3.7,0.0,0.0,0.0,37.28,4.2,0.25,4.94,0.0,0.0,0.0,0.0,0.0,4.94,0.0,12.84,0.0,0.0,0.0,0.0,0.0,0.0,0.0,0.0,0.0,0.0,0.0,0.0,0.0,0.0,0.0,0.0,0.0,0.0,12.1,11.6,0.0,0.0,1.23,0.99,0.0,0.0,0.0,0.0,3.46,0.25,0.74,1.48,0.0,0.0,0.0,0.0,0.0,0.0,31.6,0.0,0.0,0.0,0.0,0.0,12.84,4.94,0.25,0.0,31.6,0.0,0.0
NC,Chowan,1057,94.51,90.16,98.77,5.3,5.77,0.28,0.28,0.38,0.38,0.19,0.0,0.0,0.0,0.0,87.89,0.47,0.0,0.0,0.0,7.95,0.47,0.09,3.12,0.0,0.0,0.0,0.0,0.0,3.88,0.0,37.84,0.0,0.0,0.0,0.0,0.0,0.0,0.0,0.0,0.0,0.0,0.0,0.0,0.0,0.0,0.0,0.0,0.0,0.0,0.95,0.85,0.0,0.0,0.0,0.28,0.0,0.0,0.0,0.0,3.88,0.0,0.66,0.19,0.0,82.21,0.0,0.0,0.0,0.0,88.36,0.0,0.0,0.0,3.22,0.0,85.71,4.07,0.0,0.0,88.36,0.09,0.0
NC,Clay,207,64.73,50.24,90.82,19.81,30.43,19.32,3.86,3.38,12.08,0.0,0.0,0.0,0.0,0.0,31.4,3.86,0.0,0.0,0.0,28.02,5.8,0.0,29.95,0.0,0.0,0.0,0.0,0.0,29.95,0.0,7.25,0.0,0.0,0.0,0.0,0.0,0.0,0.0,0.0,0.0,0.0,0.0,0.0,0.0,0.0,0.0,0.0,0.0,0.0,9.66,9.66,0.0,0.0,0.0,0.97,0.0,0.0,0.0,0.0,7.73,0.0,0.48,0.0,0.0,0.0,0.0,0.0,0.0,0.0,35.75,0.0,0.0,0.0,0.0,0.0,35.75,29.95,0.0,0.0,35.75,0.0,0.0
NC,Cleveland,1365,73.26,5.35,82.78,28.57,19.71,51.72,4.98,50.04,58.53,54.21,2.34,3.88,0.0,2.64,21.98,1.1,0.37,0.73,0.0,42.71,4.32,2.12,6.23,0.0,0.0,1.9,0.0,0.0,5.71,0.0,11.36,0.0,0.0,0.0,0.0,0.0,0.07,0.0,0.0,0.0,0.0,0.0,0.0,0.0,0.0,0.15,0.0,0.07,0.0,13.7,5.2,0.07,0.0,5.05,3.22,0.0,0.07,0.0,0.15,3.66,0.0,0.29,0.0,0.0,4.54,0.0,0.15,0.0,0.0,33.41,0.07,0.15,0.0,2.86,22.93,45.71,5.57,1.54,7.4,33.41,0.51,0.37
NC,Columbus,569,71.0,11.25,86.29,13.53,17.93,1.41,1.41,10.72,8.79,0.0,0.0,0.0,0.0,0.35,23.2,0.0,0.0,0.0,0.0,62.74,4.57,8.61,0.0,0.0,0.0,0.0,0.0,0.0,0.0,0.0,7.21,0.0,0.0,0.0,0.0,0.0,0.0,0.0,0.0,0.0,0.0,0.0,0.0,0.0,0.0,0.0,0.0,0.0,0.0,4.22,4.22,0.0,0.0,0.35,1.23,0.0,0.0,0.0,0.0,0.0,0.0,0.35,0.0,0.0,0.0,0.0,1.76,0.0,0.0,11.42,0.0,0.0,0.0,0.0,0.0,3.87,1.76,0.18,0.0,11.42,1.76,0.0
NC,Craven,1247,83.16,24.06,90.54,21.49,30.39,2.33,2.49,25.34,19.97,1.44,0.32,0.0,0.0,1.04,32.4,0.0,0.0,0.0,0.0,52.93,4.25,0.56,6.01,0.0,0.0,0.0,0.0,0.0,6.01,0.0,16.84,0.0,0.0,0.0,0.0,0.0,0.0,0.0,0.0,0.0,0.0,0.0,0.0,0.0,0.0,0.0,0.0,0.0,0.0,11.15,10.99,0.0,0.0,1.84,1.04,0.0,0.56,0.0,0.0,4.73,0.08,0.8,0.0,0.0,0.0,0.0,0.0,0.0,0.0,10.91,0.0,0.0,0.0,0.0,0.0,9.86,6.17,0.24,0.0,10.91,0.0,0.0
NC,Cumberland,7148,66.26,59.37,95.1,7.23,8.95,1.32,1.34,55.57,5.97,0.29,0.0,0.0,0.0,0.43,61.67,0.06,0.0,0.0,0.0,29.81,6.34,0.2,0.74,0.0,0.0,0.0,0.0,0.0,1.05,0.0,18.12,0.0,0.0,0.0,0.2,0.0,0.0,0.0,0.0,0.0,0.0,0.0,0.0,0.0,0.0,0.0,0.0,0.0,0.0,2.99,2.87,0.06,0.0,0.22,2.0,0.0,0.01,0.0,0.67,6.69,0.22,1.4,0.1,0.0,51.57,0.0,0.0,0.0,0.0,7.55,0.0,0.0,0.0,0.04,0.0,53.88,1.76,0.13,0.0,7.55,0.03,0.0
NC,Currituck,512,84.96,62.7,89.06,43.75,54.1,4.88,1.76,64.45,52.54,2.15,0.0,0.0,0.0,0.2,55.47,0.0,0.0,0.0,0.0,19.53,3.91,0.0,15.04,0.0,0.0,0.0,0.0,0.0,15.04,0.0,18.55,0.0,0.0,0.0,0.0,0.0,0.0,0.0,0.0,0.0,0.0,0.0,0.0,0.0,0.0,0.0,0.0,0.0,0.0,14.06,13.67,0.2,0.0,1.37,1.17,0.0,0.0,0.0,0.0,7.81,0.0,2.73,0.0,0.0,0.0,0.0,0.0,0.0,0.0,18.95,0.0,0.0,0.0,0.0,0.0,19.92,15.04,0.0,0.0,18.95,0.2,0.0
NC,Dare,573,79.06,34.55,82.9,41.36,50.26,4.36,0.87,34.73,37.52,1.22,0.17,0.0,0.0,2.62,52.01,0.0,0.0,0.0,0.0,28.97,5.41,0.52,0.0,0.0,0.0,0.0,0.0,0.0,0.0,0.0,18.85,0.0,0.0,0.0,0.0,0.0,0.0,0.0,0.0,0.0,0.0,0.0,0.0,0.0,0.0,0.0,0.0,0.0,0.0,17.8,17.8,0.0,0.0,1.22,1.4,0.0,0.0,0.0,0.0,0.0,0.0,0.0,0.17,0.0,0.0,0.0,0.17,0.0,0.0,6.98,0.0,0.0,0.0,0.0,0.0,4.71,0.0,0.17,0.0,6.98,0.0,0.0
NC,Davidson,4921,25.95,75.39,96.16,10.77,11.79,0.65,0.65,72.44,6.08,0.04,0.0,0.0,0.0,0.14,77.14,0.12,0.0,0.0,0.0,19.2,2.64,0.06,0.0,0.0,0.0,0.0,0.0,0.0,0.0,0.0,23.86,0.0,0.0,0.0,0.02,0.0,0.0,0.0,0.0,0.0,0.0,0.0,0.0,0.0,0.0,0.0,0.0,0.0,0.0,2.87,2.8,0.0,0.0,0.14,0.55,0.0,0.0,0.0,0.0,0.63,0.55,0.85,0.0,0.0,64.91,0.0,0.0,0.0,0.0,73.83,0.0,0.0,0.0,0.0,0.0,65.72,0.02,0.04,0.0,73.83,0.0,0.0
NC,Davie,482,69.09,45.02,95.23,19.92,24.9,1.45,1.45,25.73,12.24,0.0,0.0,0.0,0.0,0.0,25.31,1.45,0.0,0.0,0.0,58.09,0.0,0.21,13.9,0.0,0.0,0.0,0.0,0.0,13.9,0.0,9.54,0.0,0.0,0.0,0.0,0.0,0.0,0.0,0.0,0.0,0.0,0.0,0.0,0.0,0.0,0.0,0.0,0.0,0.0,12.66,12.66,0.0,0.0,0.0,0.0,0.0,0.41,0.0,0.0,10.37,0.0,0.62,0.0,0.0,0.0,0.0,0.0,0.0,0.0,14.11,0.0,0.0,0.0,0.0,0.0,19.92,14.11,0.21,0.0,14.11,0.0,0.0
NC,Duplin,512,70.51,23.24,86.33,20.9,26.76,1.76,1.76,14.06,16.99,0.0,0.0,0.0,0.0,0.2,30.27,0.0,0.0,0.0,0.0,60.55,6.05,0.0,0.0,0.0,0.0,0.0,0.0,0.0,0.0,0.0,8.4,0.0,0.0,0.0,0.0,0.0,0.0,0.0,0.0,0.0,0.0,0.0,0.0,0.0,0.0,0.0,0.0,0.0,0.0,7.42,7.42,0.0,0.0,0.2,1.76,0.0,0.0,0.0,0.0,0.0,0.39,0.39,0.0,0.0,0.0,0.0,0.0,0.0,0.0,5.86,0.0,0.0,0.0,0.0,0.0,3.52,0.0,0.0,0.0,5.86,0.0,0.0
NC,Durham,5262,84.3,44.56,88.05,28.79,32.16,0.7,0.7,46.29,37.23,0.29,0.0,0.0,0.0,0.36,32.8,0.02,0.0,0.0,0.0,59.98,2.72,0.11,1.37,0.0,0.0,0.0,0.0,0.0,1.39,0.0,7.07,0.0,0.0,0.0,0.0,0.0,0.0,0.0,0.0,0.0,0.0,0.0,0.0,0.0,0.0,0.0,0.0,0.0,0.0,11.31,10.62,0.04,0.0,0.36,1.12,0.0,0.1,0.0,0.0,1.24,0.11,1.33,0.08,0.0,0.0,0.0,0.02,0.0,16.59,42.34,0.0,0.0,0.0,0.1,0.0,3.12,1.54,0.04,0.0,42.34,0.02,0.0
NC,Edgecombe,938,86.57,57.36,94.14,5.76,7.14,1.07,1.17,4.58,47.55,1.49,0.0,0.0,0.0,0.0,7.57,1.17,0.0,0.0,0.0,79.96,2.03,2.13,7.14,0.0,0.0,0.0,0.0,0.0,7.14,0.0,7.57,0.0,0.0,0.0,0.0,13.22,0.0,0.0,0.0,0.0,0.0,0.0,0.0,0.0,0.0,0.0,0.0,0.0,0.0,3.2,3.09,0.21,0.0,0.0,0.21,0.0,0.0,0.0,0.43,8.42,10.98,0.53,0.11,0.0,0.0,0.0,0.0,14.82,0.0,11.3,0.0,0.0,0.0,0.0,0.0,45.63,7.14,2.13,2.45,11.3,0.0,0.0
NC,Forsyth,9633,67.01,65.92,94.24,10.3,11.91,0.77,0.76,63.4,60.24,1.58,0.02,0.0,0.0,1.26,67.84,0.05,0.0,0.0,0.0,25.54,2.34,1.37,0.37,0.0,0.0,0.0,0.0,0.0,0.75,0.0,15.97,0.0,0.0,0.0,0.07,0.0,0.0,0.0,0.0,0.0,0.0,0.0,0.0,0.0,0.0,0.0,0.0,0.0,0.0,4.11,4.03,0.04,0.0,1.16,0.5,0.0,0.01,0.0,0.17,5.3,0.07,1.58,0.0,0.0,54.2,0.0,0.02,0.0,0.0,3.84,0.0,0.0,0.0,55.67,0.0,56.96,2.24,0.15,0.0,3.84,0.02,24.26
NC,Franklin,931,64.98,28.89,85.18,37.7,45.44,1.83,1.83,18.15,9.45,0.0,0.0,0.0,0.0,0.21,46.94,0.0,0.0,0.0,0.0,35.23,5.69,0.21,7.84,0.0,0.0,0.0,0.0,0.0,7.84,0.0,7.41,0.0,0.0,0.0,0.0,0.0,0.0,0.0,0.0,0.0,0.0,0.0,0.0,0.0,0.0,0.0,0.0,0.0,0.0,17.4,16.86,0.0,0.0,0.21,0.54,0.0,0.0,0.0,0.21,6.02,0.0,1.18,0.0,0.0,0.0,0.0,0.11,0.0,0.0,18.47,0.0,0.0,0.0,0.0,0.0,14.82,7.84,0.11,0.0,18.47,0.11,0.0
NC,Gaston,25824,96.05,94.01,97.4,29.41,3.57,61.98,1.4,93.96,80.56,30.75,0.26,0.29,0.0,0.29,1.8,0.0,0.01,0.05,0.0,88.92,0.56,0.22,1.49,0.0,0.0,0.03,0.0,0.0,1.71,0.0,22.54,0.0,0.0,0.0,0.0,0.0,0.0,0.0,0.0,0.0,0.0,0.0,0.0,0.0,0.0,0.04,0.0,0.03,0.0,2.47,1.26,0.03,0.0,0.41,0.19,0.0,0.03,0.0,1.34,4.74,0.0,2.17,0.03,0.0,0.01,0.0,0.16,0.0,5.81,32.95,0.01,0.01,0.0,84.27,0.88,84.43,1.73,0.05,2.77,32.95,0.14,0.0
NC,Gates,787,70.01,54.13,98.09,3.05,4.32,0.51,0.51,50.06,45.74,1.65,0.0,0.0,0.0,0.0,80.94,0.0,0.0,0.0,0.0,8.13,2.16,0.0,8.77,0.0,0.0,0.0,0.0,0.0,10.17,0.0,12.96,0.0,0.0,0.0,0.13,0.0,0.0,0.0,0.0,0.0,0.0,0.0,0.0,0.0,0.0,0.0,0.0,0.0,0.0,1.52,0.51,0.0,0.0,0.0,0.25,0.0,0.25,0.0,0.76,21.6,0.0,0.0,0.0,30.5,76.49,0.0,0.0,0.0,0.0,11.69,0.0,0.0,0.0,24.52,0.0,86.4,10.17,0.0,0.0,11.69,0.0,0.0
NC,Graham,814,61.67,93.49,99.63,1.23,1.6,26.54,0.0,77.64,51.23,0.86,0.0,0.0,0.0,0.0,92.51,0.0,0.0,0.0,0.0,7.0,0.25,0.12,0.0,0.0,0.0,0.0,0.0,0.0,0.0,0.0,27.52,0.0,0.0,0.0,0.12,0.0,0.0,0.0,0.0,0.0,0.0,0.0,0.0,0.0,0.0,0.0,0.0,0.0,0.0,1.35,0.37,0.0,0.0,0.0,0.0,0.0,0.0,0.0,0.0,0.74,0.25,2.09,2.58,44.96,89.43,0.0,0.0,0.0,0.0,0.37,0.0,0.0,0.0,34.64,0.0,91.15,0.0,0.12,0.0,0.37,0.0,40.42
NC,Granville,656,79.27,32.62,92.99,30.79,38.11,1.98,1.98,24.54,15.24,0.0,0.0,0.0,0.0,0.46,39.63,0.0,0.0,0.0,0.0,45.73,3.81,0.15,9.6,0.0,0.0,0.0,0.0,0.0,9.6,0.0,7.32,0.0,0.0,0.0,0.0,0.0,0.0,0.0,0.0,0.0,0.0,0.0,0.0,0.0,0.0,0.0,0.0,0.0,0.0,12.35,12.2,0.0,0.0,0.3,0.61,0.0,0.0,0.0,0.0,9.76,0.91,0.46,4.12,0.0,0.0,0.0,0.0,0.0,0.0,13.57,0.0,0.0,0.0,0.0,0.0,12.04,9.6,0.15,0.0,13.57,0.0,0.0
NC,Greene,254,80.71,36.22,94.88,6.3,10.24,0.0,0.0,31.1,3.94,0.0,0.0,0.0,0.0,0.0,10.63,0.0,0.0,0.0,0.0,57.87,3.94,0.39,27.17,0.0,0.0,0.0,0.0,0.0,27.17,0.0,3.94,0.0,0.0,0.0,0.0,0.0,0.0,0.0,0.0,0.0,0.0,0.0,0.0,0.0,0.0,0.0,0.0,0.0,0.0,1.57,1.18,0.0,0.0,0.0,1.18,0.0,0.0,0.0,0.0,23.23,0.0,0.0,15.75,0.0,0.0,0.0,0.0,0.0,0.0,30.31,0.0,0.0,0.0,0.0,0.0,29.53,27.56,0.39,0.0,30.31,0.0,0.0
NC,Guilford,11485,56.42,16.27,91.35,7.62,11.23,4.9,3.97,42.55,40.84,1.01,0.0,0.0,0.0,0.3,49.74,0.06,0.0,0.0,0.0,41.62,3.0,1.52,0.57,0.0,0.0,0.0,0.0,0.0,0.53,0.0,20.18,0.0,0.0,0.0,0.03,0.0,0.0,0.0,0.0,0.0,0.0,0.0,0.0,0.0,0.0,0.0,0.0,0.0,0.0,4.15,4.08,0.02,0.0,0.24,0.4,0.0,0.04,0.0,0.0,1.38,0.1,1.16,0.02,0.0,29.61,0.0,0.08,0.0,5.48,3.29,0.0,0.0,0.0,37.55,0.0,42.34,1.74,0.1,0.0,3.29,0.08,0.91
NC,Halifax,476,74.37,22.48,85.71,8.82,11.34,3.78,3.57,18.7,9.87,0.0,0.0,0.0,0.0,0.42,15.55,0.0,0.0,0.0,0.0,68.07,5.88,0.84,8.4,0.0,0.0,0.0,0.0,0.0,8.4,0.0,9.45,0.0,0.0,0.0,0.0,0.0,0.0,0.0,0.0,0.0,0.0,0.0,0.0,0.0,0.0,0.0,0.0,0.0,0.0,4.62,4.62,0.0,0.0,0.42,0.84,0.0,0.0,0.0,0.0,8.4,0.0,1.26,0.0,0.0,0.0,0.0,0.21,0.0,0.0,15.13,0.0,0.0,0.0,0.0,0.0,10.29,8.61,0.42,0.0,15.13,0.21,0.0
NC,Harnett,2068,80.66,47.53,89.31,56.29,62.52,1.69,1.69,42.5,29.11,0.0,0.0,0.0,0.0,0.53,63.3,1.31,0.0,0.0,0.0,22.73,4.98,0.05,3.0,0.0,0.0,0.0,0.0,0.0,3.0,0.0,7.83,0.0,0.0,0.0,0.0,0.0,0.0,0.0,0.0,0.0,0.0,0.0,0.0,0.0,0.0,0.0,0.0,0.0,0.0,25.19,24.9,0.0,0.0,0.53,1.11,0.0,0.0,0.0,0.0,2.76,0.0,0.24,0.0,0.0,0.0,0.0,0.0,0.0,0.0,44.15,0.0,0.0,0.0,0.0,0.0,9.96,3.05,0.05,0.0,44.15,0.0,0.0
NC,Haywood,1128,54.52,26.15,62.41,15.43,21.54,37.32,1.51,24.29,17.46,10.11,0.27,0.0,0.0,1.15,22.43,0.18,0.0,0.0,0.0,34.4,3.01,2.39,5.85,0.0,0.0,0.0,0.0,0.0,5.85,0.0,6.21,0.0,0.0,0.18,0.0,0.0,0.0,0.0,0.0,0.0,0.0,0.0,0.0,0.0,0.0,0.0,0.0,0.0,0.0,18.35,6.65,0.18,0.0,0.53,0.27,0.0,0.09,0.0,0.0,5.23,0.0,0.53,0.0,0.0,0.0,0.0,2.22,0.0,0.0,26.15,0.0,0.0,0.0,0.0,0.0,11.17,5.94,0.09,0.0,26.15,0.0,0.0
NC,Henderson,3737,59.7,74.39,94.19,36.9,14.08,59.81,1.95,81.83,79.82,55.66,1.18,0.83,0.0,0.72,57.88,0.37,0.11,0.08,0.0,19.03,2.33,0.51,6.07,0.0,0.0,1.55,0.0,0.0,6.37,0.0,37.17,0.0,0.0,0.0,0.08,0.08,11.67,0.0,0.0,0.0,0.0,0.0,0.0,0.0,0.03,0.13,0.0,0.11,0.0,11.32,4.5,0.05,0.0,1.53,3.56,0.0,0.08,0.0,0.21,5.3,0.03,5.03,0.0,0.99,44.29,0.0,0.24,1.04,6.5,63.45,0.29,0.29,0.0,47.39,39.68,68.91,6.48,0.11,23.23,63.45,0.21,18.52
NC,Hertford,321,75.08,28.66,93.15,4.36,6.23,3.74,3.74,28.04,7.17,0.93,0.0,0.0,0.0,0.0,6.54,0.0,0.0,0.0,0.0,69.78,2.18,0.62,20.87,0.0,0.0,0.0,0.0,0.0,20.87,0.0,15.58,0.0,0.0,0.0,0.0,0.0,0.0,0.0,0.0,0.0,0.0,0.0,0.0,0.0,0.0,0.0,0.0,0.0,0.0,1.56,1.56,0.0,0.0,0.0,0.62,0.0,0.0,0.0,0.0,19.63,0.0,0.0,0.0,0.0,0.0,0.0,0.31,0.0,0.0,27.1,0.0,0.0,0.0,0.0,0.0,21.5,21.18,0.0,0.0,27.1,0.31,0.0
NC,Hoke,3328,66.8,87.02,98.65,8.17,8.77,0.21,0.21,0.21,0.24,0.0,0.0,0.0,0.0,0.0,93.96,0.0,0.0,0.0,0.0,4.84,1.2,0.0,0.0,0.0,0.0,0.0,0.0,0.0,0.0,0.0,34.47,0.0,0.0,0.0,0.12,0.0,0.0,0.0,0.0,0.0,0.0,0.0,0.0,0.0,0.0,0.0,0.0,0.0,0.0,1.8,1.74,0.0,0.0,0.0,0.42,0.0,0.03,0.0,0.09,2.31,0.21,0.15,0.03,0.0,84.34,0.0,0.0,0.0,0.0,1.17,0.0,0.0,0.0,0.0,0.0,85.04,0.0,0.0,0.0,1.17,0.0,0.0
NC,Hyde,2757,3.34,19.51,99.82,0.22,0.51,1.34,0.07,38.63,54.37,1.2,0.0,0.0,0.0,0.0,98.44,0.0,0.0,0.04,0.0,1.49,0.0,0.04,0.0,0.0,0.0,0.0,0.0,0.0,0.0,0.0,66.38,0.0,0.0,0.0,0.0,0.0,0.0,0.0,0.0,0.0,0.0,0.0,0.0,0.0,0.0,0.0,0.0,0.0,0.0,0.07,0.04,0.0,0.0,0.0,0.0,0.0,0.0,0.0,0.0,7.58,0.0,0.36,0.0,0.04,95.03,0.0,0.0,0.0,0.0,0.07,0.0,0.0,0.0,96.3,0.0,98.04,0.15,0.0,0.0,0.07,0.04,0.15
NC,Iredell,4520,81.9,68.89,92.5,11.46,16.02,0.91,0.93,51.73,66.59,4.54,0.09,0.0,0.0,0.53,69.6,0.0,0.0,0.0,0.0,20.42,4.07,1.53,1.39,0.0,0.0,0.0,0.0,0.0,1.46,0.0,14.54,0.0,0.0,0.0,0.0,0.0,0.0,0.0,0.0,0.0,0.0,0.0,0.0,0.0,0.0,0.0,0.0,0.0,0.0,9.71,5.27,0.04,0.0,0.49,0.66,0.0,0.0,0.0,0.0,10.24,4.0,0.49,0.04,0.0,52.35,0.0,1.42,0.0,0.0,69.45,0.0,0.0,0.0,0.0,0.0,57.01,2.9,0.04,0.0,69.45,1.42,0.0
NC,Jackson,566,65.37,43.64,85.87,21.2,30.39,41.52,2.83,31.8,20.32,13.07,0.0,0.0,0.0,1.41,31.45,0.0,0.0,0.0,0.0,45.94,4.42,0.0,11.66,0.0,0.0,0.0,0.0,0.0,12.01,0.0,6.18,0.0,0.0,0.0,0.0,0.0,0.0,0.0,0.0,0.0,0.0,0.0,0.0,0.0,0.0,0.0,0.0,0.0,0.0,24.56,12.54,0.0,0.0,0.35,0.88,0.0,0.0,0.0,0.0,9.89,1.41,2.83,0.0,0.0,0.0,0.0,0.0,0.0,0.0,16.43,0.0,0.0,0.0,0.0,0.0,16.08,12.01,0.0,0.0,16.43,0.0,0.0
NC,Johnston,2541,70.01,29.24,87.13,45.69,51.75,1.69,1.73,26.05,20.07,0.0,0.0,0.0,0.0,0.35,53.52,0.0,0.0,0.0,0.0,25.86,6.49,7.63,1.46,0.0,0.0,0.0,0.0,0.0,1.46,0.0,10.43,0.0,0.0,0.0,0.0,0.0,0.0,0.0,0.0,0.0,0.0,0.0,0.0,0.0,0.0,0.0,0.0,0.0,0.0,20.27,19.68,0.04,0.0,0.35,1.89,0.0,0.08,0.0,0.08,1.1,0.04,0.67,0.04,0.0,0.0,0.0,6.49,0.0,0.0,15.66,0.0,0.0,0.0,0.0,0.0,3.97,6.81,0.83,0.0,15.66,6.49,0.0
NC,Jones,276,43.84,25.36,84.06,7.25,8.7,2.54,2.54,23.19,7.61,0.0,0.0,0.0,0.0,0.36,9.06,0.0,0.0,0.0,0.0,25.0,47.1,0.0,18.12,0.0,0.0,0.0,0.0,0.0,18.12,0.0,3.26,0.0,0.0,0.0,0.0,0.0,0.0,0.0,0.0,0.0,0.0,0.0,0.0,0.0,0.0,0.0,0.0,0.0,0.0,3.62,3.26,0.0,0.0,0.36,17.75,0.0,0.0,0.0,0.0,17.39,0.0,0.0,0.0,0.0,0.0,0.0,0.0,0.0,0.0,65.22,0.0,0.0,0.0,0.0,0.0,18.12,18.12,0.0,0.0,65.22,0.0,0.0
NC,Lee,797,62.74,19.7,93.1,34.63,37.39,0.38,0.38,11.29,10.92,0.0,0.0,0.0,0.0,0.25,37.14,0.0,0.0,0.0,0.0,51.44,8.16,0.25,0.0,0.0,0.0,0.0,0.0,0.0,0.0,0.0,10.66,0.0,0.0,0.0,0.0,0.0,0.0,0.0,0.0,0.0,0.0,0.0,0.0,0.0,0.0,0.0,0.0,0.0,0.0,14.81,14.68,0.0,0.0,0.0,2.13,0.0,0.13,0.0,0.0,0.0,0.0,0.25,0.0,0.0,0.0,0.0,0.0,0.0,0.0,8.66,0.0,0.0,0.0,0.0,0.0,1.51,0.13,0.0,0.0,8.66,0.0,0.0
NC,Lenoir,764,83.38,13.35,93.46,10.34,12.43,1.83,1.83,13.22,13.87,0.0,0.0,0.0,0.0,0.0,13.61,0.0,0.0,0.0,0.0,79.58,4.97,0.79,0.0,0.0,0.0,0.0,0.0,0.0,0.0,0.0,9.03,0.0,0.0,0.0,0.0,5.89,0.0,0.0,0.0,0.0,0.0,0.0,0.0,0.0,0.0,0.0,0.0,0.0,0.0,6.28,6.28,0.13,0.0,0.0,1.44,0.0,0.0,0.13,0.0,1.57,0.13,0.13,0.13,0.0,0.0,0.0,0.0,0.26,0.0,16.88,0.0,0.0,0.0,0.0,0.0,7.33,0.0,0.26,0.0,16.88,0.0,0.0
NC,Lincoln,17249,93.74,90.62,98.62,74.96,2.16,24.55,10.58,96.83,94.94,17.47,3.07,0.13,0.0,0.1,7.92,0.03,0.0,0.02,0.0,4.1,0.0,0.02,1.5,0.0,0.0,0.1,0.0,0.0,1.99,0.0,42.11,0.0,0.0,0.01,0.0,0.0,0.0,0.0,0.01,0.0,0.0,0.0,0.0,0.0,0.0,0.01,0.0,0.02,0.0,1.24,0.49,0.06,0.0,0.1,0.05,0.0,0.16,0.0,2.77,3.93,0.03,2.13,0.01,0.0,9.09,0.0,0.01,0.0,0.38,95.69,0.02,0.02,0.0,6.64,94.71,95.45,1.99,0.01,0.07,95.69,0.02,0.0
NC,Macon,371,59.84,35.85,87.87,16.98,25.88,38.81,4.31,18.6,19.95,12.13,0.27,0.0,0.0,0.27,26.68,0.0,0.0,0.0,0.0,61.99,7.55,0.54,0.0,0.0,0.0,0.0,0.0,0.0,0.0,0.0,6.47,0.0,0.0,0.0,0.0,0.0,0.0,0.0,0.0,0.0,0.0,0.0,0.0,0.0,0.0,0.0,0.0,0.0,0.0,18.6,7.55,0.0,0.0,0.27,2.43,0.0,0.27,0.0,0.0,0.0,0.0,2.16,0.0,0.0,0.0,0.0,0.0,0.0,0.0,8.36,0.0,0.0,0.0,0.0,0.0,4.58,0.0,0.54,0.0,8.36,0.0,0.0
NC,Madison,1470,32.59,24.69,97.21,3.54,4.9,0.34,0.34,75.31,86.94,17.96,0.0,0.0,0.0,0.2,89.93,0.0,0.0,0.0,0.0,8.1,1.29,0.07,0.0,0.0,0.0,0.0,0.0,0.0,0.0,0.0,35.44,0.0,0.0,0.0,0.0,0.0,0.0,0.0,0.0,0.0,0.0,0.0,0.0,0.0,0.0,0.0,0.0,0.0,0.0,4.08,1.77,0.07,0.0,0.07,0.2,0.0,0.0,0.07,0.34,0.34,0.0,1.36,0.0,0.0,73.4,0.0,0.0,0.0,0.0,1.36,0.0,0.0,0.0,84.22,0.0,85.37,0.0,0.07,0.0,1.36,0.0,20.2
NC,Martin,423,88.65,6.15,92.2,4.49,5.67,3.55,3.55,8.51,7.8,0.0,0.0,0.0,0.0,0.0,5.91,0.0,0.0,0.0,0.0,91.49,2.36,0.0,0.0,0.0,0.0,0.0,0.0,0.0,0.0,0.0,9.46,0.0,0.0,0.0,0.0,0.0,0.0,0.0,0.0,0.0,0.0,0.0,0.0,0.0,0.0,0.0,0.0,0.0,0.0,1.89,1.89,0.0,0.0,0.0,0.24,0.0,0.47,0.0,0.0,0.24,0.0,0.47,0.0,0.0,0.0,0.0,0.0,0.0,0.0,4.73,0.0,0.0,0.0,0.0,0.0,0.71,0.0,0.0,0.0,4.73,0.0,0.0
NC,McDowell,3453,67.83,86.24,96.44,52.01,4.95,48.48,1.25,84.13,83.98,52.48,0.43,0.67,0.0,0.72,68.55,0.0,0.12,0.03,0.0,8.83,0.41,2.37,14.62,0.0,0.0,0.49,0.0,0.0,4.2,0.0,39.76,0.0,0.0,0.0,0.09,0.0,0.0,0.0,0.0,0.0,0.0,0.0,0.0,0.0,0.0,0.0,0.0,0.06,0.0,4.14,1.36,0.12,0.0,0.52,0.55,0.0,0.0,9.35,1.22,3.62,0.46,1.01,0.0,0.0,54.94,0.0,2.26,0.0,0.0,19.81,0.0,0.0,0.0,7.73,12.13,81.44,12.05,0.0,0.67,19.81,2.69,0.0
NC,Mecklenburg,17733,82.85,52.9,89.18,20.02,26.42,0.17,1.29,48.49,35.2,6.6,0.13,0.0,0.0,1.04,30.56,0.01,0.0,0.0,0.0,56.78,4.88,0.21,0.3,0.0,0.0,0.3,0.0,0.0,0.27,0.0,12.16,0.0,0.0,0.02,0.0,0.08,0.0,0.0,0.0,0.0,0.0,0.0,0.0,0.0,0.0,0.0,0.0,0.0,0.0,10.57,8.52,0.0,0.0,1.11,1.95,0.0,0.05,0.0,0.0,0.09,0.0,0.52,0.1,0.0,0.0,0.0,0.08,0.0,16.64,5.27,0.0,0.0,0.0,8.94,3.51,17.27,0.32,0.09,0.0,5.27,0.08,0.0
NC,Mitchell,605,86.28,74.88,89.75,18.18,6.45,16.2,1.49,79.17,76.2,24.63,0.33,1.16,0.0,0.17,6.12,0.0,0.5,0.17,0.0,20.83,2.15,0.0,57.52,0.0,0.0,2.31,0.0,0.0,57.85,0.0,6.61,0.0,0.0,0.0,0.0,0.0,0.0,0.0,0.0,0.0,0.0,0.0,0.0,0.0,0.0,0.0,0.0,0.0,0.0,3.47,1.82,0.17,0.0,0.99,1.49,0.0,0.0,0.0,0.0,54.88,1.98,0.99,0.0,0.0,0.0,0.0,0.0,0.0,0.0,66.12,0.0,0.0,0.0,0.5,15.87,70.08,57.85,0.0,0.66,66.12,0.5,0.0
NC,Montgomery,326,71.47,34.97,94.17,24.54,33.74,0.0,0.0,18.71,19.94,1.53,0.0,0.0,0.0,0.31,33.44,0.31,0.0,0.0,0.0,60.74,3.37,0.31,0.0,0.0,0.0,0.0,0.0,0.0,0.0,0.0,7.67,0.0,0.0,0.0,0.0,0.0,0.0,0.0,0.0,0.0,0.0,0.0,0.0,0.0,0.0,0.0,0.0,0.0,0.0,14.72,11.35,0.0,0.0,0.31,0.92,0.0,0.0,0.0,0.0,0.0,0.0,0.0,0.0,0.0,0.0,0.0,0.0,0.0,0.0,21.78,0.0,0.0,0.0,0.0,0.0,6.44,0.31,0.0,0.0,21.78,0.31,0.0
NC,Moore,1349,68.94,52.78,95.48,33.28,45.81,0.0,0.0,31.28,32.54,0.0,0.0,0.0,0.0,0.37,47.22,0.0,0.0,0.0,0.0,47.37,4.23,0.3,0.0,0.0,0.0,0.0,0.0,0.0,0.0,0.0,14.38,0.0,0.0,0.0,0.0,0.0,0.0,0.0,0.0,0.0,0.0,0.0,0.0,0.0,0.0,0.0,0.0,0.0,0.0,19.27,18.09,0.22,0.0,0.0,0.96,0.0,0.0,0.0,0.0,0.0,0.0,1.19,0.0,0.0,0.0,0.0,0.0,0.0,0.0,4.52,0.0,0.0,0.0,0.0,0.0,7.56,0.0,0.3,0.0,4.52,0.0,0.0
NC,Nash,1395,84.44,24.3,91.61,27.17,29.46,0.0,0.0,37.2,26.16,0.0,0.0,0.0,0.0,0.0,30.11,0.0,0.0,0.0,0.0,64.66,3.23,0.72,0.0,0.0,0.0,0.0,0.0,0.0,0.0,0.0,9.89,0.0,0.0,0.0,0.0,6.59,0.0,0.0,0.0,0.0,0.0,0.0,0.0,0.0,0.0,0.0,0.0,0.0,0.0,10.11,10.04,0.07,0.0,0.0,0.0,0.0,0.07,0.0,0.0,1.22,0.65,0.5,0.0,0.0,0.0,0.0,0.0,6.09,0.0,0.93,0.0,0.0,0.0,0.0,0.0,16.56,0.14,0.07,0.0,0.93,0.0,0.0
NC,New Hanover,5111,74.82,68.09,80.28,19.53,23.19,59.03,0.1,70.59,62.2,2.78,0.08,0.0,0.0,0.82,54.31,0.0,0.02,0.02,0.0,29.72,2.95,1.08,0.0,0.0,0.0,0.0,0.0,0.0,0.0,0.0,9.1,0.0,0.0,0.0,0.02,0.0,0.0,0.0,0.0,0.0,0.0,0.0,0.0,0.0,0.0,0.0,0.0,0.0,0.0,7.77,7.32,0.04,0.0,1.31,0.74,0.0,0.02,0.0,0.43,4.38,4.83,1.55,0.02,0.0,5.54,0.0,0.9,0.0,0.0,4.05,0.0,0.0,0.0,0.0,0.02,34.94,0.04,0.18,0.02,4.05,0.57,0.41
NC,Northampton,264,60.61,45.83,94.32,7.2,9.09,0.0,0.0,33.71,6.44,0.38,0.0,0.0,0.0,0.0,10.98,0.0,0.0,0.0,0.0,59.09,0.76,0.0,28.79,0.0,0.0,0.0,0.0,0.0,28.79,0.0,10.61,0.0,0.0,0.0,0.0,0.0,0.0,0.0,0.0,0.0,0.0,0.0,0.0,0.0,0.0,0.0,0.0,0.0,0.0,1.14,0.76,0.0,0.0,0.0,0.0,0.0,0.0,0.0,0.0,27.27,0.0,0.38,0.0,0.0,0.0,0.0,0.0,0.0,0.0,29.55,0.0,0.0,0.0,0.0,0.0,29.92,28.79,0.0,0.0,29.55,0.0,0.0
NC,Onslow,3972,75.7,31.82,88.72,39.35,25.53,5.29,0.35,51.81,14.58,1.86,0.3,0.03,0.0,0.48,64.3,0.0,0.0,0.0,0.0,23.04,3.22,1.59,0.0,0.0,0.0,0.18,0.0,0.0,0.0,0.0,22.16,0.0,0.0,0.0,0.0,0.0,0.0,0.0,0.0,0.0,0.0,0.0,0.0,0.0,0.0,0.0,0.0,0.0,0.0,9.84,9.72,0.08,0.0,0.5,0.48,0.0,0.1,0.0,0.78,5.92,0.0,0.88,3.0,14.05,36.66,0.0,1.38,0.0,0.0,43.81,0.0,0.0,0.0,9.24,3.73,42.07,0.83,0.05,0.03,43.81,1.08,0.86
NC,Orange,2891,43.62,55.27,96.2,14.11,19.13,0.0,0.0,41.13,51.05,0.76,0.0,0.0,0.0,0.0,66.24,0.0,0.0,0.0,0.0,29.57,2.8,0.0,0.0,0.0,0.0,0.0,0.0,0.0,0.0,0.0,13.28,0.0,0.0,0.0,0.0,0.0,0.0,0.0,0.0,0.0,0.0,0.0,0.0,0.0,0.0,0.0,0.0,0.0,0.0,8.75,8.58,0.03,0.0,0.0,1.28,0.0,0.0,0.0,0.0,0.14,2.97,2.66,0.0,0.0,46.28,0.0,0.0,0.0,0.0,48.43,0.0,0.0,0.0,47.01,0.0,51.05,0.0,0.0,0.0,48.43,0.0,0.28
NC,Pamlico,158,86.08,35.44,95.57,32.28,44.3,0.0,0.0,27.22,29.11,0.0,0.0,0.0,0.0,0.0,44.94,0.0,0.0,0.0,0.0,52.53,1.27,0.0,0.0,0.0,0.0,0.0,0.0,0.0,0.0,0.0,12.03,0.0,0.0,0.0,0.0,0.0,0.0,0.0,0.0,0.0,0.0,0.0,0.0,0.0,0.0,0.0,0.0,0.0,0.0,21.52,20.25,0.0,0.0,0.63,0.0,0.0,0.0,0.0,0.0,0.0,0.0,1.9,0.0,0.0,0.0,0.0,0.0,0.0,0.0,28.48,0.0,0.0,0.0,0.0,0.0,5.7,0.0,0.0,0.0,28.48,0.0,0.0
NC,Pasquotank,369,81.57,36.86,94.31,19.24,26.02,0.0,0.0,36.86,21.41,0.0,0.0,0.0,0.0,0.0,26.83,0.0,0.0,0.0,0.0,48.51,5.42,1.36,16.26,0.0,0.0,0.0,0.0,0.0,16.26,0.0,7.86,0.0,0.0,0.0,0.0,0.0,0.0,0.0,0.0,0.0,0.0,0.0,0.0,0.0,0.0,0.0,0.0,0.0,0.0,6.5,6.5,0.0,0.0,0.0,0.54,0.0,0.0,0.0,0.0,14.09,0.81,0.0,0.0,0.0,0.0,0.0,0.27,0.0,0.0,20.87,0.0,0.0,0.0,0.0,0.0,17.89,17.07,1.08,0.0,20.87,0.27,0.0
NC,Pender,1017,76.01,50.15,83.68,22.71,53.98,1.28,0.29,51.82,42.77,1.28,0.1,0.0,0.0,0.98,58.7,0.0,0.0,0.0,0.0,19.47,3.93,0.59,6.69,0.0,0.0,0.39,0.0,0.0,6.69,0.0,4.13,0.0,0.0,0.0,0.0,0.0,0.0,0.0,0.0,0.0,0.0,0.0,0.0,0.0,0.0,0.0,0.0,0.0,0.0,17.5,16.42,0.1,0.0,1.28,2.06,0.0,0.0,0.0,0.1,6.49,0.39,0.88,0.0,0.0,0.0,0.0,0.29,0.0,0.0,38.54,0.0,0.0,0.0,4.03,3.93,35.2,6.69,0.29,0.0,38.54,0.0,0.0
NC,Perquimans,1708,5.85,92.74,98.95,1.64,2.93,0.0,0.0,89.81,0.94,0.0,0.0,0.0,0.0,0.0,90.22,0.18,0.0,0.0,0.0,3.86,0.29,0.0,4.57,0.0,0.0,0.0,0.0,0.0,4.57,0.0,26.46,0.0,0.0,0.06,0.06,0.0,0.0,0.0,0.0,0.0,0.0,0.0,0.0,0.0,0.0,0.0,0.0,0.0,0.0,0.7,0.7,0.0,0.0,0.0,0.0,0.0,0.06,0.12,0.0,1.93,0.7,0.76,0.0,0.0,87.41,0.0,0.0,0.0,0.0,89.99,0.0,0.0,0.0,0.0,0.0,92.56,4.57,0.0,0.0,89.99,0.0,0.0
NC,Person,482,77.8,40.04,91.7,21.78,30.29,0.0,0.0,34.02,17.84,0.0,0.0,0.0,0.0,0.21,33.4,2.9,0.0,0.0,0.0,45.44,3.11,0.41,14.11,0.0,0.0,0.0,0.0,0.0,14.32,0.0,6.64,0.0,0.0,0.0,0.0,0.0,0.0,0.0,0.0,0.0,0.0,0.0,0.0,0.0,0.0,0.0,0.0,0.0,0.0,11.62,10.79,0.21,0.0,0.21,0.62,0.0,0.0,0.0,0.21,0.0,0.0,1.45,0.0,0.0,0.0,0.0,0.0,0.0,0.0,35.27,0.0,0.0,0.0,0.0,0.0,21.78,14.32,0.41,0.0,35.27,0.0,0.0
NC,Pitt,4324,48.89,10.62,94.77,10.15,12.95,0.12,0.05,50.83,48.57,0.25,0.05,0.0,0.0,0.39,55.0,0.0,0.0,0.0,0.0,37.37,2.31,0.02,1.78,0.0,0.0,0.0,0.0,0.0,1.78,0.0,15.54,0.0,0.0,0.0,0.0,0.0,0.0,0.0,0.0,0.0,0.0,0.0,0.0,0.0,0.0,0.0,0.02,0.0,0.0,6.27,5.25,0.09,0.0,0.0,0.67,0.0,0.07,0.05,0.07,3.08,0.0,0.72,0.0,0.0,41.47,0.0,0.02,0.0,0.0,38.83,0.02,0.02,0.0,41.51,0.07,44.17,1.78,0.0,0.05,38.83,0.02,0.25
NC,Polk,655,63.82,24.43,84.73,27.79,11.91,54.2,1.68,65.8,55.88,34.66,0.31,1.07,0.0,2.29,13.59,0.15,0.15,0.31,0.0,21.98,2.6,9.01,31.15,0.0,0.0,5.34,0.0,0.0,31.15,0.0,19.69,0.0,0.0,0.0,0.0,0.0,0.0,0.0,0.0,0.0,0.0,0.0,0.0,0.0,0.0,0.0,0.0,0.46,0.0,10.23,5.19,0.31,0.0,4.73,4.58,0.0,0.0,0.0,0.31,4.12,0.92,1.07,0.0,0.0,0.0,0.0,7.18,0.0,0.0,57.71,0.0,0.0,0.0,0.31,28.85,55.42,32.37,1.53,1.07,57.71,1.83,0.0
NC,Randolph,5540,16.62,84.19,97.74,6.26,7.22,0.0,0.0,78.83,3.18,0.0,0.0,0.0,0.0,0.16,82.35,0.02,0.0,0.0,0.0,14.42,1.55,0.16,1.17,0.0,0.0,0.0,0.0,0.0,1.44,0.0,21.25,0.0,0.0,0.0,0.05,0.0,0.0,0.0,0.0,0.0,0.0,0.0,0.0,0.0,0.0,0.0,0.02,0.0,0.0,2.02,1.95,0.02,0.0,0.14,0.34,0.0,0.14,0.0,2.26,7.31,0.0,1.59,0.0,0.0,74.51,0.0,0.02,0.0,0.0,78.3,0.0,0.0,0.0,0.0,0.0,76.25,2.15,0.11,0.0,78.3,0.02,0.0
NC,Richmond,574,56.62,36.59,96.34,8.36,14.98,0.0,0.0,19.51,7.14,0.0,0.0,0.0,0.0,0.0,16.03,0.35,0.0,0.0,0.0,61.67,0.0,9.76,12.2,0.0,0.0,0.0,0.0,0.0,12.2,0.0,9.76,0.0,0.0,0.0,0.0,0.0,0.0,0.0,0.0,0.0,0.0,0.0,0.0,0.0,0.0,0.0,0.0,0.0,0.0,3.14,2.26,0.0,0.0,0.0,0.0,0.0,2.61,0.0,0.17,4.18,0.7,0.7,5.92,0.0,0.0,0.0,0.7,0.0,0.0,29.27,0.0,0.0,0.0,0.0,0.0,18.29,14.11,0.17,0.0,29.27,0.7,0.0
NC,Robeson,955,62.51,13.51,89.74,11.2,12.67,0.0,0.0,0.0,5.24,0.1,0.0,0.0,0.0,0.31,16.23,1.15,0.0,0.0,0.0,51.52,6.6,16.23,7.02,0.0,0.0,0.0,0.0,0.0,7.02,0.0,9.95,0.0,0.0,0.0,0.0,0.0,0.0,0.0,0.0,0.0,0.0,0.0,0.0,0.0,0.0,0.0,0.0,0.0,0.0,4.19,4.19,0.0,0.0,0.31,2.72,0.0,0.0,0.0,0.0,6.91,0.0,0.1,3.46,0.0,0.0,0.0,0.63,0.0,0.0,34.87,0.0,0.0,0.0,0.0,0.0,8.9,8.48,0.42,0.0,34.87,0.63,0.0
NC,Rockingham,1634,48.16,30.6,91.92,13.95,16.4,0.0,0.0,10.47,7.77,0.0,0.0,0.0,0.0,0.0,17.38,0.0,0.0,0.0,0.0,49.76,20.2,8.2,3.92,0.0,0.0,0.0,0.0,0.0,3.92,0.0,6.36,0.0,0.0,0.0,0.0,0.0,0.0,0.0,0.0,0.0,0.0,0.0,0.0,0.0,0.0,0.0,0.0,0.0,0.0,4.04,3.98,0.0,0.0,0.0,5.57,0.0,0.0,0.0,0.0,0.61,0.0,0.49,0.0,0.0,0.0,0.0,0.0,0.0,0.0,40.27,0.0,0.0,0.0,0.0,0.0,5.32,10.65,0.06,0.0,40.27,0.0,0.0
NC,Rowan,4287,92.84,70.75,97.01,12.6,15.96,0.02,0.02,68.09,69.09,5.09,0.02,0.0,0.0,0.02,78.19,0.54,0.0,0.0,0.0,17.77,1.59,0.05,1.14,0.0,0.0,0.0,0.0,0.0,1.31,0.0,21.55,0.0,0.0,0.0,0.0,0.0,0.0,0.0,0.0,0.0,0.0,0.0,0.0,0.0,0.0,0.0,0.0,0.0,0.0,11.03,5.18,0.05,0.0,0.02,0.16,0.0,0.02,0.0,0.0,4.34,1.47,0.75,0.07,0.0,62.86,0.0,0.02,0.0,0.0,61.51,0.0,0.0,0.0,62.86,0.0,66.41,1.4,0.0,0.0,61.51,0.05,0.0
NC,Rutherford,9272,64.28,82.78,98.05,41.03,2.79,67.72,6.61,89.75,92.61,69.25,4.06,0.32,0.0,0.06,88.24,0.22,0.01,0.05,0.0,4.3,0.58,0.99,4.41,0.0,0.0,0.09,0.0,0.0,4.27,0.0,36.09,0.0,0.0,0.02,0.13,0.0,23.98,0.0,0.0,0.0,0.0,0.0,0.0,0.0,0.0,0.0,0.02,0.05,0.02,2.3,0.94,0.06,0.0,0.28,0.16,0.0,0.03,0.01,0.0,7.7,0.0,1.84,0.0,0.0,72.52,0.0,0.28,0.0,0.0,50.08,0.57,0.57,0.0,59.76,9.91,91.62,5.1,0.58,0.28,50.08,0.02,0.0
NC,Sampson,594,62.63,26.43,93.1,11.95,15.49,0.0,0.0,16.16,6.23,0.0,0.0,0.0,0.0,0.0,17.17,0.0,0.0,0.0,0.0,54.88,6.57,9.93,10.61,0.0,0.0,0.0,0.0,0.0,10.61,0.0,10.77,0.0,0.0,0.0,0.0,0.0,0.0,0.0,0.0,0.0,0.0,0.0,0.0,0.0,0.0,0.0,0.0,0.0,0.0,5.56,5.39,0.0,0.0,0.0,2.19,0.0,0.0,0.0,0.0,6.73,0.0,0.0,0.0,0.0,0.0,0.0,4.21,0.0,0.0,26.77,0.0,0.0,0.0,0.0,0.0,12.79,16.84,0.0,0.0,26.77,4.21,0.0
NC,Scotland,467,66.38,29.98,95.93,12.21,15.85,0.0,0.0,24.63,8.99,0.21,0.0,0.0,0.0,0.21,17.34,1.07,0.0,0.0,0.0,46.68,6.21,12.21,16.06,0.0,0.0,0.0,0.0,0.0,16.06,0.0,10.28,0.0,0.0,0.21,0.0,0.0,0.0,0.0,0.0,0.0,0.0,0.0,0.0,0.0,0.0,0.0,0.0,0.0,0.0,6.64,5.14,0.0,0.0,0.21,2.36,0.0,0.43,0.0,0.0,0.64,0.0,0.21,0.0,0.0,0.0,0.0,0.0,0.0,0.0,34.9,0.0,0.0,0.0,0.0,0.0,18.84,24.2,0.21,0.0,34.9,0.0,0.0
NC,Stanly,903,78.63,30.01,92.58,28.35,37.65,0.11,0.11,23.03,16.61,13.29,0.11,0.0,0.0,0.0,39.87,0.0,0.0,0.0,0.0,43.74,5.65,0.11,7.64,0.0,0.0,0.0,0.0,0.0,7.64,0.0,12.4,0.0,0.0,0.0,0.0,0.0,0.0,0.0,0.0,0.0,0.0,0.0,0.0,0.0,0.0,0.0,0.0,0.0,0.0,27.35,11.07,0.22,0.0,0.0,0.66,0.0,0.0,0.0,0.0,7.53,0.33,1.33,0.0,0.0,0.0,0.0,0.11,0.0,0.0,13.4,0.0,0.0,0.0,0.0,0.0,12.29,7.64,0.0,0.0,13.4,0.11,0.0
NC,Stokes,556,53.24,36.15,92.81,17.81,23.92,0.0,0.0,11.69,13.13,0.0,0.0,0.0,0.0,0.54,25.36,0.36,0.0,0.0,0.0,59.71,13.13,0.18,0.0,0.0,0.0,0.0,0.0,0.0,0.0,0.0,8.09,0.0,0.0,0.0,0.0,0.0,0.0,0.0,0.0,0.0,0.0,0.0,0.0,0.0,0.0,0.0,0.0,0.0,0.0,5.4,5.4,0.0,0.0,0.54,3.06,0.0,0.0,0.0,0.0,0.0,0.0,0.18,0.0,0.0,0.0,0.0,0.0,0.0,0.0,12.95,0.0,0.0,0.0,0.0,0.0,5.94,0.0,0.0,0.0,12.95,0.0,0.0
NC,Surry,795,71.95,29.69,93.21,16.48,21.13,0.0,0.0,13.96,13.58,0.0,0.0,0.0,0.0,0.0,22.01,1.13,0.0,0.0,0.0,72.96,3.4,0.13,0.0,0.0,0.0,0.0,0.0,0.0,0.0,0.0,15.35,0.0,0.0,0.0,0.0,0.0,0.0,0.0,0.0,0.0,0.0,0.0,0.0,0.0,0.0,0.0,0.0,0.0,0.0,6.29,6.16,0.13,0.0,0.0,0.0,0.0,0.0,0.0,0.25,0.5,0.13,0.25,0.0,0.0,0.0,0.0,0.0,0.0,0.0,14.34,0.0,0.0,0.0,0.0,0.0,5.66,0.0,0.13,0.0,14.34,0.0,0.0
NC,Swain,146,67.81,28.08,86.3,30.14,32.19,50.0,0.0,14.38,13.7,10.96,0.0,0.0,0.0,0.0,38.36,0.68,0.0,0.0,0.0,58.22,2.74,0.0,0.0,0.0,0.0,0.0,0.0,0.0,0.0,0.0,2.74,0.0,0.0,0.0,0.0,0.0,0.0,0.0,0.0,0.0,0.0,0.0,0.0,0.0,0.0,0.0,0.0,0.0,0.0,29.45,11.64,0.0,0.0,0.0,0.0,0.0,0.0,0.0,0.0,0.0,0.0,0.68,0.0,0.0,0.0,0.0,0.0,0.0,0.0,4.11,0.0,0.0,0.0,0.0,0.0,0.0,0.0,0.0,0.0,4.11,0.0,0.0
NC,Transylvania,12367,70.11,96.73,98.73,31.01,1.17,48.95,0.7,96.49,95.27,46.29,0.22,0.05,0.0,0.11,4.19,0.0,0.0,0.01,0.0,3.23,0.17,0.06,2.42,0.0,0.0,0.2,0.0,0.0,3.13,0.0,37.01,0.0,0.0,0.0,0.0,0.0,0.0,0.0,0.0,0.0,0.0,0.0,0.0,0.0,0.0,0.0,0.0,0.0,0.0,1.07,0.55,0.01,0.0,0.17,0.17,0.0,0.0,0.0,0.0,4.12,2.81,4.53,0.0,0.0,3.4,0.0,0.02,0.0,0.0,31.82,0.0,0.0,0.0,92.49,2.14,8.32,3.15,0.02,0.25,31.82,0.02,0.0
NC,Tyrrell,401,68.83,98.0,99.5,0.0,1.0,0.0,0.0,89.28,67.33,0.0,0.0,0.0,0.0,0.0,98.5,0.0,0.0,0.0,0.0,0.75,0.75,0.0,0.0,0.0,0.0,0.0,0.0,0.0,0.0,0.0,26.18,0.0,0.0,0.0,0.0,0.0,0.0,0.0,0.0,0.0,0.0,0.0,0.0,0.0,0.0,0.0,0.0,0.0,0.0,0.0,0.0,0.0,0.0,0.0,0.0,0.0,0.0,0.0,0.0,1.5,0.0,0.0,0.0,0.0,97.01,0.0,0.0,0.0,0.0,96.51,0.0,0.0,0.0,0.0,0.0,97.76,0.25,0.0,0.0,96.51,0.0,0.0
NC,Union,2232,76.52,39.92,88.8,48.66,55.2,0.09,0.09,32.71,32.35,16.26,0.04,0.0,0.0,0.63,56.5,0.45,0.0,0.0,0.0,30.33,6.36,0.31,0.0,0.0,0.0,0.0,0.0,0.0,0.0,0.0,12.46,0.0,0.0,0.0,0.0,0.0,0.0,0.0,0.0,0.0,0.0,0.0,0.0,0.0,0.0,0.0,0.0,0.0,0.0,37.77,15.05,0.13,0.0,0.27,1.66,0.0,0.0,0.0,0.0,0.49,0.13,0.36,0.18,0.0,0.0,0.0,0.0,0.0,0.0,38.08,0.0,0.0,0.0,0.0,0.0,3.81,0.0,0.31,0.0,38.08,0.0,0.0
NC,Vance,436,75.23,17.66,88.07,9.17,14.45,0.23,0.0,7.11,10.09,0.23,0.0,0.0,0.0,0.23,18.81,0.0,0.0,0.0,0.0,76.83,2.52,0.46,0.0,0.0,0.0,0.0,0.0,0.0,0.0,0.0,7.57,0.0,0.0,0.0,0.0,0.0,0.0,0.0,0.0,0.0,0.0,0.0,0.0,0.0,0.0,0.0,0.0,0.0,0.0,4.13,4.13,0.46,0.0,0.23,0.46,0.0,0.0,0.23,0.0,0.23,0.0,0.46,0.0,0.0,0.0,0.0,0.0,0.0,0.0,1.15,0.0,0.0,0.0,0.0,0.23,4.59,0.0,0.46,0.0,1.15,0.0,0.0
NC,Wake,11167,78.32,43.74,80.68,46.41,49.77,0.04,0.01,36.66,34.95,0.35,0.0,0.0,0.0,0.42,51.73,0.04,0.0,0.0,0.0,36.03,5.95,0.21,0.0,0.0,0.0,0.03,0.0,0.0,0.0,0.0,10.59,0.0,0.0,0.01,0.0,0.0,0.0,0.0,0.01,0.0,0.0,0.0,0.0,0.0,0.0,0.0,0.0,0.0,0.0,20.49,20.13,0.03,0.0,0.42,0.1,0.0,0.03,0.0,0.0,0.15,0.01,0.94,0.1,0.0,0.0,0.0,0.02,0.0,0.66,8.77,0.0,0.0,0.0,0.04,0.01,3.38,0.06,0.19,0.0,8.77,0.02,0.0
NC,Warren,246,64.63,18.29,89.84,23.98,30.08,0.0,0.0,0.0,16.26,0.0,0.0,0.0,0.0,0.0,30.08,0.41,0.0,0.0,0.0,45.93,19.11,0.41,0.0,0.0,0.0,0.0,0.0,0.0,0.0,0.0,6.1,0.0,0.0,0.0,0.0,0.0,0.0,0.0,0.0,0.0,0.0,0.0,0.0,0.0,0.0,0.0,0.0,0.0,0.0,12.2,11.79,0.0,0.0,0.0,3.66,0.0,0.0,0.0,0.0,0.41,0.0,0.0,0.0,0.0,0.0,0.0,0.41,0.0,0.0,17.48,0.0,0.0,0.0,0.0,0.0,2.03,0.41,0.0,0.0,17.48,0.41,0.0
NC,Washington,1747,6.58,0.34,99.54,0.11,0.57,0.0,0.0,0.34,0.34,0.06,0.0,0.0,0.0,0.0,93.02,0.0,0.0,0.0,0.0,6.87,0.06,0.06,0.0,0.0,0.0,0.0,0.0,0.0,0.0,0.0,34.12,0.0,0.0,0.0,0.06,0.0,0.0,0.0,0.0,0.0,0.0,0.0,0.0,0.0,0.0,0.0,0.0,0.0,0.0,0.17,0.17,0.0,0.0,0.0,0.0,0.0,0.0,0.0,0.0,19.23,0.23,0.34,0.0,0.0,92.33,0.0,0.0,0.0,0.0,0.46,0.0,0.0,0.0,0.0,0.0,92.44,0.4,0.06,0.0,0.46,0.0,0.0
NC,Watauga,639,81.85,40.85,95.31,25.67,43.66,0.0,0.0,33.18,35.05,0.47,0.0,0.0,0.0,0.31,43.35,0.0,0.0,0.0,0.0,50.55,2.97,0.47,0.0,0.0,0.0,0.0,0.0,0.0,0.0,0.0,10.33,0.0,0.0,0.0,0.0,0.0,0.0,0.0,0.0,0.0,0.0,0.0,0.0,0.0,0.0,0.0,0.0,0.0,0.0,16.59,15.49,0.31,0.0,0.31,1.56,0.0,0.0,0.0,0.31,0.16,0.16,2.97,0.16,0.0,0.0,0.0,0.0,0.0,0.0,3.44,0.0,0.0,0.0,0.0,0.0,16.28,0.31,0.31,0.0,3.44,0.0,0.0
NC,Wayne,1094,72.94,14.26,91.5,24.59,27.33,0.0,0.0,9.87,7.22,0.0,0.0,0.0,0.0,0.27,29.98,0.0,0.0,0.0,0.0,57.68,10.6,0.46,0.0,0.0,0.0,0.0,0.0,0.0,0.0,0.0,14.53,0.0,0.0,0.0,0.0,0.0,0.0,0.0,0.0,0.0,0.0,0.0,0.0,0.0,0.0,0.0,0.0,0.0,0.0,15.27,15.08,0.0,0.0,0.27,4.2,0.0,0.18,0.0,0.0,0.0,0.37,0.18,0.09,0.0,0.0,0.0,0.0,0.0,0.0,20.29,0.0,0.0,0.0,0.0,0.0,1.55,0.18,0.46,0.0,20.29,0.0,0.0
NC,Wilkes,584,68.84,18.84,92.29,18.66,20.72,0.0,0.0,7.19,8.39,0.0,0.0,0.0,0.0,1.37,21.58,0.0,0.0,0.0,0.0,67.12,8.22,0.17,0.0,0.0,0.0,0.0,0.0,0.0,0.0,0.0,9.42,0.0,0.0,0.0,0.0,0.0,0.0,0.0,0.0,0.0,0.0,0.0,0.0,0.0,0.0,0.0,0.0,0.0,0.0,8.56,8.22,0.0,0.0,1.37,1.54,0.0,0.17,0.0,0.0,0.0,0.0,0.17,0.0,0.0,0.0,0.0,0.0,0.0,0.0,14.38,0.0,0.0,0.0,0.0,0.0,2.57,0.0,0.0,0.0,14.38,0.0,0.0
NC,Wilson,788,80.08,14.21,91.37,20.69,25.51,0.0,0.0,11.17,11.8,0.0,0.0,0.0,0.0,0.63,26.52,0.0,0.0,0.0,0.0,62.18,5.71,2.66,0.0,0.0,0.0,0.0,0.0,0.0,0.0,0.0,9.01,0.0,0.0,0.0,0.0,0.0,0.0,0.0,0.0,0.0,0.0,0.0,0.0,0.0,0.0,0.0,0.0,0.0,0.0,12.94,12.69,0.13,0.0,0.63,1.14,0.0,0.0,0.0,0.0,0.13,0.0,0.38,0.0,0.0,0.0,0.0,0.0,0.0,0.0,19.29,0.0,0.0,0.0,0.0,0.0,2.92,0.0,2.66,0.0,19.29,0.0,0.0
NC,Yadkin,478,64.44,36.61,93.31,19.46,28.66,0.0,0.0,17.78,19.25,0.0,0.0,0.0,0.0,0.21,32.22,0.0,0.0,0.0,0.0,61.3,5.65,0.21,0.0,0.0,0.0,0.0,0.0,0.0,0.0,0.0,12.34,0.0,0.0,0.0,0.0,0.0,0.0,0.0,0.0,0.0,0.0,0.0,0.0,0.0,0.0,0.0,0.0,0.0,0.0,5.23,5.02,0.0,0.0,0.21,2.09,0.0,0.0,0.0,0.0,0.21,0.0,0.63,0.21,0.0,0.0,0.0,0.0,0.0,0.0,21.97,0.0,0.0,0.0,0.0,0.0,5.02,0.21,0.0,0.0,21.97,0.0,0.0
NC,Yancey,226,82.3,44.25,95.58,28.32,48.23,0.0,0.0,37.17,0.0,19.91,0.0,0.0,0.0,0.44,48.23,0.0,0.0,0.0,0.0,44.69,5.31,0.0,0.0,0.0,0.0,0.0,0.0,0.0,0.0,0.0,8.41,0.0,0.0,0.0,0.0,0.0,0.0,0.0,0.0,0.0,0.0,0.0,0.0,0.0,0.0,0.0,0.0,0.0,0.0,41.59,11.95,0.44,0.0,0.44,0.88,0.0,0.0,0.0,0.0,0.88,0.0,1.77,0.0,0.0,0.0,0.0,0.0,0.0,0.0,5.31,0.0,0.0,0.0,0.0,0.0,11.5,0.0,0.0,0.0,5.31,0.0,0.0
NC,UNKNOWN,2192,73.36,1.82,84.12,77.69,84.12,0.0,0.0,0.0,0.0,0.0,0.0,0.0,0.0,0.0,84.12,0.0,0.0,0.0,0.0,0.0,0.0,0.0,0.0,0.0,0.0,15.88,0.0,0.0,0.0,0.0,0.0,0.0,0.0,0.0,0.0,0.0,0.0,0.0,0.0,0.0,0.0,0.0,0.0,0.0,0.0,0.0,0.0,0.0,0.0,38.69,34.72,0.0,0.0,0.0,0.0,0.0,0.0,0.0,0.0,0.0,0.05,0.46,0.05,0.0,0.0,0.0,0.0,0.0,0.0,0.0,0.0,0.0,0.0,0.0,0.0,0.0,0.0,0.0,0.0,0.0,0.0,0.0
SC,Abbeville,862,96.52,85.96,100.0,0.0,0.0,0.0,0.0,0.23,0.23,0.0,0.0,0.0,0.0,0.0,0.0,85.73,0.0,0.0,0.0,13.81,0.0,0.46,0.0,0.0,0.0,0.0,0.0,0.0,0.0,0.0,19.37,0.0,0.0,0.0,0.0,0.0,0.0,0.0,0.0,0.0,0.0,0.0,0.0,0.0,0.0,0.0,0.0,0.0,0.0,0.0,0.0,0.0,0.0,0.0,0.0,0.0,1.28,0.12,0.0,0.0,4.29,0.35,0.0,0.0,73.2,0.0,0.0,0.0,0.0,0.81,0.0,0.0,0.0,0.46,0.0,85.96,0.12,0.46,0.0,0.81,0.0,0.0
SC,Aiken,649,71.34,0.0,93.68,0.0,0.0,0.0,0.0,0.15,0.0,2.31,0.0,0.0,0.0,8.47,1.54,0.0,0.0,0.0,0.0,88.14,0.0,1.85,0.0,0.0,0.0,0.0,0.0,0.0,0.0,0.0,20.03,0.0,0.0,0.0,0.0,0.0,0.0,0.0,0.0,0.0,0.0,0.0,1.54,0.0,0.0,0.0,0.0,0.0,0.0,0.0,0.0,0.0,0.0,6.32,0.0,0.0,0.15,0.0,0.0,0.0,0.0,0.46,0.0,0.0,0.0,0.0,0.0,0.0,0.0,2.0,0.0,0.0,0.0,0.0,0.0,0.0,0.0,1.85,0.0,2.0,0.0,0.0
SC,Allendale,687,56.19,83.55,99.85,0.0,0.0,0.15,0.15,0.29,0.15,0.15,0.15,0.0,0.0,0.0,0.15,83.55,0.0,0.0,0.0,16.16,0.0,0.15,0.0,0.0,0.0,0.0,0.0,0.0,0.0,0.0,30.71,0.0,0.0,0.0,0.0,0.0,0.0,0.0,0.0,0.0,0.0,0.0,0.15,0.0,0.0,0.0,0.0,0.0,0.0,0.0,0.0,0.0,0.0,0.0,0.0,0.0,0.29,0.0,0.29,0.44,6.11,0.15,0.0,0.0,78.31,0.0,0.0,0.0,0.0,0.29,0.0,0.0,0.0,0.15,0.0,83.55,0.0,0.15,0.0,0.29,0.0,0.0
SC,Anderson,3094,59.5,37.78,87.3,3.75,0.0,58.27,10.67,6.43,65.61,79.86,5.11,3.68,0.0,22.88,13.28,2.46,2.26,7.82,0.0,28.54,0.0,2.81,0.03,0.0,0.0,0.03,0.0,0.0,0.0,0.0,10.5,0.0,0.0,0.23,0.0,0.0,0.0,0.0,0.0,0.0,0.0,0.0,13.15,0.0,0.36,3.23,0.0,3.85,0.0,0.0,0.0,0.0,0.0,40.43,0.1,0.0,0.29,0.0,0.13,0.0,0.03,0.26,0.0,0.0,0.48,9.31,0.1,0.0,0.0,40.4,8.14,8.14,0.0,0.55,5.17,41.5,0.19,1.62,1.33,40.4,0.1,0.0
SC,Bamberg,702,90.74,82.19,99.86,0.0,0.0,0.0,0.0,22.93,56.7,0.0,0.0,0.0,0.0,0.0,0.14,82.19,0.0,0.0,0.0,17.66,0.0,0.0,0.0,0.0,0.0,0.0,0.0,0.0,0.0,0.0,22.65,0.0,0.0,0.14,0.14,0.0,0.0,0.0,0.0,0.0,0.0,0.0,0.14,0.0,0.0,0.0,0.0,0.0,0.0,0.0,0.0,0.0,0.0,0.0,0.0,0.0,0.43,0.0,0.0,2.85,7.26,0.0,0.0,0.0,76.64,0.0,0.0,0.0,0.0,0.14,0.0,0.0,0.0,67.52,0.0,82.19,0.0,0.0,0.0,0.14,0.0,0.0
SC,Barnwell,1233,61.56,89.46,99.76,0.0,0.0,19.55,0.0,22.38,49.8,0.08,0.0,0.0,0.0,0.0,0.16,89.38,0.0,0.0,0.0,9.65,0.0,0.81,0.0,0.0,0.0,0.0,0.0,0.0,0.0,0.0,25.95,0.0,0.0,0.0,0.0,0.0,0.0,0.0,0.0,0.0,0.0,0.0,0.16,0.0,0.0,0.0,0.0,0.0,0.0,0.0,0.0,0.0,0.0,0.0,0.0,0.0,0.65,0.0,0.41,17.6,4.14,0.73,0.08,0.0,81.83,0.0,0.0,0.0,0.0,0.81,0.0,0.0,0.0,0.16,0.0,89.46,1.14,0.81,0.0,0.81,0.0,0.08
SC,Beaufort,1767,72.84,1.41,74.42,0.0,0.0,44.99,2.32,0.11,0.17,0.23,0.11,0.06,0.0,21.28,48.61,1.36,0.0,2.66,0.0,24.34,0.0,1.41,0.17,0.0,0.0,0.0,0.0,0.0,0.17,0.0,3.28,0.0,0.0,0.0,0.0,0.0,0.0,0.0,0.0,0.0,0.0,0.0,44.54,0.0,0.0,0.0,0.0,0.0,0.0,0.0,0.0,0.0,0.0,0.4,0.06,0.0,0.17,0.0,0.0,0.0,0.06,0.06,0.0,0.0,0.0,0.0,0.17,0.0,0.0,1.98,0.0,0.0,0.0,0.0,0.17,49.24,0.17,0.57,0.06,1.98,0.17,0.0
SC,Berkeley,2868,74.93,82.67,98.4,0.0,0.0,81.35,0.03,39.5,79.04,11.61,0.0,0.0,0.0,1.64,1.01,82.5,0.0,0.0,0.0,14.78,0.0,0.07,0.0,0.0,0.0,0.0,0.0,0.0,0.0,0.0,20.4,0.0,0.0,0.07,0.07,0.0,0.0,0.0,0.0,0.0,0.0,0.0,1.08,0.0,0.0,0.0,0.0,0.0,0.0,0.0,0.0,0.0,0.0,1.15,0.0,0.0,0.35,3.97,1.64,2.2,8.4,1.29,0.0,0.0,81.94,0.0,0.0,0.0,0.0,77.16,5.54,5.54,0.0,0.0,0.0,82.78,0.24,0.0,0.0,77.16,0.07,0.0
SC,Calhoun,726,77.96,88.84,99.86,0.0,0.0,0.0,0.0,37.88,54.68,0.0,0.0,0.0,0.0,0.0,0.14,79.61,0.0,0.0,0.0,10.74,0.0,0.28,0.0,0.0,9.23,0.0,0.0,0.0,0.0,0.0,19.7,0.0,0.0,0.0,0.0,0.0,0.0,0.0,0.0,0.0,0.0,0.0,0.14,0.0,0.0,0.0,0.0,0.0,0.0,0.0,0.0,0.0,0.0,0.0,0.0,0.0,1.1,0.0,2.2,5.92,4.13,0.28,3.17,0.0,70.94,0.0,0.0,0.0,0.0,47.52,1.52,1.52,0.0,0.96,0.0,79.61,0.69,0.28,0.0,47.52,0.0,0.69
SC,Charleston,11052,76.22,43.03,80.31,0.3,0.0,77.12,0.24,25.58,42.52,0.0,0.0,0.0,0.0,12.3,29.75,37.68,0.0,0.01,0.0,12.0,0.0,3.58,2.03,0.0,0.0,0.0,0.0,0.0,2.03,0.0,9.92,0.0,0.0,0.03,0.03,0.0,0.0,0.0,0.0,0.0,0.0,0.0,24.79,0.0,0.0,0.0,0.0,0.0,0.0,0.0,0.0,0.0,0.0,0.5,0.17,0.0,0.24,0.0,0.36,0.14,1.12,1.35,0.14,0.0,29.6,0.01,0.07,0.0,0.0,30.87,2.42,2.42,0.0,6.89,2.08,67.94,3.56,0.21,0.0,30.87,2.64,0.0
SC,Cherokee,3247,64.24,50.79,93.01,1.79,0.0,45.77,4.13,21.53,53.34,69.36,2.65,1.2,0.0,12.97,3.02,50.66,0.15,3.14,0.0,7.67,0.0,7.61,0.0,0.0,0.0,0.0,0.0,0.0,0.0,0.0,22.88,0.0,0.0,0.09,0.03,0.0,0.0,0.0,0.0,0.0,0.0,0.0,2.93,0.0,0.0,4.43,0.0,4.99,0.0,0.0,0.0,0.0,0.0,26.02,0.09,0.0,0.37,0.03,0.46,0.09,1.26,0.25,0.18,0.0,38.53,14.97,0.06,0.0,0.0,8.65,0.0,0.0,0.0,33.85,0.22,53.8,7.3,0.03,0.18,8.65,7.39,0.77
SC,Chester,240,95.0,10.42,100.0,0.0,0.0,0.0,0.0,10.42,10.42,0.0,0.0,0.0,0.0,0.0,0.0,10.42,0.0,0.0,0.0,88.75,0.0,0.83,0.0,0.0,0.0,0.0,0.0,0.0,0.0,0.0,22.5,0.0,0.0,0.0,0.0,0.0,0.0,0.0,0.0,0.0,0.0,0.0,0.0,0.0,0.0,0.0,0.0,0.0,0.0,0.0,0.0,0.0,0.0,0.0,0.0,0.0,0.83,0.0,0.0,0.0,0.0,0.0,0.0,0.0,0.0,0.0,0.0,0.0,0.0,1.67,0.0,0.0,0.0,0.0,0.0,10.42,0.0,0.83,0.0,1.67,0.0,0.0
SC,Chesterfield,1047,78.32,69.25,99.9,0.0,0.0,0.0,0.0,14.04,0.0,0.0,0.0,0.0,0.0,0.0,0.1,69.25,0.0,0.0,0.0,30.18,0.0,0.48,0.0,0.0,0.0,0.0,0.0,0.0,0.0,0.0,21.01,0.0,0.0,0.0,0.0,0.0,0.0,0.0,0.0,0.0,0.0,0.0,0.1,0.0,0.0,0.0,0.0,0.0,0.0,0.0,0.0,0.0,0.0,0.0,0.0,0.0,0.29,0.0,0.38,0.1,3.06,0.1,0.0,0.0,65.71,0.0,0.0,0.0,0.0,0.76,0.0,0.0,0.0,0.0,0.0,69.25,0.0,0.48,0.0,0.76,0.0,0.48
SC,Clarendon,1694,76.86,84.06,99.76,0.0,0.0,0.0,0.0,2.01,0.0,0.0,0.0,0.0,0.0,0.0,0.24,83.94,0.0,0.0,0.0,15.76,0.0,0.06,0.0,0.0,0.0,0.0,0.0,0.0,0.0,0.0,30.05,0.0,0.0,0.0,0.0,0.0,0.0,0.0,0.0,0.0,0.0,0.0,0.24,0.0,0.0,0.0,0.0,0.0,0.0,0.0,0.0,0.0,0.0,0.0,0.0,0.0,0.18,0.0,0.06,0.24,2.07,0.65,0.94,0.0,72.96,0.0,0.0,0.0,0.0,0.35,0.0,0.0,0.0,0.0,0.0,84.06,0.0,0.06,0.0,0.35,0.0,0.53
SC,Colleton,2048,65.14,69.87,84.38,0.0,0.0,0.05,0.05,36.18,53.03,0.1,0.05,0.0,0.0,11.52,4.25,66.89,0.0,0.0,0.0,12.4,0.0,4.88,0.0,0.0,0.0,0.0,0.0,0.0,0.0,0.0,18.36,0.0,0.0,0.1,0.0,0.0,0.0,0.0,0.0,0.0,0.05,0.0,2.1,0.0,0.0,0.0,0.0,0.0,0.0,0.0,0.0,0.0,0.0,0.68,0.44,0.0,0.24,0.0,0.93,0.1,1.12,0.63,0.2,0.0,58.2,0.05,0.05,0.0,0.0,5.32,0.0,0.0,0.0,58.94,0.0,71.19,0.44,0.05,0.0,5.32,0.05,8.54
SC,Darlington,2964,79.52,88.02,99.9,0.0,0.0,0.0,0.0,61.23,61.13,0.2,0.0,0.0,0.0,0.0,0.1,87.79,0.0,0.0,0.0,11.74,0.0,0.37,0.0,0.0,0.0,0.0,0.0,0.0,0.0,0.0,25.34,0.0,0.0,0.0,0.0,0.0,0.0,0.0,0.0,0.0,0.0,0.0,0.1,0.0,0.0,0.0,0.03,0.0,0.0,0.0,0.0,0.0,0.0,0.0,0.0,0.0,0.13,0.0,0.4,0.0,3.24,0.61,2.56,0.0,81.11,0.0,0.0,0.0,0.0,0.34,0.0,0.0,0.0,0.17,0.0,88.02,0.3,0.07,0.0,0.34,0.3,19.7
SC,Dillon,1529,79.53,87.12,99.93,0.0,0.0,0.07,0.07,0.72,0.72,34.01,0.07,0.0,0.0,0.0,0.07,87.05,0.0,0.0,0.0,12.82,0.0,0.07,0.0,0.0,0.0,0.0,0.0,0.0,0.0,0.0,41.92,0.0,0.0,0.0,0.0,0.0,0.0,0.0,0.0,0.0,0.0,0.0,0.07,0.0,0.0,0.0,0.0,0.0,0.0,0.0,0.0,0.0,0.0,0.07,0.0,0.0,0.13,0.0,0.0,0.0,2.35,0.65,0.2,0.0,32.31,0.0,0.0,0.0,0.0,0.39,0.0,0.0,0.0,0.26,0.07,87.05,0.0,0.07,0.0,0.39,0.0,0.07
SC,Dorchester,1765,89.46,74.33,98.64,0.0,0.0,31.05,0.0,0.0,0.0,0.23,0.0,0.0,0.0,0.79,74.56,0.06,0.0,0.0,0.0,18.41,0.0,6.18,0.0,0.0,0.0,0.0,0.0,0.0,0.0,0.0,15.75,0.0,0.0,0.0,0.11,0.0,0.0,0.0,0.0,0.0,0.0,0.0,0.23,0.0,0.0,0.0,0.0,0.0,0.0,0.0,0.0,0.0,0.0,0.28,0.0,0.0,0.23,0.0,0.23,0.0,2.44,1.19,0.0,0.0,60.28,0.0,0.06,0.0,0.0,0.79,0.0,0.0,0.0,0.0,0.0,74.39,5.72,0.06,0.0,0.79,6.12,0.0
SC,Edgefield,944,14.3,79.45,94.6,0.0,0.0,0.0,0.0,0.0,0.0,0.0,0.0,0.0,0.0,5.08,0.11,79.45,0.0,0.0,0.0,14.09,0.0,1.27,0.0,0.0,0.0,0.0,0.0,0.0,0.0,0.0,27.12,0.0,0.0,0.0,0.0,0.0,0.0,0.0,0.0,0.0,0.0,0.0,0.11,0.0,0.0,0.0,0.0,0.0,0.0,0.0,0.0,0.0,0.0,0.0,0.0,0.0,0.0,0.0,0.53,0.0,3.39,0.53,0.0,0.0,79.34,0.0,0.0,0.0,0.0,1.27,0.0,0.0,0.0,0.0,0.0,79.45,1.06,1.27,0.0,1.27,0.0,19.28
SC,Fairfield,212,58.49,31.13,97.17,0.0,0.0,0.0,0.0,0.0,0.0,0.0,0.0,0.0,0.0,0.0,0.0,2.83,0.0,0.0,0.0,68.4,0.0,0.47,0.0,0.0,28.3,0.0,0.0,0.0,0.0,0.0,13.21,0.0,0.0,0.0,0.0,0.0,0.0,0.0,0.0,0.0,0.0,0.0,0.0,0.0,0.0,0.0,0.0,0.0,0.0,0.0,0.0,0.0,0.0,0.0,0.0,0.0,0.0,0.0,0.0,0.0,3.77,0.94,0.0,0.0,0.0,0.0,0.0,0.0,0.0,0.47,0.0,0.0,0.0,0.0,0.0,0.0,0.0,0.47,0.0,0.47,0.0,0.0
SC,Florence,2599,76.14,70.68,84.53,0.0,0.0,0.04,0.04,55.64,0.0,31.17,0.04,0.0,0.0,0.0,0.35,70.37,0.0,0.0,0.0,28.47,0.0,0.81,0.0,0.0,0.0,0.0,0.0,0.0,0.0,0.0,16.47,0.0,0.0,0.04,0.0,0.0,0.0,0.0,0.0,0.0,0.0,0.0,0.35,0.0,0.0,0.0,0.0,0.0,0.0,0.0,0.0,0.0,0.0,0.0,0.0,0.0,0.27,0.0,0.0,0.54,4.39,0.77,0.04,0.0,0.0,0.0,0.0,0.0,0.0,0.73,0.0,0.0,0.0,0.0,0.0,55.25,0.42,0.38,0.0,0.73,0.42,0.0
SC,Georgetown,943,62.25,42.31,88.87,3.5,0.0,68.93,0.42,1.38,37.75,0.74,0.21,0.11,0.0,1.91,21.42,41.99,0.0,0.11,0.0,30.22,0.0,0.74,0.0,0.0,0.0,0.0,0.0,0.0,0.0,0.0,8.59,0.0,0.0,0.0,0.0,0.0,0.0,0.0,0.0,0.0,0.0,0.0,20.47,0.0,0.0,0.0,0.0,0.0,0.0,0.0,0.0,0.0,0.0,1.38,0.42,0.0,0.11,0.0,1.17,0.21,2.65,0.53,0.32,0.0,0.0,0.0,0.11,0.0,0.0,37.75,1.7,1.7,0.0,31.28,0.32,57.69,0.0,0.32,0.0,37.75,0.21,0.0
SC,Greenville,5532,85.27,60.34,99.01,0.0,0.0,73.68,0.2,39.55,64.03,9.22,0.05,0.0,0.0,8.04,50.02,12.45,0.0,0.0,0.0,28.56,0.0,0.81,0.11,0.0,0.0,0.0,0.0,0.0,0.0,0.0,19.32,0.0,0.0,0.04,0.05,0.0,0.0,0.0,0.0,0.0,0.0,0.0,0.58,0.0,0.0,0.02,0.0,0.02,0.38,0.0,0.0,0.0,0.0,8.41,4.99,0.0,0.2,0.05,0.13,0.0,0.45,1.21,0.0,0.0,0.0,12.26,0.0,0.0,0.0,62.06,8.57,8.57,0.0,0.0,1.97,61.98,0.0,0.72,0.7,62.06,0.02,0.0
SC,Greenwood,1064,95.49,67.58,99.34,0.0,0.0,0.0,0.0,0.09,64.66,0.47,0.0,0.0,0.0,0.28,0.28,0.09,0.0,0.0,0.0,99.25,0.0,0.09,0.0,0.0,0.0,0.0,0.0,0.0,0.0,0.0,10.15,0.0,0.0,0.0,0.0,67.58,0.0,0.0,0.0,0.0,0.0,0.0,0.28,0.0,0.0,0.0,0.0,0.0,0.0,0.0,0.0,0.0,0.0,0.28,0.09,0.0,0.19,0.0,0.94,1.88,6.11,1.22,0.0,0.0,0.0,0.0,0.0,0.0,0.0,0.28,0.0,0.0,0.0,0.0,0.0,67.48,0.0,0.09,0.0,0.28,0.0,0.0
SC,Hampton,168,76.19,0.0,97.02,0.0,0.0,0.0,0.0,0.0,0.0,0.6,0.0,0.0,0.0,1.19,1.79,0.0,0.0,0.0,0.0,96.43,0.0,0.6,0.0,0.0,0.0,0.0,0.0,0.0,0.0,0.0,11.9,0.0,0.0,0.0,0.0,0.0,0.0,0.0,0.0,0.0,0.0,0.0,1.79,0.0,0.0,0.0,0.0,0.0,0.0,0.0,0.0,0.0,0.0,0.0,0.0,0.0,2.38,0.0,0.0,0.0,0.6,0.6,0.0,0.0,0.0,0.0,0.0,0.0,0.0,4.17,0.0,0.0,0.0,0.0,0.0,0.0,0.6,0.6,0.0,4.17,0.0,0.0
SC,Horry,11841,40.45,51.64,99.34,0.0,0.0,0.18,0.18,19.61,41.11,18.18,0.1,0.0,0.0,0.0,49.99,7.63,0.0,0.0,0.0,7.91,0.0,34.01,0.0,0.0,0.0,0.0,0.0,0.0,0.0,0.01,15.81,0.0,0.0,0.0,0.03,0.0,0.0,0.0,0.0,0.0,0.0,0.0,6.49,0.0,0.0,0.0,0.0,0.0,0.0,0.0,0.0,0.0,0.0,0.0,0.0,0.0,0.41,0.0,0.0,0.05,8.74,0.42,2.06,0.0,21.08,0.0,33.76,0.0,0.0,69.5,0.0,0.0,0.01,43.59,0.0,57.39,0.01,0.24,0.0,69.5,33.76,3.33
SC,Jasper,1019,70.17,80.57,99.41,0.0,0.0,0.0,0.0,0.0,0.0,0.0,0.0,0.0,0.0,0.0,0.49,80.77,0.0,0.0,0.0,18.35,0.0,0.39,0.0,0.0,0.0,0.0,0.0,0.0,0.0,0.0,18.06,0.0,0.0,0.1,0.1,0.0,0.0,0.0,0.0,0.0,0.1,0.0,0.49,0.0,0.0,0.0,0.0,0.0,0.0,0.0,0.0,0.0,0.0,0.0,0.0,0.0,0.29,0.0,1.08,2.06,3.73,0.69,0.0,0.0,72.82,0.0,0.0,0.0,0.0,0.59,0.0,0.0,0.0,0.0,0.0,80.77,0.0,0.39,0.0,0.59,0.0,5.5
SC,Kershaw,1945,90.59,87.25,99.79,0.0,0.0,0.0,0.0,27.71,68.07,0.0,0.0,0.0,0.0,0.0,0.21,87.15,0.0,0.0,0.0,12.6,0.0,0.05,0.0,0.0,0.0,0.0,0.0,0.0,0.0,0.0,19.33,0.0,0.0,0.05,0.05,0.0,0.0,0.0,0.0,0.0,0.0,0.0,0.21,0.0,0.0,0.0,0.0,0.0,0.0,0.0,0.0,0.0,0.0,0.0,0.0,0.0,0.05,0.0,0.21,0.05,2.26,0.36,0.0,0.0,83.91,0.0,0.0,0.0,0.0,0.1,0.0,0.0,0.0,83.03,0.0,87.25,0.0,0.05,0.0,0.1,0.0,26.02
SC,Lancaster,1202,92.85,74.54,99.83,0.0,0.0,0.0,0.0,63.23,0.0,0.0,0.0,0.0,0.0,0.0,0.25,74.04,0.0,0.0,0.0,25.62,0.0,0.08,0.0,0.0,0.0,0.0,0.0,0.0,0.0,0.0,16.47,0.0,0.0,0.0,0.0,0.0,0.0,0.0,0.0,0.0,0.0,0.0,0.25,0.0,0.0,0.0,0.0,0.0,0.0,0.0,0.0,0.0,0.0,0.0,0.0,0.0,0.33,0.0,0.0,0.0,3.33,0.75,0.0,0.0,59.32,0.0,0.0,0.0,0.0,32.36,2.66,2.66,0.0,0.0,0.0,74.54,0.0,0.08,0.0,32.36,0.0,20.8
SC,Laurens,3388,54.28,48.41,89.67,2.54,0.0,44.92,5.37,21.04,47.82,64.64,2.18,1.8,0.0,12.37,4.43,32.91,3.78,5.58,0.0,12.99,0.0,5.49,4.69,0.0,0.0,0.03,0.0,0.0,4.69,0.0,18.48,0.0,0.0,0.09,0.0,0.0,0.0,0.0,0.0,0.0,0.0,0.0,3.1,0.0,0.0,2.77,0.0,2.77,0.0,0.0,0.0,0.0,0.0,28.36,0.12,0.0,0.15,0.0,0.97,0.35,2.3,0.62,0.12,0.0,30.05,11.89,0.0,0.0,0.0,41.41,7.79,7.79,0.0,32.88,13.72,49.17,9.06,0.32,0.65,41.41,4.4,12.4
SC,Lee,617,71.31,74.55,100.0,0.0,0.0,0.0,0.0,0.0,0.0,0.0,0.0,0.0,0.0,0.0,0.0,74.23,0.0,0.0,0.0,25.61,0.0,0.16,0.0,0.0,0.0,0.0,0.0,0.0,0.0,0.0,20.91,0.0,0.0,0.0,0.0,0.0,0.0,0.0,0.0,0.0,0.0,0.0,0.0,0.0,0.0,0.0,0.0,0.0,0.0,0.0,0.0,0.0,0.0,0.0,0.0,0.0,0.16,0.0,1.62,2.92,4.7,0.16,0.0,0.0,66.77,0.0,0.0,0.0,0.0,0.32,0.0,0.0,0.0,0.0,0.0,74.55,0.0,0.16,0.0,0.32,0.0,1.94
SC,Lexington,3076,96.03,48.02,99.48,0.0,0.0,47.63,0.0,30.4,54.97,0.46,0.0,0.0,0.0,0.07,0.65,71.33,0.0,0.0,0.0,27.6,0.0,0.29,0.07,0.0,0.0,0.0,0.0,0.0,0.0,0.0,15.41,0.0,0.0,0.0,0.0,0.0,0.0,0.0,0.0,0.0,0.0,0.0,0.68,0.0,0.0,0.0,0.0,0.0,0.0,0.0,0.0,0.0,0.0,0.0,0.0,0.0,0.52,0.07,0.72,0.16,0.42,0.88,0.0,0.0,66.58,0.0,0.0,0.0,0.0,47.98,8.45,8.45,0.0,71.59,0.0,71.75,0.07,0.29,0.0,47.98,0.0,10.99
SC,Marion,293,66.89,0.0,98.98,0.0,0.0,0.0,0.0,0.0,0.0,5.46,0.0,0.0,0.0,0.0,1.02,0.0,0.0,0.0,0.0,80.55,0.0,18.43,0.0,0.0,0.0,0.0,0.0,0.0,0.0,0.0,20.82,0.0,0.0,0.0,0.0,0.0,0.0,0.0,0.0,0.0,0.0,0.0,1.02,0.0,0.0,0.0,0.0,0.0,0.0,0.0,0.0,0.0,0.0,0.0,0.0,0.0,3.41,0.0,0.0,0.0,0.0,0.0,0.0,0.0,0.0,0.0,0.0,0.0,0.0,22.18,0.0,0.0,0.0,0.0,0.0,0.0,17.75,0.68,0.0,22.18,17.75,0.0
SC,Marlboro,1273,60.49,80.36,99.37,0.0,0.0,0.0,0.0,0.08,0.08,0.39,0.0,0.0,0.0,0.0,0.0,80.44,0.0,0.0,0.0,15.71,0.0,3.85,0.0,0.0,0.0,0.0,0.0,0.0,0.0,0.0,16.81,0.0,0.0,0.08,0.08,0.0,0.0,0.0,0.0,0.0,0.0,0.0,0.0,0.0,0.0,0.0,0.0,0.0,0.0,0.0,0.0,0.0,0.0,0.0,0.0,0.0,0.08,0.0,0.79,0.0,2.67,0.24,0.0,0.0,67.24,0.0,0.0,0.0,0.0,0.55,0.0,0.0,0.0,0.08,0.0,80.44,0.0,0.08,0.0,0.55,3.53,18.38
SC,McCormick,370,49.46,74.86,100.0,0.0,0.0,0.0,0.0,0.81,0.27,0.0,0.0,0.0,0.0,0.0,0.0,74.86,0.0,0.0,0.0,24.86,0.0,0.27,0.0,0.0,0.0,0.0,0.0,0.0,0.0,0.0,12.16,0.0,0.0,0.0,0.0,0.0,0.0,0.0,0.0,0.0,0.0,0.0,0.0,0.0,0.0,0.0,0.0,0.0,0.0,0.0,0.0,0.0,0.0,0.0,0.0,0.0,0.0,0.0,0.27,0.0,5.95,0.81,0.0,0.0,67.3,0.0,0.0,0.0,0.0,0.27,0.0,0.0,0.0,0.27,0.0,74.86,0.0,0.27,0.0,0.27,0.0,17.57
SC,Newberry,1028,87.65,51.56,99.42,0.0,0.0,0.0,0.0,0.0,0.29,0.1,0.0,0.0,0.0,0.0,0.58,69.26,0.0,0.0,0.0,29.86,0.0,0.29,0.0,0.0,0.0,0.0,0.0,0.0,0.0,0.0,17.12,0.0,0.0,0.0,0.0,0.0,0.0,0.0,0.0,0.0,0.39,0.0,0.58,0.0,0.0,0.0,0.0,0.0,0.0,0.0,0.0,0.0,0.0,0.0,0.0,0.0,0.1,7.39,1.36,0.0,4.96,0.78,0.0,0.0,65.76,0.0,0.0,0.0,0.0,0.39,0.0,0.0,0.0,0.39,0.0,69.46,0.1,0.29,0.0,0.39,0.0,6.32
SC,Oconee,3765,61.51,49.8,93.04,3.4,0.0,53.15,3.64,51.16,52.08,72.88,1.62,1.01,0.0,9.54,13.81,56.18,0.35,3.75,0.0,8.92,0.0,0.9,1.33,0.0,0.0,0.0,8.47,0.0,1.38,0.0,21.14,0.0,0.0,0.03,0.0,0.0,0.0,0.0,0.0,0.0,0.0,0.0,5.13,0.0,0.0,0.58,0.0,0.56,0.0,0.0,0.0,0.0,0.0,13.33,0.0,0.0,0.74,0.0,0.08,0.0,1.17,0.48,0.56,0.0,51.05,12.46,0.05,0.0,0.0,4.36,0.13,0.13,0.0,61.33,7.7,72.38,1.97,0.16,0.27,4.36,0.03,13.2
SC,Orangeburg,657,77.17,0.0,99.24,0.0,0.0,0.0,0.0,0.0,0.0,2.28,0.0,0.0,0.0,0.0,0.61,14.16,0.0,0.0,0.0,81.58,0.0,3.65,0.0,0.0,0.0,0.0,0.0,0.0,0.0,0.0,10.5,0.0,0.0,0.0,0.0,0.0,0.0,0.0,0.0,0.0,0.0,0.0,0.76,0.0,0.0,0.0,0.0,0.0,0.0,0.0,0.0,0.0,0.0,0.0,0.0,0.0,0.91,0.0,0.15,0.0,2.59,0.46,0.0,0.0,14.16,0.0,0.0,0.0,0.0,4.57,0.0,0.0,0.0,0.0,0.0,14.16,0.0,3.65,0.0,4.57,0.0,1.22
SC,Pickens,5826,60.69,63.56,96.1,5.2,0.0,77.75,3.93,52.68,23.58,63.92,1.49,0.67,0.0,7.12,49.61,0.94,0.15,3.07,0.0,13.83,0.0,13.83,0.36,0.0,0.0,0.0,2.59,0.0,0.5,0.0,21.64,0.0,0.0,0.03,0.07,0.0,0.0,0.0,0.0,0.0,0.0,0.0,1.84,0.0,0.0,0.0,0.0,0.02,0.0,0.0,0.0,0.0,0.0,17.58,1.18,0.0,0.29,0.02,0.27,0.27,0.0,2.06,0.0,0.0,33.33,12.27,0.51,0.0,0.0,39.98,0.1,0.1,0.0,12.63,4.31,57.02,10.35,0.03,4.19,39.98,13.53,2.61
SC,Richland,2343,92.36,10.12,65.56,0.0,0.0,58.6,7.6,2.94,9.01,9.73,5.89,0.0,0.0,0.51,1.32,0.13,0.0,0.0,0.0,97.23,0.0,0.81,0.0,0.0,0.0,0.0,0.0,0.0,0.0,0.0,10.8,0.0,0.0,0.09,0.0,0.0,0.0,0.0,0.0,0.0,0.0,0.0,1.32,0.0,0.0,0.0,0.0,0.0,0.0,0.0,0.0,0.0,0.0,0.51,0.0,0.0,0.21,0.09,0.04,0.09,0.26,0.34,0.0,0.0,0.0,0.0,0.0,0.0,33.25,10.07,0.43,0.43,0.0,0.0,0.0,0.17,0.04,0.81,0.0,10.07,0.0,0.0
SC,Saluda,569,75.92,73.11,91.56,0.0,0.0,0.0,0.0,31.99,59.58,0.0,0.0,0.0,0.0,7.38,1.05,73.11,0.0,0.0,0.0,18.28,0.0,0.18,0.0,0.0,0.0,0.0,0.0,0.0,0.0,0.0,17.05,0.0,0.0,0.18,0.18,0.0,0.0,0.0,0.0,0.0,0.0,0.0,1.05,0.0,0.0,0.0,0.0,0.0,0.0,0.0,0.0,0.0,0.0,0.0,0.0,0.0,0.35,0.0,0.0,0.53,4.22,0.0,0.18,0.0,71.18,0.0,0.0,0.0,0.0,0.53,0.0,0.0,0.0,66.08,0.0,73.11,0.0,0.18,0.0,0.53,0.0,9.31
SC,Spartanburg,19380,80.92,84.13,95.79,3.73,0.0,67.32,43.23,52.53,79.86,51.72,7.34,0.58,0.0,3.78,5.77,26.86,0.83,1.88,0.0,23.63,0.0,0.84,0.29,0.0,0.0,0.0,0.0,0.0,0.26,0.0,22.99,0.0,0.0,0.05,0.03,4.79,21.26,24.05,1.24,0.0,0.09,0.0,2.43,0.0,0.0,0.0,0.0,0.01,0.01,0.0,0.0,0.0,0.0,7.14,0.03,0.0,0.16,0.01,0.0,0.04,2.98,2.95,0.0,0.0,18.47,8.67,0.57,0.0,4.82,28.23,2.46,2.46,0.0,38.32,21.82,50.47,0.76,0.23,2.97,28.23,0.58,7.43
SC,Sumter,3612,95.29,85.24,99.86,0.33,0.0,0.0,0.0,66.2,80.37,0.42,0.0,0.0,0.0,0.06,0.08,84.88,0.0,0.0,0.0,14.87,0.0,0.11,0.0,0.0,0.0,0.0,0.0,0.0,0.0,0.0,22.9,0.0,0.0,0.06,0.06,0.0,0.0,0.0,0.0,0.0,0.0,0.0,0.08,0.0,0.0,0.0,0.0,0.0,0.0,0.0,0.0,0.0,0.0,0.0,0.0,0.0,0.25,0.0,0.0,1.77,3.79,0.8,0.03,0.0,70.6,0.0,0.0,0.0,0.0,0.28,0.0,0.0,0.0,84.61,0.0,85.13,0.19,0.11,0.0,0.28,0.0,3.57
SC,Union,1367,65.03,47.55,89.47,3.58,0.0,82.3,7.32,9.36,56.25,87.93,4.68,0.88,0.0,16.02,3.07,46.09,0.22,6.58,0.0,10.24,0.0,0.44,0.15,0.0,0.0,0.0,0.0,0.0,0.15,0.0,18.29,0.0,0.0,0.07,0.0,0.0,0.0,0.0,0.0,0.0,0.0,0.0,3.07,0.0,0.0,0.0,0.0,0.0,0.0,0.0,0.0,0.0,0.0,30.58,0.0,0.0,0.22,6.66,0.0,0.0,1.24,0.29,0.07,0.0,34.75,12.73,0.0,0.0,0.0,0.88,0.0,0.0,0.0,44.92,0.22,50.33,0.22,0.0,0.22,0.88,0.0,9.36
SC,Williamsburg,2520,69.6,89.37,100.0,0.0,0.0,0.0,0.0,0.0,0.0,0.0,0.0,0.0,0.0,0.0,0.0,89.25,0.0,0.0,0.0,9.88,0.0,0.87,0.0,0.0,0.0,0.0,0.0,0.0,0.0,0.0,22.34,0.0,0.0,0.04,0.04,0.0,0.0,0.0,0.0,0.0,0.0,0.0,0.0,0.0,0.0,0.0,0.0,0.0,0.0,0.0,0.0,0.0,0.0,0.0,0.0,0.0,0.32,0.0,0.04,9.52,4.05,0.4,0.0,0.0,80.63,0.0,0.0,0.0,0.0,1.19,0.0,0.0,0.0,0.0,0.0,89.37,0.04,0.87,0.0,1.19,0.0,14.37
SC,York,1700,91.71,59.88,98.53,0.0,0.0,32.18,0.0,51.35,53.94,1.06,0.0,0.0,0.0,0.0,0.53,49.94,0.0,0.0,0.0,39.88,0.0,1.71,2.06,0.0,5.88,0.0,0.0,0.0,1.82,0.0,14.18,0.0,0.0,0.0,0.0,1.0,24.29,0.0,0.0,0.0,0.0,0.0,0.53,0.0,0.0,0.0,0.0,0.0,0.0,0.0,0.0,0.0,0.0,0.0,0.0,0.0,0.76,0.0,0.06,0.12,6.18,0.94,0.0,0.0,0.0,0.0,0.0,0.0,1.88,52.29,15.76,15.76,0.0,0.0,0.0,52.24,2.94,0.59,0.0,52.29,1.12,0.0
SC,UNKNOWN,470,3.19,0.0,0.0,0.0,0.0,0.0,0.0,1.06,0.0,0.0,0.0,0.0,0.0,0.0,0.21,0.0,0.0,0.0,0.0,13.19,0.0,0.0,0.0,0.0,0.0,86.6,0.0,0.0,0.0,0.0,0.0,0.0,0.0,0.0,0.0,0.0,0.0,0.0,0.0,0.0,0.0,0.0,0.21,0.0,0.0,0.0,0.0,0.0,0.0,0.0,0.0,0.0,0.0,0.0,0.0,0.0,0.0,0.0,0.0,0.0,0.0,0.0,0.0,0.0,0.0,0.0,0.0,0.0,0.0,0.0,0.0,0.0,0.0,0.0,0.0,0.0,0.0,0.0,0.0,0.0,0.0,0.0
