State,County,Rows_2026-10-07,Rows_2026-10-09,Rows_delta,address_pp,parcel_id_pp,owner_name_pp,phone_pp,email_pp,sqft_pp,beds_baths_pp,lot_size_pp,assessed_value_pp,comps_pp,comps_tight_pp,lt_foreclosure_sale_pp,lt_sheriff_sale_pp,lt_lis_pendens_pp,lt_tax_lien_pp,lt_tax_sale_pp,lt_auction_pp,lt_reo_pp,lt_hoa_sale_pp,lt_distressed_pp,lt_divorce_notice_pp,lt_probate_notice_pp,lt_estate_lead_pp,lt_elderly_disabled_pp,lt_tax_sale_overage_pp,lt_bankruptcy_pp,multi_year_delinquent_tax_pp,repeat_tax_loss_pp,heir_estate_pp,heir_naming_publication_pp,owner_cluster_pp,divorce_no_subsequent_deed_pp,marriage_license_pp,bankruptcy_stay_pp,bankruptcy_tax_combo_pp,condemned_pp,vacant_lot_pp,vacant_pp,storm_damage_pp,usps_vacancy_pp,liens_pp,child_support_pp,sc_state_tax_lien_pp,lien_priority_pp,rollback_exposure_pp,jail_booking_pp,jail_booking_new_pp,incarceration_pp,bop_federal_pp,builder_distress_pp,liensnc_related_pp,liensnc_posthumous_filing_pp,sos_dissolution_pp,title_risk_pp,owner_mismatch_pp,notice_service_defect_pp,name_estate_of_pp,name_deceased_pp,name_life_estate_pp,name_heirs_pp,name_et_al_pp,name_trust_pp,name_care_of_pp,two_year_delinquent_pp,tax_aging_surfaced_pp,divorce_pp,probate_pp,vacancy_pp,code_enforcement_pp,deed_chain_has_history_pp,deed_chain_break_pp,deed_chain_distress_transfer_pp,quiet_title_pp
NC,Alamance,2180,2193,13,-0.38,-0.15,-0.08,-4.26,-0.29,-0.01,-0.01,-0.06,-0.05,0.0,0.0,0.0,0.0,-3.39,-0.16,0.0,0.0,0.0,0.0,1.1,0.06,0.23,-0.02,0.0,0.0,0.0,0.0,0.0,-0.02,0.0,0.18,0.0,0.0,0.0,0.0,0.0,0.0,0.0,0.0,0.0,0.0,0.0,0.0,0.0,0.0,0.0,0.0,0.0,0.0,-0.05,-0.06,0.0,0.0,0.0,1.64,0.0,0.0,0.0,0.0,-0.02,-0.01,-0.01,0.0,0.0,0.0,0.0,0.0,0.0,0.0,10.05,0.0,0.0,0.0
NC,Alexander,246,247,1,-0.26,-0.12,0.07,-7.79,-0.09,-0.02,-0.01,-0.07,-0.08,0.0,0.0,0.0,0.0,-1.23,-0.09,-0.01,0.0,0.0,0.0,1.38,-0.06,0.0,0.0,0.0,0.0,0.0,0.0,0.0,0.0,0.0,0.78,0.0,0.0,0.0,0.0,0.0,0.0,0.0,0.0,0.0,0.0,0.0,0.0,0.0,0.0,0.0,0.0,0.0,0.0,-0.03,-0.03,0.0,0.0,0.0,1.62,0.0,0.0,0.0,0.0,0.0,0.0,-0.01,0.0,0.0,0.0,0.0,0.0,0.0,0.0,7.21,0.0,0.0,0.0
NC,Alleghany,155,155,0,0.0,0.0,0.0,-3.87,0.0,0.0,0.0,0.0,0.0,0.0,0.0,0.0,0.0,0.0,0.0,0.0,0.0,0.0,0.0,0.0,0.0,0.0,0.0,0.0,0.0,0.0,0.0,0.0,0.0,0.0,0.0,0.0,0.0,0.0,0.0,0.0,0.0,0.0,0.0,0.0,0.0,0.0,0.0,0.0,0.0,0.0,0.0,0.0,0.0,0.0,0.0,0.0,0.0,0.0,0.0,0.0,0.0,0.0,0.0,0.0,0.0,0.0,0.0,0.0,0.0,0.0,0.0,0.0,0.0,15.48,0.0,0.0,0.0
NC,Anson,366,370,4,-0.64,-0.58,0.31,-2.03,-0.14,-0.03,-0.03,-0.04,-0.08,5.41,0.0,0.0,0.0,-2.19,-0.16,-0.01,0.0,0.0,0.0,1.58,-0.01,1.02,-0.24,0.0,0.0,0.0,0.0,0.0,-0.24,0.0,0.19,0.0,0.0,0.0,0.0,0.0,0.0,0.0,0.0,0.0,0.0,0.0,0.0,0.0,0.0,0.0,0.0,0.0,0.0,-0.09,-0.03,0.0,0.0,0.0,0.54,0.0,0.0,0.0,0.0,0.0,0.0,0.0,0.0,0.0,0.0,0.0,0.0,0.0,0.0,0.78,0.0,0.0,0.0
NC,Ashe,348,351,3,-0.04,0.34,-0.22,-7.17,-0.33,-0.02,-0.02,0.66,-0.2,0.57,0.0,0.0,0.0,-2.59,-0.34,0.55,0.0,0.0,0.0,0.43,-0.05,0.0,0.0,0.0,0.0,0.0,0.0,0.0,0.0,0.0,-0.08,0.0,0.0,0.0,0.0,0.0,0.0,0.0,0.0,0.0,0.0,0.0,0.0,0.0,0.0,0.0,0.0,0.0,0.0,-0.11,-0.1,-0.01,0.0,0.0,1.71,0.0,0.0,0.0,0.0,0.56,0.0,-0.01,0.0,0.0,0.0,0.0,0.0,0.0,0.0,16.73,0.0,0.0,0.0
NC,Avery,301,304,3,-0.19,-0.51,19.09,-16.73,-0.28,0.32,0.32,19.2,0.14,0.0,0.0,0.0,0.0,-10.3,-0.29,0.0,0.0,0.0,0.0,0.92,0.0,0.33,-0.19,0.0,0.0,0.0,0.0,0.0,-0.19,0.0,0.93,0.0,0.0,0.0,0.0,0.0,0.0,0.0,0.0,0.0,0.0,0.0,0.0,0.0,0.0,0.0,0.0,0.0,0.0,-0.12,-0.12,0.0,0.0,0.0,0.0,0.0,0.0,0.0,0.0,18.75,0.0,-0.03,0.0,0.0,0.0,0.0,0.0,0.0,0.0,0.14,0.0,0.0,0.0
NC,Beaufort,3550,3879,329,-0.5,0.01,0.31,-1.08,-0.26,-0.03,-0.03,1.52,1.44,0.0,0.0,0.0,0.0,-2.08,1.2,0.0,0.0,0.0,0.0,-0.59,-0.09,0.05,-0.18,0.0,0.0,0.0,0.0,0.0,-0.18,0.0,1.92,0.0,0.0,0.0,0.07,0.0,0.0,0.0,0.0,0.0,0.0,0.0,0.0,0.0,0.0,0.0,0.0,0.0,0.0,-0.12,-0.12,0.0,0.0,-0.01,0.08,0.0,0.0,0.0,0.0,-0.17,0.0,0.04,0.0,0.0,-3.36,0.0,0.0,0.0,0.0,1.19,0.0,0.0,0.0
NC,Bertie,1831,1834,3,-0.12,-0.14,0.0,-0.16,0.0,0.06,0.06,18.87,-0.1,0.0,0.0,0.0,0.0,-0.22,-0.24,0.0,0.0,0.0,0.0,0.42,0.0,0.05,-0.01,0.0,0.0,0.0,0.0,0.0,-0.01,0.0,0.06,0.0,0.0,0.0,-0.16,0.0,0.0,0.0,0.0,0.0,0.0,0.0,0.0,0.0,0.0,0.0,0.0,0.0,0.0,0.0,0.0,0.0,0.0,0.0,0.0,0.0,0.0,0.0,0.0,-0.03,0.0,0.0,0.0,0.0,-1.61,0.0,0.0,0.0,0.0,0.05,0.0,0.0,0.0
NC,Bladen,365,370,5,-0.17,-0.29,12.16,-5.02,-0.16,-0.02,-0.02,-0.01,-0.07,0.0,0.0,0.0,0.0,-2.47,-0.16,0.0,0.0,0.0,0.0,1.79,0.1,0.35,-0.16,0.0,0.0,0.0,0.0,0.0,-0.16,0.0,1.49,0.0,0.0,0.0,0.0,0.0,0.0,0.0,0.0,0.0,0.0,0.0,0.0,0.0,0.0,0.0,0.0,0.0,0.0,-0.06,-0.06,0.0,0.0,0.0,2.16,0.0,0.27,0.0,0.0,10.27,0.0,0.0,0.54,0.0,0.0,0.0,-0.05,0.0,0.0,3.25,0.0,0.0,0.0
NC,Brunswick,4485,4515,30,-0.45,-0.45,0.46,-4.68,-0.46,0.1,0.06,6.78,-0.23,-0.01,0.02,0.02,0.0,-13.71,-0.48,0.0,0.0,0.0,0.0,0.64,0.03,0.28,-0.01,0.0,0.0,0.02,0.0,0.0,-0.01,0.0,0.01,0.0,0.0,0.0,0.0,0.0,0.0,0.0,0.0,0.0,0.0,0.0,0.0,0.0,0.0,0.0,0.0,0.0,0.0,-0.12,-0.11,0.0,0.0,-0.01,0.36,0.0,0.0,0.0,0.0,0.5,0.0,0.04,0.0,0.0,0.0,0.0,0.17,0.0,0.0,2.88,0.0,0.0,0.0
NC,Buncombe,11711,11907,196,-0.53,-0.47,-0.41,-7.59,-0.79,-1.34,0.02,-0.65,-0.4,-2.33,0.08,0.02,0.0,-0.25,-0.27,-0.01,-0.01,0.02,0.0,0.23,-0.07,0.22,1.11,-1.12,0.0,0.05,-12.14,0.0,1.14,0.0,-0.1,0.0,0.0,-0.01,-0.22,0.0,-0.01,0.0,-0.2,0.0,0.0,0.0,0.0,0.0,0.02,-0.01,0.0,-0.05,-0.02,-0.22,-0.21,0.0,0.0,-0.11,0.45,0.0,0.01,0.0,0.0,0.91,-0.03,-0.1,0.0,-0.03,-11.9,0.0,-0.01,0.0,-0.01,0.86,0.0,0.0,0.0
NC,Burke,1626,1614,-12,0.36,-1.11,0.73,-6.8,-0.7,-0.21,0.15,1.61,0.91,-0.22,0.08,-0.04,0.0,-3.31,0.16,0.07,0.07,0.13,0.0,0.3,-0.03,0.14,0.4,0.0,0.0,0.13,0.0,0.0,0.4,0.0,0.45,0.0,0.0,0.0,0.0,0.0,-0.09,0.0,0.0,0.0,0.0,0.0,0.0,0.0,0.0,-0.12,0.0,-0.24,0.0,0.06,0.06,0.0,0.0,-0.05,1.31,0.0,0.0,0.0,0.0,0.19,0.0,-0.05,0.0,0.0,-6.88,0.0,0.07,0.0,0.0,1.08,0.0,0.0,0.0
NC,Cabarrus,2054,2093,39,-0.94,-0.32,-0.19,-10.51,-0.72,0.3,0.3,0.06,0.1,10.59,0.24,0.0,0.0,-5.51,-0.76,-0.01,0.0,0.0,0.0,1.12,0.1,0.74,0.0,0.0,0.0,0.0,0.0,0.0,0.0,0.0,0.26,0.0,0.0,0.0,0.0,0.0,0.0,0.0,0.0,0.0,0.0,0.0,0.0,0.0,0.0,0.0,0.0,0.0,0.0,-0.49,-0.25,0.0,0.0,0.0,0.86,0.0,0.0,0.0,0.0,0.0,0.0,-0.01,0.0,0.0,0.0,0.0,0.58,0.0,0.0,2.46,0.0,0.0,0.0
NC,Caldwell,756,765,9,-0.3,0.08,0.25,-6.2,-0.32,0.09,0.09,0.64,-0.03,0.0,0.0,0.0,0.0,-2.65,-0.21,0.35,0.0,0.0,0.0,0.58,-0.07,0.0,-0.1,0.0,0.0,0.0,0.0,0.0,-0.1,0.0,0.81,0.0,0.0,0.0,0.0,0.0,0.0,0.0,0.0,0.0,0.0,0.0,0.0,0.0,0.0,0.0,0.0,0.0,0.0,-0.13,-0.13,0.0,0.0,0.0,0.92,0.0,0.13,0.0,0.0,0.19,0.0,-0.01,0.0,0.0,0.0,0.0,0.0,0.0,0.0,-0.16,0.0,0.0,0.0
NC,Camden,138,138,0,0.0,0.0,0.0,-11.6,0.0,0.0,-0.72,0.0,0.0,0.0,0.0,0.0,0.0,-2.17,0.0,0.0,0.0,0.0,0.0,1.45,0.0,0.0,0.0,0.0,0.0,0.0,0.0,0.0,0.0,0.0,0.0,0.0,0.0,0.0,0.0,0.0,0.0,0.0,0.0,0.0,0.0,0.0,0.0,0.0,0.0,0.0,0.0,0.0,0.0,0.0,0.0,0.0,0.0,0.0,0.0,0.0,0.0,0.0,0.0,0.0,0.0,0.0,0.0,0.0,0.0,0.0,0.0,0.0,0.0,0.0,0.0,0.0,0.0
NC,Carteret,868,872,4,-1.67,-1.46,2.35,-6.95,-0.19,-1.07,-0.03,2.4,-0.5,0.44,0.22,0.0,0.0,-3.23,-0.19,0.0,0.0,-0.01,0.0,1.2,0.0,0.1,-0.03,0.0,0.0,0.11,0.0,0.0,-0.03,0.0,1.09,0.0,0.0,0.0,0.0,0.0,0.0,0.0,0.0,0.0,0.0,0.0,0.0,0.0,0.0,0.0,0.0,0.0,0.0,-0.08,-0.08,0.0,0.0,0.0,0.45,0.0,0.22,0.0,0.0,1.81,-0.12,-0.01,0.23,0.0,-0.12,0.0,-0.01,0.0,-0.12,-0.18,0.0,0.0,0.0
NC,Caswell,476,477,1,-0.09,-0.14,0.01,-4.63,-0.02,0.0,0.0,-0.04,-0.01,0.0,0.0,0.0,0.0,-2.1,-0.02,0.0,0.0,0.0,0.0,1.54,0.0,0.0,-0.04,0.0,0.0,0.0,0.0,0.0,-0.04,0.0,0.39,0.0,0.0,0.0,0.0,0.0,0.0,0.0,0.0,0.0,0.0,0.0,0.0,0.0,0.0,0.0,0.0,0.0,0.0,0.0,0.0,0.0,0.0,0.0,0.0,0.0,0.0,0.0,0.0,-0.04,0.0,0.0,-0.02,0.0,0.0,0.0,0.0,0.0,-0.21,-0.04,0.0,0.0,0.0
NC,Catawba,7547,7840,293,-0.85,-0.37,0.24,-2.43,-0.49,0.01,0.01,0.12,-0.02,0.01,0.0,0.0,0.0,-0.52,0.42,-0.01,0.0,0.0,0.0,-0.24,-0.07,0.13,-0.04,0.0,0.0,0.0,0.0,0.0,-0.07,0.0,1.13,0.0,0.0,0.0,0.0,0.0,0.0,0.0,0.0,0.0,0.0,0.0,0.0,0.0,0.0,0.0,0.0,0.0,0.0,-0.14,-0.13,0.0,0.0,-0.01,0.31,0.0,0.0,0.0,0.0,0.28,0.0,-0.03,0.0,0.0,0.19,0.0,0.06,0.0,0.0,0.02,0.0,0.0,0.0
NC,Chatham,1050,1051,1,-0.07,-0.04,0.0,-12.6,-0.04,0.0,0.0,-0.02,-0.02,0.0,0.0,0.0,0.0,-4.0,-0.05,0.0,0.0,0.0,0.0,1.11,-0.01,0.0,-0.01,0.0,0.0,0.0,0.0,0.0,-0.01,0.0,0.19,0.0,0.0,0.0,0.0,0.0,0.0,0.0,0.0,0.0,0.0,0.0,0.0,0.0,0.0,0.0,0.0,0.0,0.0,-0.02,-0.03,0.0,0.0,0.0,1.62,0.0,0.0,0.0,0.0,0.0,0.0,0.0,0.0,0.0,0.0,0.0,0.0,0.0,0.0,-0.01,0.0,0.0,0.0
NC,Cherokee,400,405,5,-0.57,-0.52,3.21,-8.41,-0.51,0.06,0.19,3.31,-0.1,0.0,0.0,0.0,0.0,-4.77,-0.3,-0.05,0.0,0.0,0.0,0.53,-0.05,0.25,-0.06,0.0,0.0,0.0,0.0,0.0,-0.06,0.0,-0.16,0.0,0.0,0.0,0.0,0.0,0.0,0.0,0.0,0.0,0.0,0.0,0.0,0.0,0.0,0.0,0.0,0.0,0.0,-0.15,-0.15,0.0,0.0,-0.02,0.99,0.0,0.0,0.0,0.0,2.46,0.0,-0.01,0.73,0.0,0.0,0.0,0.0,0.0,0.0,19.35,0.0,0.0,0.0
NC,Chowan,1056,1057,1,-0.09,-0.09,0.0,-0.48,-0.01,0.0,0.0,0.0,0.0,0.0,0.0,0.0,0.0,-0.47,-0.18,0.09,0.0,0.0,0.0,0.56,0.0,0.0,0.0,0.0,0.0,0.0,0.0,0.0,0.0,0.0,0.15,0.0,0.0,0.0,0.0,0.0,0.0,0.0,0.0,0.0,0.0,0.0,0.0,0.0,0.0,0.0,0.0,0.0,0.0,0.0,0.0,0.0,0.0,0.0,0.28,0.0,0.0,0.0,0.0,0.0,0.0,0.0,0.0,0.0,-0.08,0.0,0.0,0.0,0.0,82.87,0.0,0.0,0.0
NC,Clay,207,207,0,0.0,0.0,2.9,-10.62,0.0,0.0,0.0,0.0,0.49,0.0,0.0,0.0,0.0,-1.93,0.0,0.0,0.0,0.0,0.0,0.97,0.0,0.0,0.0,0.0,0.0,0.0,0.0,0.0,0.0,0.0,0.0,0.0,0.0,0.0,0.0,0.0,0.0,0.0,0.0,0.0,0.0,0.0,0.0,0.0,0.0,0.0,0.0,0.0,0.0,0.0,0.0,0.0,0.0,0.0,0.97,0.0,0.0,0.0,0.0,0.97,0.0,0.0,0.0,0.0,0.0,0.0,0.0,0.0,0.0,0.0,0.0,0.0,0.0
NC,Cleveland,1345,1365,20,0.32,0.0,-0.34,-8.01,-1.41,1.46,0.07,4.84,0.31,-1.25,0.04,0.09,0.0,-9.85,-0.25,0.06,0.0,0.21,0.0,1.3,-0.07,0.04,-0.09,0.0,0.0,0.19,0.0,0.0,-0.31,0.0,0.58,0.0,0.0,0.0,0.0,0.0,0.0,0.0,0.0,0.0,0.0,0.0,0.0,0.0,0.0,-0.22,0.0,-0.15,0.0,-0.28,-0.08,0.0,0.0,-0.3,0.84,0.0,0.0,0.0,0.0,0.09,0.0,-0.01,0.0,0.0,-4.08,0.0,0.0,0.0,0.0,12.82,-0.08,-0.07,0.0
NC,Columbus,561,569,8,-0.84,-0.16,-0.16,-4.65,-0.25,0.16,0.16,0.02,0.06,0.0,0.0,0.0,0.0,-1.43,-0.33,0.0,0.0,0.0,0.0,0.53,-0.06,0.77,0.0,0.0,0.0,0.0,0.0,0.0,0.0,0.0,0.44,0.0,0.0,0.0,0.0,0.0,0.0,0.0,0.0,0.0,0.0,0.0,0.0,0.0,0.0,0.0,0.0,0.0,0.0,-0.06,-0.06,0.0,0.0,-0.01,1.23,0.0,0.0,0.0,0.0,0.0,0.0,-0.01,0.0,0.0,0.0,0.0,-0.02,0.0,0.0,0.72,0.0,0.0,0.0
NC,Craven,1237,1247,10,-0.51,-0.19,1.13,-9.15,-0.25,0.07,0.06,1.01,-0.08,-0.02,0.0,0.0,0.0,-2.92,-0.26,0.0,0.0,0.0,0.0,0.63,-0.03,0.24,-0.05,0.0,0.0,0.0,0.0,0.0,-0.05,0.0,0.91,0.0,0.0,0.0,0.0,0.0,0.0,0.0,0.0,0.0,0.0,0.0,0.0,0.0,0.0,0.0,0.0,0.0,0.0,-0.09,-0.09,0.0,0.0,-0.02,0.96,0.0,0.07,0.0,0.0,0.69,0.0,-0.01,0.0,0.0,0.0,0.0,0.0,0.0,0.0,0.16,0.0,0.0,0.0
NC,Cumberland,3436,7148,3712,6.89,43.74,5.46,-11.45,-9.73,-1.36,-1.37,42.76,-6.37,-0.41,0.0,0.0,0.0,-2.45,41.27,-0.06,0.0,0.0,0.0,-31.39,-6.73,0.05,-1.44,0.0,0.0,0.0,0.0,0.0,-1.13,0.0,5.17,0.0,0.0,0.0,0.2,0.0,0.0,0.0,0.0,0.0,0.0,0.0,0.0,0.0,0.0,0.0,0.0,0.0,0.0,-3.24,-3.1,-0.06,0.0,-0.25,2.0,0.0,-0.02,0.0,0.52,4.74,0.22,0.96,0.1,0.0,51.57,0.0,0.0,0.0,0.0,-7.79,0.0,0.0,0.0
NC,Currituck,509,512,3,-0.5,-0.36,-0.13,-10.67,-0.32,-0.03,-0.01,-0.38,-0.31,-0.01,0.0,0.0,0.0,-6.28,-0.33,0.0,0.0,0.0,0.0,0.87,-0.02,0.0,-0.09,0.0,0.0,0.0,0.0,0.0,-0.09,0.0,0.67,0.0,0.0,0.0,0.0,0.0,0.0,0.0,0.0,0.0,0.0,0.0,0.0,0.0,0.0,0.0,0.0,0.0,0.0,-0.09,-0.08,0.0,0.0,-0.01,0.97,0.0,0.0,0.0,0.0,-0.05,0.0,-0.02,0.0,0.0,0.0,0.0,0.0,0.0,0.0,-0.11,0.0,0.0,0.0
NC,Dare,559,573,14,-1.98,0.02,-1.0,-10.34,-1.44,0.78,-0.02,0.38,0.13,-0.03,-0.01,0.0,0.0,-4.36,-1.3,0.0,0.0,0.0,0.0,0.17,0.04,0.16,0.0,0.0,0.0,0.0,0.0,0.0,0.0,0.0,0.42,0.0,0.0,0.0,0.0,0.0,0.0,0.0,0.0,0.0,0.0,0.0,0.0,0.0,0.0,0.0,0.0,0.0,0.0,-0.45,-0.45,0.0,0.0,-0.03,1.4,0.0,0.0,0.0,0.0,0.0,0.0,0.0,-0.01,0.0,0.0,0.0,-0.01,0.0,0.0,1.26,0.0,0.0,0.0
NC,Davidson,1711,4921,3210,-48.22,45.23,6.62,-23.13,-22.11,-0.87,-0.81,50.0,-10.87,0.04,0.0,0.0,0.0,-4.83,41.96,-0.23,0.0,0.0,0.0,-32.7,-4.9,0.0,0.0,0.0,0.0,0.0,0.0,0.0,0.0,0.0,14.22,0.0,0.0,0.0,0.02,0.0,0.0,0.0,0.0,0.0,0.0,0.0,0.0,0.0,0.0,0.0,0.0,0.0,0.0,-5.37,-5.27,0.0,0.0,-0.27,0.55,0.0,0.0,0.0,0.0,0.57,0.43,0.38,0.0,0.0,64.91,0.0,0.0,0.0,0.0,62.32,0.0,0.0,0.0
NC,Davie,480,482,2,-0.08,0.02,4.61,-5.08,-0.1,-0.01,-0.01,4.69,-0.05,0.0,0.0,0.0,0.0,-2.5,-0.11,0.2,0.0,0.0,0.0,1.21,0.0,0.21,-0.06,0.0,0.0,0.0,0.0,0.0,-0.06,0.0,-0.04,0.0,0.0,0.0,0.0,0.0,0.0,0.0,0.0,0.0,0.0,0.0,0.0,0.0,0.0,0.0,0.0,0.0,0.0,-0.05,-0.05,0.0,0.0,0.0,0.0,0.0,-0.01,0.0,0.0,3.29,0.0,0.0,0.0,0.0,0.0,0.0,0.0,0.0,0.0,0.15,0.0,0.0,0.0
NC,Duplin,508,512,4,-0.55,-0.19,0.11,-6.07,-0.21,-0.01,-0.01,-0.11,-0.14,0.0,0.0,0.0,0.0,-4.92,-0.24,0.0,0.0,0.0,0.0,1.89,0.34,0.0,0.0,0.0,0.0,0.0,0.0,0.0,0.0,0.0,-0.06,0.0,0.0,0.0,0.0,0.0,0.0,0.0,0.0,0.0,0.0,0.0,0.0,0.0,0.0,0.0,0.0,0.0,0.0,-0.06,-0.06,0.0,0.0,0.0,1.76,0.0,0.0,0.0,0.0,0.0,0.0,0.0,0.0,0.0,0.0,0.0,0.0,0.0,0.0,0.35,0.0,0.0,0.0
NC,Durham,5030,5262,232,-3.67,-2.02,-0.38,-4.89,-1.52,0.1,0.1,1.56,-1.48,-0.05,0.0,0.0,0.0,-4.29,-1.39,0.0,0.0,0.0,0.0,3.2,-0.12,0.03,-0.06,0.0,0.0,0.0,0.0,0.0,-0.06,0.0,0.35,0.0,0.0,0.0,0.0,0.0,0.0,0.0,0.0,0.0,0.0,0.0,0.0,0.0,0.0,0.0,0.0,0.0,0.0,-0.52,-0.49,0.0,0.0,0.0,1.1,0.0,0.0,0.0,0.0,0.01,-0.01,0.0,0.0,0.0,0.0,0.0,0.0,0.0,-0.73,32.82,0.0,0.0,0.0
NC,Edgecombe,554,938,384,8.59,29.38,3.89,-6.33,-4.95,-0.74,-0.82,-2.82,35.46,-1.04,0.0,0.0,0.0,-5.6,-5.43,-1.36,0.0,0.0,0.0,20.21,-1.4,-1.48,-4.95,0.0,0.0,0.0,0.0,0.0,-4.95,0.0,2.7,0.0,0.0,0.0,0.0,13.22,0.0,0.0,0.0,0.0,0.0,0.0,0.0,0.0,0.0,0.0,0.0,0.0,0.0,-2.22,-2.14,-0.15,0.0,0.0,0.21,0.0,0.0,0.0,0.07,-3.31,6.29,0.35,-0.07,0.0,0.0,0.0,0.0,14.82,0.0,-7.83,0.0,0.0,0.0
NC,Forsyth,9581,9633,52,-0.3,-0.34,-0.17,-1.69,-0.08,0.02,0.02,-0.28,-0.3,0.01,0.02,0.0,0.0,-1.6,0.0,0.05,0.0,0.0,0.0,0.45,0.05,0.2,-0.38,0.0,0.0,0.0,0.0,0.0,0.0,0.0,0.03,0.0,0.0,0.0,-0.21,0.0,0.0,0.0,0.0,0.0,0.0,0.0,0.0,0.0,0.0,0.0,0.0,0.0,0.0,-0.03,-0.03,0.0,0.0,0.0,0.5,0.0,0.0,0.0,0.0,-0.06,0.0,-0.01,0.0,0.0,-1.61,0.0,0.0,0.0,0.0,0.25,0.0,0.0,0.0
NC,Franklin,923,931,8,-0.46,-0.25,7.28,-8.13,-0.39,0.1,0.1,7.86,0.02,0.0,0.0,0.0,0.0,-5.32,-0.41,0.0,0.0,0.0,0.0,1.86,-0.05,0.1,-0.07,0.0,0.0,0.0,0.0,0.0,-0.07,0.0,-0.07,0.0,0.0,0.0,0.0,0.0,0.0,0.0,0.0,0.0,0.0,0.0,0.0,0.0,0.0,0.0,0.0,0.0,0.0,-0.15,-0.15,0.0,0.0,-0.01,0.54,0.0,0.0,0.0,-0.01,5.91,0.0,-0.01,0.0,0.0,0.0,0.0,0.0,0.0,0.0,5.47,0.0,0.0,0.0
NC,Gaston,25472,25824,352,-0.05,0.11,0.14,-1.02,-0.22,0.56,-0.06,0.1,0.37,-0.63,-0.07,-0.01,0.0,-1.68,-0.03,0.0,0.0,0.01,0.0,-1.11,-0.04,-0.08,1.35,0.0,0.0,0.01,0.0,0.0,1.34,0.0,-0.2,0.0,0.0,0.0,0.0,0.0,0.0,0.0,0.0,0.0,0.0,0.0,0.0,0.0,0.0,-0.01,0.0,-0.01,0.0,-0.09,-0.04,-0.01,0.0,-0.04,0.18,0.0,0.01,0.0,-0.01,1.05,0.0,-0.03,0.0,0.0,-0.08,0.0,-0.04,0.0,-0.04,0.69,0.0,0.0,0.0
NC,Gates,786,787,1,0.04,-0.07,-0.13,-1.28,-0.01,0.13,0.13,0.06,0.07,0.0,0.0,0.0,0.0,-0.13,-0.1,0.0,0.0,0.0,0.0,0.24,0.0,0.0,-0.01,0.0,0.0,0.0,0.0,0.0,-0.01,0.0,-0.02,0.0,0.0,0.0,-0.38,0.0,0.0,0.0,0.0,0.0,0.0,0.0,0.0,0.0,0.0,0.0,0.0,0.0,0.0,-0.01,0.0,0.0,0.0,0.0,0.25,0.0,0.0,0.0,0.0,-0.03,0.0,0.0,0.0,-0.16,-0.23,0.0,0.0,0.0,0.0,-0.01,0.0,0.0,0.0
NC,Graham,812,814,2,-0.15,-0.23,0.0,-0.49,-0.12,-0.06,0.0,2.39,-0.12,0.49,0.0,0.0,0.0,-0.12,-0.22,0.0,0.0,0.0,0.0,0.1,0.0,0.12,0.0,0.0,0.0,0.0,0.0,0.0,0.0,0.0,0.18,0.0,0.0,0.0,0.0,0.0,0.0,0.0,0.0,0.0,0.0,0.0,0.0,0.0,0.0,0.0,0.0,0.0,0.0,-0.13,0.0,0.0,0.0,0.0,0.0,0.0,0.0,0.0,0.0,0.0,0.0,0.0,-0.01,-3.19,-1.7,0.0,0.0,0.0,0.0,0.12,0.0,0.0,0.0
NC,Granville,655,656,1,-0.12,-0.05,0.01,-7.38,-0.06,0.0,0.0,-0.04,-0.03,0.0,0.0,0.0,0.0,-2.14,-0.06,0.0,0.0,0.0,0.0,1.46,-0.01,0.15,-0.02,0.0,0.0,0.0,0.0,0.0,-0.02,0.0,0.14,0.0,0.0,0.0,0.0,0.0,0.0,0.0,0.0,0.0,0.0,0.0,0.0,0.0,0.0,0.0,0.0,0.0,0.0,-0.02,-0.01,0.0,0.0,-0.01,0.61,0.0,0.0,0.0,0.0,-0.01,-0.01,0.0,0.0,0.0,0.0,0.0,0.0,0.0,0.0,0.13,0.0,0.0,0.0
NC,Greene,252,254,2,-0.64,-0.29,-0.36,-4.02,-0.08,0.0,0.0,-0.25,-0.03,0.0,0.0,0.0,0.0,-1.98,-0.08,0.0,0.0,0.0,0.0,1.92,-0.03,0.39,-0.21,0.0,0.0,0.0,0.0,0.0,-0.21,0.0,-0.03,0.0,0.0,0.0,0.0,0.0,0.0,0.0,0.0,0.0,0.0,0.0,0.0,0.0,0.0,0.0,0.0,0.0,0.0,-0.02,-0.01,0.0,0.0,0.0,1.18,0.0,0.0,0.0,0.0,-0.18,0.0,0.0,-0.12,0.0,0.0,0.0,0.0,0.0,0.0,0.15,0.0,0.0,0.0
NC,Guilford,10326,11485,1159,3.25,6.61,1.53,-4.91,-1.3,3.82,2.9,5.83,5.35,-0.29,0.0,0.0,0.0,-3.97,4.33,-0.01,0.0,0.0,0.0,-3.18,-0.29,0.02,-0.09,0.0,0.0,0.0,0.0,0.0,-0.06,0.0,8.48,0.0,0.0,0.0,-0.02,0.0,0.0,0.0,0.0,0.0,0.0,0.0,0.0,0.0,0.0,0.0,0.0,0.0,0.0,-0.47,-0.46,0.0,0.0,0.01,0.4,0.0,0.0,0.0,0.0,0.97,0.01,0.03,0.01,0.0,-1.91,0.0,-0.01,0.0,-0.57,-0.16,0.0,0.0,0.0
NC,Halifax,471,476,5,-0.58,-0.24,-0.06,-2.86,-0.34,-0.04,-0.04,0.02,-0.11,0.0,0.0,0.0,0.0,-1.92,-0.16,0.0,0.0,0.0,0.0,0.98,-0.06,0.42,-0.09,0.0,0.0,0.0,0.0,0.0,-0.09,0.0,-0.1,0.0,0.0,0.0,0.0,0.0,0.0,0.0,0.0,0.0,0.0,0.0,0.0,0.0,0.0,0.0,0.0,0.0,0.0,-0.26,-0.26,0.0,0.0,0.0,0.84,0.0,0.0,0.0,0.0,-0.09,0.0,-0.01,0.0,0.0,0.0,0.0,0.0,0.0,0.0,0.27,0.0,0.0,0.0
NC,Harnett,2065,2068,3,-0.07,-0.07,-0.08,-6.33,-0.1,0.0,0.0,-0.02,-0.04,0.0,0.0,0.0,0.0,-5.81,-0.09,0.0,0.0,0.0,0.0,1.76,-0.01,0.05,0.0,0.0,0.0,0.0,0.0,0.0,0.0,0.0,-0.02,0.0,0.0,0.0,0.0,0.0,0.0,0.0,0.0,0.0,0.0,0.0,0.0,0.0,0.0,0.0,0.0,0.0,0.0,-0.04,-0.04,0.0,0.0,0.0,1.11,0.0,0.0,0.0,0.0,0.0,0.0,0.0,0.0,0.0,0.0,0.0,0.0,0.0,0.0,30.25,0.0,0.0,0.0
NC,Haywood,1112,1128,16,-0.61,-0.29,0.54,-6.42,-0.31,1.26,0.34,-0.08,-0.17,10.11,0.27,0.0,0.0,-32.12,-0.23,0.0,0.0,0.0,0.0,1.22,-0.05,0.68,-0.09,0.0,0.0,0.0,0.0,0.0,-0.09,0.0,0.54,0.0,0.0,-0.09,0.0,0.0,0.0,0.0,0.0,0.0,0.0,0.0,0.0,0.0,0.0,0.0,0.0,0.0,0.0,-0.27,-0.09,0.0,0.0,-0.01,0.27,0.0,0.0,0.0,0.0,-0.08,0.0,-0.01,0.0,0.0,0.0,0.0,0.6,0.0,0.0,11.04,0.0,0.0,0.0
NC,Henderson,3788,3737,-51,-3.26,-1.69,-0.42,-6.08,-0.73,-0.99,0.05,-0.09,-1.46,-5.48,0.04,0.04,0.0,-2.79,-5.19,0.0,0.03,0.0,0.0,0.6,0.09,0.11,4.22,0.0,0.0,0.26,0.0,0.0,4.42,0.0,-4.3,0.0,0.0,-0.08,-0.21,0.0,0.45,0.0,0.0,0.0,0.0,0.0,0.0,0.0,0.0,-0.16,0.0,-0.18,0.0,0.1,0.01,0.0,0.0,0.03,0.84,0.0,0.05,0.0,-0.11,2.79,0.0,-0.28,0.0,-0.36,-10.49,0.0,0.0,0.01,0.09,0.33,0.03,0.03,0.0
NC,Hertford,319,321,2,-0.47,-0.18,9.76,-1.91,-0.04,-0.02,-0.02,9.54,-0.04,0.62,0.0,0.0,0.0,-1.88,-0.04,0.0,0.0,0.0,0.0,2.07,-0.01,-0.01,-0.13,0.0,0.0,0.0,0.0,0.0,-0.13,0.0,0.85,0.0,0.0,0.0,0.0,0.0,0.0,0.0,0.0,0.0,0.0,0.0,0.0,0.0,0.0,0.0,0.0,0.0,0.0,-0.01,-0.01,0.0,0.0,0.0,0.62,0.0,0.0,0.0,0.0,9.6,0.0,0.0,0.0,0.0,0.0,0.0,0.0,0.0,0.0,2.65,0.0,0.0,0.0
NC,Hoke,499,3328,2829,-10.96,73.59,7.67,-50.35,-49.75,-1.19,-1.19,-0.99,-1.16,0.0,0.0,0.0,0.0,-3.01,34.04,0.0,0.0,0.0,0.0,-24.22,-6.82,0.0,0.0,0.0,0.0,0.0,0.0,0.0,0.0,0.0,17.24,0.0,0.0,0.0,0.12,0.0,0.0,0.0,0.0,0.0,0.0,0.0,0.0,0.0,0.0,0.0,0.0,0.0,0.0,-10.22,-9.88,0.0,0.0,0.0,0.42,0.0,0.03,0.0,0.09,2.31,0.21,0.15,0.03,0.0,84.34,0.0,0.0,0.0,0.0,-6.65,0.0,0.0,0.0
NC,Hyde,2652,2757,105,-0.05,-0.78,0.01,-0.31,-0.02,-0.02,-0.01,9.9,0.79,1.09,0.0,0.0,0.0,-0.04,0.06,0.0,0.0,0.0,0.0,-0.02,0.0,0.0,0.0,0.0,0.0,0.0,0.0,0.0,0.0,0.0,1.0,0.0,0.0,0.0,0.0,0.0,0.0,0.0,0.0,0.0,0.0,0.0,0.0,0.0,0.0,0.0,0.0,0.0,0.0,-0.01,0.0,0.0,0.0,0.0,0.0,0.0,0.0,0.0,0.0,-0.3,0.0,-0.02,0.0,-1.09,-2.63,0.0,0.0,0.0,0.0,-0.01,0.0,0.0,0.0
NC,Iredell,2152,4520,2368,13.36,33.71,8.21,-22.28,-17.72,-0.67,-0.7,24.73,36.2,3.8,0.09,0.0,0.0,-7.18,32.84,-0.05,0.0,0.0,0.0,-20.75,-4.15,-1.44,-1.72,0.0,0.0,0.0,0.0,0.0,-1.61,0.0,6.22,0.0,0.0,0.0,0.0,0.0,0.0,0.0,0.0,0.0,0.0,0.0,0.0,0.0,0.0,0.0,0.0,0.0,0.0,-10.69,-5.79,-0.05,0.0,-0.53,0.66,0.0,0.0,0.0,0.0,7.03,3.49,0.16,-0.05,0.0,52.35,0.0,-1.41,0.0,0.0,42.68,0.0,0.0,0.0
NC,Jackson,565,566,1,0.06,-0.08,0.03,-9.24,-0.05,5.24,0.0,0.47,-0.03,13.07,0.0,0.0,0.0,-6.2,-0.05,0.0,0.0,0.0,0.0,1.16,0.0,0.0,-0.02,0.0,0.0,0.0,0.0,0.0,-0.03,0.0,0.16,0.0,0.0,0.0,0.0,0.0,0.0,0.0,0.0,0.0,0.0,0.0,0.0,0.0,0.0,0.0,0.0,0.0,0.0,-0.04,-0.03,0.0,0.0,0.0,0.88,0.0,0.0,0.0,0.0,0.16,-0.01,0.0,0.0,0.0,0.0,0.0,0.0,0.0,0.0,-0.03,0.0,0.0,0.0
NC,Johnston,2500,2541,41,-1.07,-0.48,0.21,-6.91,-0.85,-0.03,-0.03,-0.39,-0.33,0.0,0.0,0.0,0.0,-7.09,-0.88,0.0,0.0,0.0,0.0,2.22,0.13,0.95,-0.02,0.0,0.0,0.0,0.0,0.0,-0.02,0.0,0.03,0.0,0.0,0.0,0.0,0.0,0.0,0.0,0.0,0.0,0.0,0.0,0.0,0.0,0.0,0.0,0.0,0.0,0.0,-0.33,-0.32,0.0,0.0,-0.01,1.89,0.0,0.0,0.0,0.0,0.02,0.0,-0.01,0.0,0.0,0.0,0.0,0.89,0.0,0.0,1.06,0.0,0.0,0.0
NC,Jones,275,276,1,-0.16,-0.09,2.61,-1.48,-0.03,-0.01,-0.01,2.46,-0.03,0.0,0.0,0.0,0.0,-1.82,-0.03,0.0,0.0,0.0,0.0,1.36,0.19,0.0,-0.06,0.0,0.0,0.0,0.0,0.0,-0.06,0.0,-0.01,0.0,0.0,0.0,0.0,0.0,0.0,0.0,0.0,0.0,0.0,0.0,0.0,0.0,0.0,0.0,0.0,0.0,0.0,-0.02,-0.01,0.0,0.0,0.0,17.75,0.0,0.0,0.0,0.0,2.48,0.0,0.0,0.0,0.0,0.0,0.0,0.0,0.0,0.0,0.13,0.0,0.0,0.0
NC,Lee,789,797,8,-0.63,-0.2,-0.18,-3.14,-0.38,0.0,0.0,-0.12,-0.11,0.0,0.0,0.0,0.0,-4.19,-0.38,0.0,0.0,0.0,0.0,1.38,0.43,0.0,0.0,0.0,0.0,0.0,0.0,0.0,0.0,0.0,0.14,0.0,0.0,0.0,0.0,0.0,0.0,0.0,0.0,0.0,0.0,0.0,0.0,0.0,0.0,0.0,0.0,0.0,0.0,-0.15,-0.15,0.0,0.0,0.0,2.13,0.0,0.0,0.0,0.0,0.0,0.0,0.0,0.0,0.0,0.0,0.0,0.0,0.0,0.0,0.42,0.0,0.0,0.0
NC,Lenoir,716,764,48,0.7,5.39,0.44,-2.93,-0.84,-0.13,-0.13,5.4,5.35,0.0,0.0,0.0,0.0,-2.51,-0.92,0.0,0.0,0.0,0.0,2.49,-0.34,0.23,0.0,0.0,0.0,0.0,0.0,0.0,0.0,0.0,0.09,0.0,0.0,0.0,0.0,5.89,0.0,0.0,0.0,0.0,0.0,0.0,0.0,0.0,0.0,0.0,0.0,0.0,0.0,-0.42,-0.42,-0.01,0.0,0.0,1.44,0.0,0.0,0.13,0.0,1.29,0.13,-0.01,0.13,0.0,0.0,0.0,0.0,0.26,0.0,10.32,0.0,0.0,0.0
NC,Lincoln,18436,17249,-1187,0.27,85.85,-0.1,35.16,-0.2,1.57,1.56,2.75,-0.24,0.79,0.11,0.01,0.0,-0.61,0.13,0.0,-0.01,0.01,0.0,0.58,0.0,0.01,1.11,0.0,0.0,0.03,0.0,0.0,1.42,0.0,11.4,0.0,0.0,-0.01,-0.04,0.0,0.0,0.0,0.01,0.0,0.0,0.0,0.0,0.0,0.0,0.0,0.0,0.01,0.0,-0.11,-0.01,0.01,0.0,0.01,0.02,0.0,0.04,0.0,0.03,0.8,0.0,-0.03,0.0,-0.06,-17.33,0.0,0.0,0.0,0.02,-1.32,0.0,0.0,0.0
NC,Macon,369,371,2,-0.32,-0.19,0.07,-9.04,-0.14,0.33,0.24,-0.1,-0.1,12.13,0.27,0.0,0.0,-4.07,-0.15,0.0,0.0,0.0,0.0,0.74,-0.04,0.54,0.0,0.0,0.0,0.0,0.0,0.0,0.0,0.0,-0.03,0.0,0.0,0.0,0.0,0.0,0.0,0.0,0.0,0.0,0.0,0.0,0.0,0.0,0.0,0.0,0.0,0.0,0.0,-0.1,-0.04,0.0,0.0,0.0,2.43,0.0,0.0,0.0,0.0,0.0,0.0,-0.01,0.0,0.0,0.0,0.0,0.0,0.0,0.0,0.5,0.0,0.0,0.0
NC,Madison,1950,1470,-480,9.62,4.74,-0.64,-0.15,1.21,0.03,0.03,-2.28,-2.91,-15.37,0.0,0.0,0.0,-0.26,-2.48,0.0,0.0,0.0,0.0,1.95,0.32,0.07,0.0,0.0,0.0,0.0,0.0,0.0,0.0,0.0,-23.53,0.0,0.0,0.0,0.0,0.0,0.0,0.0,0.0,0.0,0.0,0.0,0.0,0.0,0.0,0.0,0.0,0.0,0.0,1.0,0.44,0.02,0.0,0.02,0.2,0.0,0.0,0.02,0.03,-0.12,0.0,-0.02,0.0,0.0,-11.06,0.0,0.0,0.0,0.0,0.39,0.0,0.0,0.0
NC,Martin,420,423,3,-0.64,-0.04,0.06,-1.22,-0.04,-0.02,-0.02,-0.06,-0.06,0.0,0.0,0.0,0.0,-1.67,-0.04,0.0,0.0,0.0,0.0,1.49,-0.02,0.0,0.0,0.0,0.0,0.0,0.0,0.0,0.0,0.0,1.36,0.0,0.0,0.0,0.0,0.0,0.0,0.0,0.0,0.0,0.0,0.0,0.0,0.0,0.0,0.0,0.0,0.0,0.0,-0.01,-0.01,0.0,0.0,0.0,0.24,0.0,-0.01,0.0,0.0,0.0,0.0,-0.01,0.0,0.0,0.0,0.0,0.0,0.0,0.0,2.35,0.0,0.0,0.0
NC,McDowell,3372,3453,81,-0.32,-0.09,-0.12,-0.24,-0.45,-1.19,-0.03,9.4,9.22,-1.49,0.01,-0.16,0.0,-1.15,-1.08,0.0,0.03,0.0,0.0,-0.33,-0.03,-0.06,1.45,0.0,0.0,0.02,0.0,0.0,0.97,0.0,0.23,0.0,0.0,0.0,-0.41,0.0,0.0,0.0,0.0,0.0,0.0,0.0,0.0,0.0,0.0,0.0,0.0,0.0,0.0,-0.19,-0.06,0.0,0.0,-0.04,0.11,0.0,0.0,-0.41,0.09,1.22,-0.07,0.12,0.0,0.0,-15.23,0.0,-0.08,0.0,0.0,1.28,0.0,0.0,0.0
NC,Mecklenburg,15820,17733,1913,1.19,9.9,0.94,-10.8,-4.4,0.03,1.14,8.1,-0.65,0.82,0.12,0.0,0.0,-7.03,-1.12,-0.02,0.0,0.0,0.0,2.77,-0.58,0.08,-0.09,0.0,0.0,0.06,0.0,0.0,-0.03,0.0,-0.22,0.0,0.0,0.0,0.0,-0.01,0.0,0.0,0.0,0.0,0.0,0.0,0.0,0.0,0.0,0.0,0.0,0.0,0.0,-1.94,-1.63,0.0,0.0,-0.12,1.86,0.0,-0.01,0.0,0.0,0.03,0.0,0.07,-0.04,0.0,0.0,0.0,0.0,0.0,-0.82,-0.53,0.0,0.0,0.0
NC,Mitchell,330,605,275,7.49,16.4,7.33,-3.94,-5.67,-1.68,-1.24,17.35,19.84,-22.34,-0.28,-0.66,0.0,-1.95,-5.09,0.0,-0.41,-0.13,0.0,-17.65,-1.79,0.0,34.19,0.0,0.0,-1.02,0.0,0.0,34.82,0.0,-5.51,0.0,0.0,0.0,0.0,0.0,0.0,0.0,0.0,0.0,0.0,0.0,0.0,0.0,0.0,0.0,0.0,0.0,0.0,-2.89,-1.51,-0.13,0.0,-0.83,-0.03,0.0,0.0,0.0,0.0,33.06,0.16,-0.83,0.0,0.0,-0.61,0.0,0.0,0.0,0.0,26.12,0.0,0.0,0.0
NC,Montgomery,326,326,0,0.0,0.0,0.0,-9.2,0.0,0.0,0.0,0.31,0.0,1.53,0.0,0.0,0.0,-2.76,0.0,0.0,0.0,0.0,0.0,1.23,0.0,0.0,0.0,0.0,0.0,0.0,0.0,0.0,0.0,0.0,0.0,0.0,0.0,0.0,0.0,0.0,0.0,0.0,0.0,0.0,0.0,0.0,0.0,0.0,0.0,0.0,0.0,0.0,0.0,0.0,0.0,0.0,0.0,0.0,0.92,0.0,0.0,0.0,0.0,0.0,0.0,0.0,0.0,0.0,0.0,0.0,0.0,0.0,0.0,12.27,0.0,0.0,0.0
NC,Moore,1340,1349,9,-0.46,-0.35,-0.04,-12.84,-0.31,0.0,0.0,-0.21,-0.22,0.0,0.0,0.0,0.0,-1.12,-0.24,0.0,0.0,0.0,0.0,0.58,-0.02,0.3,0.0,0.0,0.0,0.0,0.0,0.0,0.0,0.0,0.65,0.0,0.0,0.0,0.0,0.0,0.0,0.0,0.0,0.0,0.0,0.0,0.0,0.0,0.0,0.0,0.0,0.0,0.0,-0.13,-0.12,0.0,0.0,0.0,0.96,0.0,0.0,0.0,0.0,0.0,0.0,0.0,0.0,0.0,0.0,0.0,0.0,0.0,0.0,0.27,0.0,0.0,0.0
NC,Nash,1160,1395,235,2.46,-4.92,1.61,-8.26,-5.97,0.0,0.0,12.29,13.83,0.0,0.0,0.0,0.0,-4.74,-6.18,0.0,0.0,0.0,0.0,10.26,-0.65,0.03,0.0,0.0,0.0,0.0,0.0,0.0,0.0,0.0,0.49,0.0,0.0,0.0,0.0,6.59,0.0,0.0,0.0,0.0,0.0,0.0,0.0,0.0,0.0,0.0,0.0,0.0,0.0,-2.05,-2.03,-0.02,0.0,0.0,0.0,0.0,-0.02,0.0,0.0,1.05,0.48,-0.02,0.0,0.0,0.0,0.0,0.0,6.09,0.0,-0.02,0.0,0.0,0.0
NC,New Hanover,5129,5111,-18,0.26,0.3,0.85,-3.83,-0.15,0.85,0.06,0.95,0.22,0.6,0.04,0.0,0.0,-12.09,0.13,-0.02,0.0,0.0,0.0,1.31,-0.56,0.2,0.0,0.0,0.0,0.0,-0.02,0.0,0.0,0.0,0.6,0.0,0.0,0.0,-0.17,0.0,0.0,0.0,0.0,0.0,0.0,0.0,0.0,0.0,0.0,0.0,0.0,0.0,0.0,-0.05,-0.03,0.0,0.0,-0.02,0.72,0.0,0.0,0.0,0.0,0.03,0.01,0.01,0.0,0.0,-41.62,0.0,0.02,0.0,0.0,-0.36,0.0,0.0,0.0
NC,Northampton,264,264,0,0.0,0.0,18.18,-1.89,0.0,0.0,0.0,18.94,0.0,0.0,0.0,0.0,0.0,-3.79,0.0,0.0,0.0,0.0,0.0,3.41,0.0,0.0,0.0,0.0,0.0,0.0,0.0,0.0,0.0,0.0,0.0,0.0,0.0,0.0,0.0,0.0,0.0,0.0,0.0,0.0,0.0,0.0,0.0,0.0,0.0,0.0,0.0,0.0,0.0,0.0,0.0,0.0,0.0,0.0,0.0,0.0,0.0,0.0,0.0,17.04,0.0,0.0,0.0,0.0,0.0,0.0,0.0,0.0,0.0,0.0,0.0,0.0,0.0
NC,Onslow,3952,3972,20,-0.72,1.23,0.01,-4.2,-0.13,4.2,0.0,3.56,2.86,-0.14,0.0,0.03,0.0,-6.71,0.08,0.0,0.0,0.0,0.0,0.44,-0.04,-0.03,0.0,0.0,0.0,0.1,0.0,0.0,0.0,0.0,0.53,0.0,0.0,0.0,0.0,0.0,0.0,0.0,0.0,0.0,0.0,0.0,0.0,0.0,0.0,0.0,0.0,0.0,0.0,-0.05,-0.05,0.0,0.0,-0.06,0.45,0.0,0.0,0.0,0.02,0.1,0.0,0.02,0.22,-0.04,-0.38,0.0,-0.06,0.0,0.0,37.96,0.0,0.0,0.0
NC,Orange,2887,2891,4,-0.06,-0.08,-0.06,-5.04,-0.02,0.0,0.0,-0.02,-0.08,0.03,0.0,0.0,0.0,-2.18,-0.09,0.0,0.0,0.0,0.0,0.89,-0.01,0.0,0.0,0.0,0.0,0.0,0.0,0.0,0.0,0.0,0.01,0.0,0.0,0.0,-0.03,0.0,0.0,0.0,0.0,0.0,0.0,0.0,0.0,0.0,0.0,0.0,0.0,0.0,0.0,-0.01,-0.01,0.0,0.0,0.0,1.28,0.0,0.0,0.0,0.0,0.0,-0.01,-0.01,0.0,0.0,-0.59,0.0,0.0,0.0,0.0,43.27,0.0,0.0,0.0
NC,Pamlico,158,158,0,0.0,0.0,0.0,-12.02,0.0,0.0,0.0,0.0,0.0,0.0,0.0,0.0,0.0,-3.16,0.0,0.0,0.0,0.0,0.0,1.9,0.0,0.0,0.0,0.0,0.0,0.0,0.0,0.0,0.0,0.0,0.0,0.0,0.0,0.0,0.0,0.0,0.0,0.0,0.0,0.0,0.0,0.0,0.0,0.0,0.0,0.0,0.0,0.0,0.0,0.0,0.0,0.0,0.0,0.0,0.0,0.0,0.0,0.0,0.0,0.0,0.0,0.0,0.0,0.0,0.0,0.0,0.0,0.0,0.0,18.99,0.0,0.0,0.0
NC,Pasquotank,361,369,8,-1.53,-0.81,4.28,-7.35,-0.57,0.0,0.0,3.34,-0.47,0.0,0.0,0.0,0.0,-2.49,-0.59,0.0,0.0,0.0,0.0,0.86,-0.12,1.08,-0.36,0.0,0.0,0.0,0.0,0.0,-0.36,0.0,1.77,0.0,0.0,0.0,0.0,0.0,0.0,0.0,0.0,0.0,0.0,0.0,0.0,0.0,0.0,0.0,0.0,0.0,0.0,-0.15,-0.15,0.0,0.0,0.0,0.54,0.0,0.0,0.0,0.0,3.29,0.26,0.0,0.0,0.0,0.0,0.0,-0.01,0.0,0.0,0.65,0.0,0.0,0.0
NC,Pender,1008,1017,9,-0.78,-0.84,2.83,-31.85,-0.58,0.19,-0.11,3.31,-0.78,-0.21,0.0,0.0,0.0,-7.95,-0.43,0.0,0.0,0.0,0.0,1.41,0.06,0.29,-0.06,0.0,0.0,0.09,0.0,0.0,-0.16,0.0,0.06,0.0,0.0,0.0,0.0,0.0,0.0,0.0,0.0,0.0,0.0,0.0,0.0,0.0,0.0,0.0,0.0,0.0,0.0,-0.16,-0.15,0.0,0.0,-0.21,1.46,0.0,0.0,0.0,0.0,3.02,-0.01,0.09,0.0,0.0,0.0,0.0,-0.01,0.0,0.0,18.6,0.0,0.0,0.0
NC,Perquimans,1708,1708,0,0.0,0.0,4.57,-1.29,0.0,0.0,0.0,88.87,0.0,0.0,0.0,0.0,0.0,-1.0,-0.12,0.12,0.0,0.0,0.0,0.11,0.0,0.0,0.0,0.0,0.0,0.0,0.0,0.0,0.0,0.0,0.0,0.0,0.0,0.0,0.0,0.0,0.0,0.0,0.0,0.0,0.0,0.0,0.0,0.0,0.0,0.0,0.0,0.0,0.0,0.0,0.0,0.0,0.0,0.0,0.0,0.0,0.0,0.0,0.0,0.7,0.0,0.0,0.0,0.0,0.0,0.0,0.0,0.0,0.0,84.84,0.0,0.0,0.0
NC,Person,478,482,4,-0.65,-0.34,-0.14,-8.76,-0.25,0.0,0.0,-0.29,-0.15,0.0,0.0,0.0,0.0,-1.88,-0.28,-0.03,0.0,0.0,0.0,1.51,-0.03,0.41,-0.12,0.0,0.0,0.0,0.0,0.0,-0.12,0.0,-0.05,0.0,0.0,0.0,0.0,0.0,0.0,0.0,0.0,0.0,0.0,0.0,0.0,0.0,0.0,0.0,0.0,0.0,0.0,-0.1,-0.09,0.0,0.0,0.0,0.62,0.0,0.0,0.0,0.0,0.0,0.0,-0.01,0.0,0.0,0.0,0.0,0.0,0.0,0.0,15.19,0.0,0.0,0.0
NC,Pitt,4097,4324,227,-2.64,-0.56,0.65,-3.57,-0.72,0.02,0.0,2.89,2.44,0.01,0.0,0.0,0.0,-3.78,2.23,0.0,0.0,0.0,0.0,-1.41,-0.06,0.0,-0.1,0.0,0.0,0.0,0.0,0.0,-0.1,0.0,1.46,0.0,0.0,0.0,-0.02,0.0,0.0,0.0,0.0,0.0,0.0,0.0,0.0,0.0,0.0,0.0,0.02,0.0,0.0,-0.34,-0.29,-0.01,0.0,0.0,0.67,0.0,0.0,0.0,0.02,0.32,0.0,-0.01,0.0,0.0,4.1,0.0,0.0,0.0,0.0,33.0,0.0,0.0,0.0
NC,Polk,586,655,69,-3.76,-2.19,-0.76,-7.02,-2.25,-8.6,-0.37,0.78,-1.63,-9.54,-0.03,0.05,0.0,-4.19,-1.77,-0.02,-0.02,-0.03,0.0,-1.91,-0.3,1.16,4.7,0.0,0.0,0.05,0.0,0.0,7.6,0.0,4.33,0.0,0.0,0.0,0.0,0.0,0.0,0.0,0.0,0.0,0.0,0.0,0.0,0.0,0.0,0.0,0.0,-0.22,0.0,-1.2,-0.61,-0.03,0.0,-0.39,1.34,0.0,0.0,0.0,-0.03,1.05,0.24,-0.12,0.0,0.0,-0.68,0.0,-0.67,0.0,0.0,8.22,0.0,0.0,0.0
NC,Randolph,1428,5540,4112,-47.88,44.9,9.57,-21.75,-20.79,0.0,0.0,61.18,-9.14,0.0,0.0,0.0,0.0,-3.13,51.26,-0.05,0.0,0.0,0.0,-39.36,-4.4,-0.05,-4.43,0.0,0.0,0.0,0.0,0.0,-4.16,0.0,9.07,0.0,0.0,0.0,0.05,0.0,0.0,0.0,0.0,0.0,0.0,0.0,0.0,0.0,0.0,0.0,0.02,0.0,0.0,-5.82,-5.61,-0.05,0.0,-0.42,0.34,0.0,0.14,0.0,1.7,4.79,0.0,0.89,0.0,0.0,74.51,0.0,-0.05,0.0,0.0,63.31,0.0,0.0,0.0
NC,Richmond,569,574,5,-0.5,-0.32,12.33,-6.75,-0.13,0.0,0.0,12.13,-0.07,0.0,0.0,0.0,0.0,-1.23,-0.14,0.0,0.0,0.0,0.0,0.86,0.0,0.62,-0.1,0.0,0.0,0.0,0.0,0.0,-0.1,0.0,0.8,0.0,0.0,0.0,0.0,0.0,0.0,0.0,0.0,0.0,0.0,0.0,0.0,0.0,0.0,0.0,0.0,0.0,0.0,-0.02,-0.02,0.0,0.0,0.0,0.0,0.0,2.61,0.0,-0.01,4.0,0.52,0.0,5.57,0.0,0.0,0.0,0.0,0.0,0.0,5.72,0.0,0.0,0.0
NC,Robeson,938,955,17,-1.14,-0.24,0.51,-1.7,-0.23,0.0,0.0,0.0,-0.09,-0.01,0.0,0.0,0.0,-4.59,-0.29,-0.02,0.0,0.0,0.0,2.91,-0.12,1.3,-0.12,0.0,0.0,0.0,0.0,0.0,-0.12,0.0,0.04,0.0,0.0,0.0,0.0,0.0,0.0,0.0,0.0,0.0,0.0,0.0,0.0,0.0,0.0,0.0,0.0,0.0,0.0,-0.07,-0.07,0.0,0.0,-0.01,2.72,0.0,0.0,0.0,0.0,-0.02,0.0,-0.01,-0.06,0.0,0.0,0.0,-0.01,0.0,0.0,4.17,0.0,0.0,0.0
NC,Rockingham,1615,1634,19,-0.45,-0.36,1.08,-2.64,-0.19,0.0,0.0,0.62,-0.09,0.0,0.0,0.0,0.0,-1.61,-0.21,0.0,0.0,0.0,0.0,0.47,0.26,0.58,-0.04,0.0,0.0,0.0,0.0,0.0,-0.04,0.0,0.17,0.0,0.0,0.0,0.0,0.0,0.0,0.0,0.0,0.0,0.0,0.0,0.0,0.0,0.0,0.0,0.0,0.0,0.0,-0.05,-0.04,0.0,0.0,0.0,5.57,0.0,0.0,0.0,0.0,0.3,0.0,-0.01,0.0,0.0,0.0,0.0,0.0,0.0,0.0,7.14,0.0,0.0,0.0
NC,Rowan,1634,4287,2653,11.2,49.57,6.01,-29.26,-25.9,0.02,0.02,50.1,52.38,5.09,0.02,0.0,0.0,-3.16,35.66,-0.81,0.0,0.0,0.0,-27.4,-2.57,-0.07,-2.35,0.0,0.0,0.0,0.0,0.0,-2.24,0.0,9.13,0.0,0.0,0.0,0.0,0.0,0.0,0.0,0.0,0.0,0.0,0.0,0.0,0.0,0.0,0.0,0.0,0.0,0.0,-17.92,-8.41,-0.07,0.0,-0.04,0.16,0.0,0.02,0.0,0.0,1.71,1.29,0.63,0.07,0.0,62.86,0.0,-0.04,0.0,0.0,45.84,0.0,0.0,0.0
NC,Rutherford,9638,9272,-366,3.57,5.16,-0.07,-0.84,-0.1,1.94,0.24,9.2,2.75,2.25,0.18,0.04,0.0,-0.29,-3.04,0.14,0.0,0.0,0.0,0.24,0.02,0.11,2.36,0.0,0.0,0.03,0.0,0.0,2.76,0.0,-1.33,0.0,0.0,0.01,-0.52,0.0,1.73,0.0,0.0,0.0,0.0,0.0,0.0,0.0,0.0,0.0,0.0,-0.02,0.0,0.04,-0.04,0.0,0.0,0.07,0.1,0.0,0.0,0.0,0.0,1.73,0.0,0.03,0.0,0.0,-3.49,0.0,0.01,0.0,0.0,4.68,0.02,0.02,0.0
NC,Sampson,584,594,10,-1.07,-0.45,0.98,-3.8,-0.26,0.0,0.0,0.75,-0.11,0.0,0.0,0.0,0.0,-2.57,-0.3,0.0,0.0,0.0,0.0,1.11,-0.11,1.2,-0.18,0.0,0.0,0.0,0.0,0.0,-0.18,0.0,0.67,0.0,0.0,0.0,0.0,0.0,0.0,0.0,0.0,0.0,0.0,0.0,0.0,0.0,0.0,0.0,0.0,0.0,0.0,-0.09,-0.09,0.0,0.0,0.0,2.19,0.0,0.0,0.0,0.0,0.74,0.0,0.0,0.0,0.0,0.0,0.0,0.96,0.0,0.0,0.91,0.0,0.0,0.0
NC,Scotland,462,467,5,-0.72,-0.32,2.64,-3.81,-0.17,0.0,0.0,2.34,-0.1,-0.01,0.0,0.0,0.0,-0.66,-0.19,-0.01,0.0,0.0,0.0,0.58,-0.07,0.31,-0.17,0.0,0.0,0.0,0.0,0.0,-0.17,0.0,1.19,0.0,0.0,-0.01,0.0,0.0,0.0,0.0,0.0,0.0,0.0,0.0,0.0,0.0,0.0,0.0,0.0,0.0,0.0,-0.07,-0.05,0.0,0.0,-0.01,2.36,0.0,0.21,0.0,0.0,-0.01,0.0,-0.01,0.0,0.0,0.0,0.0,0.0,0.0,0.0,0.05,0.0,0.0,0.0
NC,Stanly,894,903,9,-0.79,-0.3,0.19,-9.68,-0.38,0.11,0.11,0.1,-0.17,13.29,0.11,0.0,0.0,-3.69,-0.4,0.0,0.0,0.0,0.0,0.45,0.73,0.0,-0.08,0.0,0.0,0.0,0.0,0.0,-0.08,0.0,-0.02,0.0,0.0,0.0,0.0,0.0,0.0,0.0,0.0,0.0,0.0,0.0,0.0,0.0,0.0,0.0,0.0,0.0,0.0,-0.28,-0.12,0.0,0.0,0.0,0.66,0.0,0.0,0.0,0.0,-0.08,-0.01,-0.01,0.0,0.0,0.0,0.0,0.0,0.0,0.0,0.65,0.0,0.0,0.0
NC,Stokes,553,556,3,0.08,-0.02,0.04,-6.24,-0.13,0.0,0.0,0.12,-0.07,0.0,0.0,0.0,0.0,-2.53,-0.14,0.18,0.0,0.0,0.0,1.84,-0.07,0.0,0.0,0.0,0.0,0.0,0.0,0.0,0.0,0.0,-0.05,0.0,0.0,0.0,0.0,0.0,0.0,0.0,0.0,0.0,0.0,0.0,0.0,0.0,0.0,0.0,0.0,0.0,0.0,-0.02,-0.02,0.0,0.0,0.0,3.06,0.0,0.0,0.0,0.0,0.0,0.0,0.0,0.0,0.0,0.0,0.0,0.0,0.0,0.0,-0.07,0.0,0.0,0.0
NC,Surry,793,795,2,-0.18,-0.07,0.02,-4.71,-0.06,0.0,0.0,-0.04,-0.04,0.0,0.0,0.0,0.0,-0.76,-0.06,0.0,0.0,0.0,0.0,0.32,0.0,0.13,0.0,0.0,0.0,0.0,0.0,0.0,0.0,0.0,0.22,0.0,0.0,0.0,0.0,0.0,0.0,0.0,0.0,0.0,0.0,0.0,0.0,0.0,0.0,0.0,0.0,0.0,0.0,-0.02,-0.02,0.0,0.0,0.0,0.0,0.0,0.0,0.0,0.0,0.0,0.0,0.0,0.0,0.0,0.0,0.0,0.0,0.0,0.0,11.82,0.0,0.0,0.0
NC,Swain,145,146,1,-0.47,-0.2,0.09,-2.27,-0.22,5.86,0.0,0.59,-0.09,10.96,0.0,0.0,0.0,-2.76,-0.26,-0.01,0.0,0.0,0.0,3.05,-0.02,0.0,0.0,0.0,0.0,0.0,0.0,0.0,0.0,0.0,-0.02,0.0,0.0,0.0,0.0,0.0,0.0,0.0,0.0,0.0,0.0,0.0,0.0,0.0,0.0,0.0,0.0,0.0,0.0,-0.21,-0.08,0.0,0.0,0.0,0.0,0.0,0.0,0.0,0.0,0.0,0.0,-0.01,0.0,0.0,0.0,0.0,0.0,0.0,0.0,-0.03,0.0,0.0,0.0
NC,Transylvania,12089,12367,278,-1.51,-0.13,0.04,-0.5,-0.12,0.79,0.0,0.09,0.08,-1.21,0.0,0.0,0.0,-0.54,-0.09,0.0,0.0,0.0,0.0,0.02,-0.01,0.02,2.16,0.0,0.0,0.02,0.0,0.0,2.49,0.0,-0.5,0.0,0.0,0.0,0.0,0.0,0.0,0.0,0.0,0.0,0.0,0.0,-0.01,0.0,0.0,0.0,0.0,0.0,0.0,-0.05,-0.01,0.0,0.0,-0.01,0.04,0.0,0.0,0.0,0.0,1.74,-0.02,-0.02,0.0,0.0,-0.77,0.0,-0.01,0.0,0.0,1.65,0.0,0.0,0.0
NC,Tyrrell,401,401,0,0.0,0.0,0.0,-1.0,0.0,0.0,0.0,26.69,0.0,0.0,0.0,0.0,0.0,-0.25,0.0,0.0,0.0,0.0,0.0,0.25,0.0,0.0,0.0,0.0,0.0,0.0,0.0,0.0,0.0,0.0,0.0,0.0,0.0,0.0,-0.25,0.0,0.0,0.0,0.0,0.0,0.0,0.0,0.0,0.0,0.0,0.0,0.0,0.0,0.0,0.0,0.0,0.0,0.0,0.0,0.0,0.0,0.0,0.0,0.0,0.0,0.0,0.0,0.0,0.0,-0.5,0.0,0.0,0.0,0.0,95.76,0.0,0.0,0.0
NC,Union,2221,2232,11,-0.34,-0.2,-0.03,-6.81,-0.27,0.09,0.09,-0.11,-0.16,16.26,0.04,0.0,0.0,-6.98,-0.28,0.0,0.0,0.0,0.0,1.56,-0.03,0.31,0.0,0.0,0.0,0.0,0.0,0.0,0.0,0.0,0.08,0.0,0.0,0.0,0.0,0.0,0.0,0.0,0.0,0.0,0.0,0.0,0.0,0.0,0.0,0.0,0.0,0.0,0.0,-0.19,-0.08,-0.01,0.0,0.0,1.66,0.0,0.0,0.0,0.0,-0.01,-0.01,0.0,0.0,0.0,0.0,0.0,0.0,0.0,0.0,7.51,0.0,0.0,0.0
NC,Vance,433,436,3,-0.52,0.11,0.08,-5.61,-0.33,0.0,0.0,-0.05,-0.07,0.0,0.0,0.0,0.0,-4.16,-0.13,0.0,0.0,0.0,0.0,2.7,-0.02,0.46,0.0,0.0,0.0,0.0,0.0,0.0,0.0,0.0,0.41,0.0,0.0,0.0,0.0,0.0,0.0,0.0,0.0,0.0,0.0,0.0,0.0,0.0,0.0,0.0,0.0,0.0,0.0,-0.03,-0.03,0.0,0.0,0.0,0.46,0.0,0.0,0.0,0.0,0.0,0.0,0.0,0.0,0.0,-0.23,0.0,0.0,0.0,0.0,0.46,0.0,0.0,0.0
NC,Wake,10553,11167,614,0.82,-1.44,-3.19,-6.26,-2.9,0.01,0.01,-2.09,-2.01,-0.02,0.0,0.0,0.0,-6.36,-3.25,0.01,0.0,0.0,0.0,4.11,-0.29,0.18,0.0,0.0,0.0,0.01,0.0,0.0,0.0,0.0,-0.48,0.0,0.0,0.0,0.0,0.0,0.0,0.0,0.01,0.0,0.0,0.0,0.0,0.0,0.0,0.0,0.0,0.0,0.0,-1.19,-1.17,0.0,0.0,0.01,0.1,0.0,0.0,0.0,0.0,0.01,0.0,-0.05,0.0,0.0,0.0,0.0,0.0,0.0,0.66,6.51,0.0,0.0,0.0
NC,Warren,245,246,1,-0.27,-0.08,0.04,-6.22,-0.12,0.0,0.0,0.0,-0.07,0.0,0.0,0.0,0.0,-7.76,-0.12,0.0,0.0,0.0,0.0,3.89,-0.07,0.0,0.0,0.0,0.0,0.0,0.0,0.0,0.0,0.0,0.79,0.0,0.0,0.0,0.0,0.0,0.0,0.0,0.0,0.0,0.0,0.0,0.0,0.0,0.0,0.0,0.0,0.0,0.0,-0.04,-0.05,0.0,0.0,0.0,3.66,0.0,0.0,0.0,0.0,0.0,0.0,0.0,0.0,0.0,0.0,0.0,0.0,0.0,0.0,-0.07,0.0,0.0,0.0
NC,Washington,1744,1747,3,0.04,0.0,-0.06,-0.46,0.0,0.0,0.0,0.0,0.0,0.0,0.0,0.0,0.0,-0.23,-0.16,0.0,0.0,0.0,0.0,0.33,0.0,0.06,0.0,0.0,0.0,0.0,0.0,0.0,0.0,0.0,0.06,0.0,0.0,0.0,0.0,0.0,0.0,0.0,0.0,0.0,0.0,0.0,0.0,0.0,0.0,0.0,0.0,0.0,0.0,0.0,0.0,0.0,0.0,0.0,0.0,0.0,0.0,0.0,0.0,-0.04,0.0,0.0,0.0,0.0,-0.16,0.0,0.0,0.0,0.0,0.35,0.0,0.0,0.0
NC,Watauga,636,639,3,-0.38,-0.19,-0.13,-18.2,-0.21,0.0,0.0,0.16,-0.17,0.47,0.0,0.0,0.0,-2.68,-0.2,0.0,0.0,0.0,0.0,0.24,-0.02,0.31,0.0,0.0,0.0,0.0,0.0,0.0,0.0,0.0,-0.05,0.0,0.0,0.0,0.0,0.0,0.0,0.0,0.0,0.0,0.0,0.0,0.0,0.0,0.0,0.0,0.0,0.0,0.0,-0.08,-0.08,0.0,0.0,0.0,1.56,0.0,0.0,0.0,0.0,0.0,0.0,-0.02,0.0,0.0,0.0,0.0,0.0,0.0,0.0,0.3,0.0,0.0,0.0
NC,Wayne,1087,1094,7,-0.47,-0.09,-0.04,-3.19,-0.45,0.0,0.0,-0.07,-0.05,0.0,0.0,0.0,0.0,-2.4,-0.19,0.0,0.0,0.0,0.0,1.19,-0.07,0.46,0.0,0.0,0.0,0.0,0.0,0.0,0.0,0.0,0.09,0.0,0.0,0.0,0.0,0.0,0.0,0.0,0.0,0.0,0.0,0.0,0.0,0.0,0.0,0.0,0.0,0.0,0.0,-0.19,-0.19,0.0,0.0,0.09,4.2,0.0,0.0,0.0,0.0,0.0,0.09,0.0,0.0,0.0,0.0,0.0,0.0,0.0,0.0,6.03,0.0,0.0,0.0
NC,Wilkes,582,584,2,-0.23,-0.06,0.02,-2.13,-0.07,0.0,0.0,-0.03,-0.03,0.0,0.0,0.0,0.0,-2.07,-0.07,0.0,0.0,0.0,0.0,0.45,0.14,0.0,0.0,0.0,0.0,0.0,0.0,0.0,0.0,0.0,0.49,0.0,0.0,0.0,0.0,0.0,0.0,0.0,0.0,0.0,0.0,0.0,0.0,0.0,0.0,0.0,0.0,0.0,0.0,-0.03,-0.03,0.0,0.0,0.0,1.54,0.0,0.0,0.0,0.0,0.0,0.0,0.0,0.0,0.0,0.0,0.0,0.0,0.0,0.0,5.1,0.0,0.0,0.0
NC,Wilson,780,788,8,-0.43,0.11,-0.17,-5.21,-0.39,0.0,0.0,0.14,0.01,0.0,0.0,0.0,0.0,-4.5,-0.27,0.0,0.0,0.0,0.0,2.44,-0.06,0.1,0.0,0.0,0.0,0.0,0.0,0.0,0.0,0.0,0.68,0.0,0.0,0.0,0.0,0.0,0.0,0.0,0.0,0.0,0.0,0.0,0.0,0.0,0.0,0.0,0.0,0.0,0.0,-0.14,-0.13,0.0,0.0,-0.01,1.14,0.0,0.0,0.0,0.0,0.0,0.0,0.0,0.0,0.0,0.0,0.0,0.0,0.0,0.0,8.78,0.0,0.0,0.0
NC,Yadkin,478,478,0,0.0,0.0,0.0,-9.2,0.0,0.0,0.0,0.21,0.0,0.0,0.0,0.0,0.0,-1.25,0.0,0.0,0.0,0.0,0.0,0.84,0.0,0.0,0.0,0.0,0.0,0.0,0.0,0.0,0.0,0.0,0.0,0.0,0.0,0.0,0.0,0.0,0.0,0.0,0.0,0.0,0.0,0.0,0.0,0.0,0.0,0.0,0.0,0.0,0.0,0.0,0.0,0.0,0.0,0.0,2.09,0.0,0.0,0.0,0.0,0.0,0.0,0.0,0.0,0.0,0.0,0.0,0.0,0.0,0.0,10.67,0.0,0.0,0.0
NC,Yancey,226,226,0,0.0,0.0,0.0,-19.91,0.0,0.0,0.0,0.44,0.0,19.91,0.0,0.0,0.0,-1.77,0.0,0.0,0.0,0.0,0.0,0.44,0.0,0.0,0.0,0.0,0.0,0.0,0.0,0.0,0.0,0.0,0.0,0.0,0.0,0.0,0.0,0.0,0.0,0.0,0.0,0.0,0.0,0.0,0.0,0.0,0.0,0.0,0.0,0.0,0.0,0.0,0.0,0.0,0.0,0.0,0.88,0.0,0.0,0.0,0.0,0.0,0.0,0.0,0.0,0.0,0.0,0.0,0.0,0.0,0.0,0.0,0.0,0.0,0.0
NC,UNKNOWN,2188,2192,4,-0.31,-0.01,-0.34,-6.77,-0.34,0.0,0.0,0.0,0.0,0.0,0.0,0.0,0.0,0.0,-0.34,0.0,0.0,0.0,0.0,0.0,0.0,0.0,0.0,0.0,0.0,0.34,0.0,0.0,0.0,0.0,0.0,0.0,0.0,0.0,0.0,0.0,0.0,0.0,0.0,0.0,0.0,0.0,0.0,0.0,0.0,0.0,0.0,0.0,0.0,-0.16,-0.15,0.0,0.0,0.0,0.0,0.0,0.0,0.0,0.0,0.0,0.0,0.0,0.0,0.0,0.0,0.0,0.0,0.0,0.0,0.0,0.0,0.0,0.0
SC,Abbeville,854,862,8,-0.9,-0.81,0.0,0.0,0.0,0.0,0.0,0.0,0.0,0.0,0.0,0.0,0.0,0.0,0.0,-1.04,0.0,0.0,0.0,0.58,0.0,0.46,0.0,0.0,0.0,0.0,0.0,0.0,0.0,0.0,0.05,0.0,0.0,0.0,-0.47,0.0,0.0,0.0,0.0,0.0,0.0,0.0,0.0,0.0,0.0,0.0,0.0,0.0,0.0,0.0,0.0,0.0,0.0,0.0,0.0,0.0,-0.01,0.0,0.0,0.0,-0.04,0.0,0.0,0.0,-13.57,0.0,0.0,0.0,0.0,0.46,0.0,0.0,0.0
SC,Aiken,574,649,75,-8.1,0.0,0.47,0.0,0.0,0.0,0.0,-0.02,0.0,-0.3,0.0,0.0,0.0,-1.11,0.15,0.0,0.0,0.0,0.0,-0.88,0.0,1.85,0.0,0.0,0.0,0.0,0.0,0.0,0.0,0.0,7.83,0.0,0.0,0.0,0.0,0.0,0.0,0.0,0.0,0.0,0.0,0.0,0.15,0.0,0.0,0.0,0.0,0.0,0.0,0.0,0.0,0.0,0.0,-0.82,0.0,0.0,-0.02,0.0,0.0,0.0,0.0,-0.06,0.0,0.0,0.0,0.0,0.0,0.0,0.0,1.83,0.0,0.0,0.0
SC,Allendale,677,687,10,-0.53,-1.24,0.0,0.0,0.0,0.0,0.0,-0.01,0.0,0.0,0.0,0.0,0.0,0.0,0.0,-1.24,0.0,0.0,0.0,1.09,0.0,0.15,0.0,0.0,0.0,0.0,0.0,0.0,0.0,0.0,1.02,0.0,0.0,0.0,-0.44,0.0,0.0,0.0,0.0,0.0,0.0,0.0,0.0,0.0,0.0,0.0,0.0,0.0,0.0,0.0,0.0,0.0,0.0,0.0,0.0,0.0,-0.01,0.0,-0.01,0.0,-0.09,0.0,0.0,0.0,-6.48,0.0,0.0,0.0,0.0,0.14,0.0,0.0,0.0
SC,Anderson,3021,3094,73,0.68,-1.08,-2.37,-2.64,-0.79,-0.82,1.17,-0.09,-1.26,-2.4,-0.15,-0.39,0.0,-1.71,-0.29,-0.06,0.37,1.89,0.0,0.11,0.0,0.33,0.0,0.0,0.0,0.0,0.0,0.0,0.0,0.0,0.04,0.0,0.0,0.0,-0.07,0.0,0.0,0.0,0.0,0.0,0.0,0.0,-2.47,0.0,0.0,-0.11,0.0,-0.12,0.0,0.0,0.0,0.0,0.0,-2.27,0.03,0.0,-0.04,0.0,0.0,0.0,0.0,-0.04,0.0,0.0,-0.48,-0.09,0.0,0.0,0.0,-10.08,-0.27,-0.27,0.0
SC,Bamberg,692,702,10,-1.17,-1.05,0.0,0.0,0.0,0.0,0.0,-0.34,-0.81,0.0,0.0,0.0,0.0,0.0,0.0,-1.05,0.0,0.0,0.0,1.04,0.0,0.0,0.0,0.0,0.0,0.0,0.0,0.0,0.0,0.0,0.25,0.0,0.0,0.0,-0.15,0.0,0.0,0.0,0.0,0.0,0.0,0.0,0.0,0.0,0.0,0.0,0.0,0.0,0.0,0.0,0.0,0.0,0.0,0.0,0.0,0.0,0.0,0.0,0.0,-0.04,-0.11,0.0,0.0,0.0,-6.6,0.0,0.0,0.0,0.0,0.0,0.0,0.0,0.0
SC,Barnwell,1225,1233,8,-0.32,-0.58,0.0,0.0,0.0,0.94,0.0,3.28,8.9,0.0,0.0,0.0,0.0,0.0,0.0,-0.5,0.0,0.0,0.0,0.51,0.0,-0.01,0.0,0.0,0.0,0.0,0.0,0.0,0.0,0.0,0.64,0.0,0.0,0.0,0.0,0.0,0.0,0.0,0.0,0.0,0.0,0.0,0.0,0.0,0.0,0.0,0.0,0.0,0.0,0.0,0.0,0.0,0.0,0.0,0.0,0.0,0.0,0.0,0.0,-0.11,-0.02,0.0,0.0,0.0,-8.21,0.0,0.0,0.0,0.0,-0.01,0.0,0.0,0.0
SC,Beaufort,1695,1767,72,-1.79,-0.06,-0.45,0.0,0.0,-0.61,1.32,-0.01,-0.01,-0.01,-0.01,0.0,0.0,-0.96,-2.19,-0.06,0.0,1.42,0.0,1.21,0.0,0.58,-0.01,0.0,0.0,0.0,0.0,0.0,-0.01,0.0,1.39,0.0,0.0,0.0,-0.06,0.0,0.0,0.0,0.0,0.0,0.0,0.0,-7.5,0.0,0.0,0.0,0.0,0.0,0.0,0.0,0.0,0.0,0.0,-0.07,0.0,0.0,0.05,0.0,0.0,0.0,0.0,0.0,0.0,0.0,0.0,0.0,-0.01,0.0,0.0,0.68,0.0,0.0,0.0
SC,Berkeley,2830,2868,38,-0.65,-1.08,-0.05,0.0,0.0,-1.23,-0.01,-0.08,-0.54,-0.33,0.0,0.0,0.0,0.05,0.02,-1.03,0.0,0.0,0.0,0.96,0.0,0.0,0.0,0.0,0.0,0.0,0.0,0.0,0.0,0.0,1.21,0.0,0.0,0.0,-0.11,0.0,0.0,0.0,0.0,0.0,0.0,0.0,-0.05,0.0,0.0,0.0,0.0,0.0,0.0,0.0,0.0,0.0,0.0,0.02,0.0,0.0,0.0,-0.06,-0.02,-0.03,-0.15,-0.02,0.0,0.0,-1.63,0.0,0.0,0.0,0.0,15.15,0.13,0.13,0.0
SC,Calhoun,717,726,9,-0.98,-1.12,0.0,0.0,0.0,0.0,0.0,1.34,-0.69,0.0,0.0,0.0,0.0,0.0,0.0,-1.0,0.0,0.0,0.0,0.84,0.0,0.28,0.0,0.0,-0.11,0.0,0.0,0.0,0.0,0.0,0.87,0.0,0.0,0.0,-0.84,0.0,0.0,0.0,0.0,0.0,0.0,0.0,0.0,0.0,0.0,0.0,0.0,0.0,0.0,0.0,0.0,0.0,0.0,0.0,0.0,0.0,-0.02,0.0,-0.03,-0.08,-0.05,0.0,-0.04,0.0,-9.67,0.0,0.0,0.0,0.0,6.79,0.54,0.54,0.0
SC,Charleston,10770,11052,282,-0.13,0.69,-0.9,-0.01,0.0,-2.31,0.0,-0.56,-1.02,0.0,0.0,0.0,0.0,-2.71,-0.75,-0.96,0.0,0.01,0.0,0.56,0.0,0.14,1.37,0.0,0.0,0.0,0.0,0.0,1.37,0.0,0.51,0.0,0.0,0.0,-0.02,0.0,0.0,0.0,0.0,0.0,0.0,0.0,-6.59,0.0,0.0,0.0,0.0,0.0,0.0,0.0,0.0,0.0,0.0,0.01,-0.01,0.0,-0.01,0.0,-0.01,0.0,-0.03,-0.02,-0.01,0.0,-2.09,0.01,-0.06,0.0,0.0,18.54,1.4,1.4,0.0
SC,Cherokee,3229,3247,18,-0.33,-0.19,-0.11,-0.01,-0.25,-0.5,0.01,-0.02,-0.45,-0.57,-0.04,-0.13,0.0,0.06,-0.01,-0.16,-0.04,0.04,0.0,0.05,0.0,-0.01,0.0,0.0,0.0,0.0,0.0,0.0,0.0,0.0,0.12,0.0,0.0,0.0,-0.12,0.0,0.0,0.0,0.0,0.0,0.0,0.0,-0.66,0.0,0.0,0.19,0.0,0.22,0.0,0.0,0.0,0.0,0.0,0.04,0.0,0.0,0.0,0.0,0.0,0.0,0.02,0.0,-0.01,0.0,-3.77,-0.14,0.0,0.0,0.0,-0.05,0.0,0.0,0.0
SC,Chester,233,240,7,-2.85,-0.31,0.0,0.0,0.0,0.0,0.0,-0.31,-0.31,0.0,0.0,0.0,0.0,0.0,0.0,-0.31,0.0,0.0,0.0,-0.52,0.0,0.83,0.0,0.0,0.0,0.0,0.0,0.0,0.0,0.0,2.76,0.0,0.0,0.0,0.0,0.0,0.0,0.0,0.0,0.0,0.0,0.0,0.0,0.0,0.0,0.0,0.0,0.0,0.0,0.0,0.0,0.0,0.0,0.0,0.0,0.0,-0.03,0.0,0.0,0.0,0.0,0.0,0.0,0.0,0.0,0.0,0.0,0.0,0.0,0.81,0.0,0.0,0.0
SC,Chesterfield,1011,1047,36,-2.39,-2.46,0.0,0.0,0.0,0.0,0.0,-0.5,0.0,0.0,0.0,0.0,0.0,0.0,0.0,-2.46,0.0,0.0,0.0,1.99,0.0,0.48,0.0,0.0,0.0,0.0,0.0,0.0,0.0,0.0,2.41,0.0,0.0,0.0,0.0,0.0,0.0,0.0,0.0,0.0,0.0,0.0,0.0,0.0,0.0,0.0,0.0,0.0,0.0,0.0,0.0,0.0,0.0,0.0,0.0,0.0,-0.01,0.0,-0.02,0.0,-0.11,0.0,0.0,0.0,-6.0,0.0,0.0,0.0,0.0,0.46,0.0,0.0,0.0
SC,Clarendon,1649,1694,45,-1.92,-2.3,-0.06,0.0,0.0,0.0,0.0,-0.05,0.0,0.0,0.0,0.0,0.0,0.0,0.06,-2.29,0.0,0.0,0.0,2.18,0.0,0.06,0.0,0.0,0.0,0.0,0.0,0.0,0.0,0.0,0.94,0.0,0.0,0.0,-0.3,0.0,0.0,0.0,0.0,0.0,0.0,0.0,0.06,0.0,0.0,0.0,0.0,0.0,0.0,0.0,0.0,0.0,0.0,0.0,0.0,0.0,0.0,0.0,0.0,0.0,-0.05,-0.02,-0.03,0.0,-13.4,0.0,0.0,0.0,0.0,0.05,0.0,0.0,0.0
SC,Colleton,1822,2048,226,-7.8,-8.34,-9.53,0.0,0.0,0.0,0.0,-4.05,-6.57,-0.06,0.0,0.0,0.0,9.98,-0.47,-7.97,0.0,0.0,0.0,-0.99,0.0,-0.55,0.0,0.0,0.0,0.0,0.0,0.0,0.0,0.0,-1.4,0.0,0.0,-0.01,-0.16,0.0,0.0,0.0,0.0,0.0,0.0,0.0,-3.17,0.0,0.0,0.0,0.0,0.0,0.0,0.0,0.0,0.0,0.0,-0.14,-0.05,0.0,-0.03,0.0,-0.11,-0.01,-0.14,-0.08,-0.02,0.0,-17.43,0.05,-0.06,0.0,0.0,-0.61,0.0,0.0,0.0
SC,Darlington,2844,2964,120,-0.86,-0.38,0.01,0.0,0.0,0.0,0.0,0.05,0.02,-0.01,0.0,0.0,0.0,0.0,-0.01,-0.29,0.0,0.0,0.0,0.21,0.0,0.09,0.0,0.0,0.0,0.0,0.0,0.0,0.0,0.0,1.82,0.0,0.0,0.0,-0.63,0.0,0.0,0.0,0.0,0.0,0.0,0.0,-0.04,0.0,0.0,0.0,0.03,0.0,0.0,0.0,0.0,0.0,0.0,0.0,0.0,0.0,-0.01,0.0,0.01,0.0,-0.1,-0.02,-0.04,0.0,-7.29,0.0,0.0,0.0,0.0,0.09,0.0,0.0,0.0
SC,Dillon,1502,1529,27,-1.23,-1.43,0.0,0.0,0.0,0.0,0.0,-0.01,-0.01,-0.61,0.0,0.0,0.0,0.0,0.0,-1.3,0.0,0.0,0.0,1.24,0.0,0.07,0.0,0.0,0.0,0.0,0.0,0.0,0.0,0.0,0.31,0.0,0.0,0.0,0.0,0.0,0.0,0.0,0.0,0.0,0.0,0.0,0.0,0.0,0.0,0.0,0.0,0.0,0.0,0.0,0.0,0.0,0.0,0.0,0.0,0.0,0.0,0.0,0.0,0.0,-0.05,-0.02,0.0,0.0,-0.98,0.0,0.0,0.0,0.0,0.06,0.0,0.0,0.0
SC,Dorchester,1735,1765,30,-0.97,-0.94,-0.03,0.0,0.0,-0.54,0.0,0.0,0.0,0.0,0.0,0.0,0.0,-0.02,-0.94,0.0,0.0,0.0,0.0,0.95,0.0,0.01,0.0,0.0,0.0,0.0,0.0,0.0,0.0,0.0,0.88,0.0,0.0,0.0,-0.06,0.0,0.0,0.0,0.0,0.0,0.0,0.0,0.0,0.0,0.0,0.0,0.0,0.0,0.0,0.0,0.0,0.0,0.0,-0.01,0.0,0.0,0.06,0.0,0.0,0.0,-0.04,-0.02,0.0,0.0,-14.99,0.0,0.0,0.0,0.0,0.21,0.0,0.0,0.0
SC,Edgefield,921,944,23,-0.14,-1.98,0.14,0.0,0.0,0.0,0.0,0.0,0.0,0.0,0.0,0.0,0.0,-0.13,0.0,-1.98,0.0,0.0,0.0,0.84,0.0,1.27,0.0,0.0,0.0,0.0,0.0,0.0,0.0,0.0,-0.24,0.0,0.0,0.0,0.0,0.0,0.0,0.0,0.0,0.0,0.0,0.0,0.0,0.0,0.0,0.0,0.0,0.0,0.0,0.0,0.0,0.0,0.0,0.0,0.0,0.0,0.0,0.0,-0.01,0.0,-0.08,-0.01,0.0,0.0,-2.09,0.0,0.0,0.0,0.0,1.27,0.0,0.0,0.0
SC,Fairfield,197,212,15,-4.45,-2.37,0.22,0.0,0.0,0.0,0.0,0.0,0.0,0.0,0.0,0.0,0.0,0.0,0.0,-0.22,0.0,0.0,0.0,1.9,0.0,0.47,0.0,0.0,-2.16,0.0,0.0,0.0,0.0,0.0,6.1,0.0,0.0,0.0,0.0,0.0,0.0,0.0,0.0,0.0,0.0,0.0,0.0,0.0,0.0,0.0,0.0,0.0,0.0,0.0,0.0,0.0,0.0,0.0,0.0,0.0,0.0,0.0,0.0,0.0,-0.29,-0.08,0.0,0.0,0.0,0.0,0.0,0.0,0.0,0.47,0.0,0.0,0.0
SC,Florence,2532,2599,67,-1.94,-1.87,1.79,0.0,0.0,0.0,0.0,-0.05,0.0,-0.78,0.04,0.0,0.0,0.0,0.03,-1.87,0.0,0.0,0.0,1.46,0.0,0.38,0.0,0.0,0.0,0.0,0.0,0.0,0.0,0.0,2.61,0.0,0.0,0.0,0.0,0.0,0.0,0.0,0.0,0.0,0.0,0.0,0.03,0.0,0.0,0.0,0.0,0.0,0.0,0.0,0.0,0.0,0.0,0.0,0.0,0.0,-0.01,0.0,0.0,0.03,0.12,0.1,0.0,0.0,0.0,0.0,0.0,0.0,0.0,0.41,0.0,0.0,0.0
SC,Georgetown,877,943,66,-4.11,1.6,-4.4,-0.26,0.0,-5.19,-0.04,0.01,-2.84,-0.06,-0.02,0.0,0.0,-0.03,-1.61,1.63,0.0,0.0,0.0,-0.34,0.0,0.28,0.0,0.0,0.0,0.0,0.0,0.0,0.0,0.0,1.06,0.0,0.0,0.0,-0.11,0.0,0.0,0.0,0.0,0.0,0.0,0.0,-3.36,0.0,0.0,0.0,0.0,0.0,0.0,0.0,0.0,0.0,0.0,0.13,-0.04,0.0,0.0,0.0,-0.08,-0.02,-0.2,-0.04,-0.02,0.0,0.0,0.0,-0.12,0.0,0.0,-2.84,-0.12,-0.12,0.0
SC,Greenville,5308,5532,224,-3.18,-2.41,-0.03,0.0,0.0,1.24,-0.01,0.25,-0.01,-0.41,-0.01,0.0,0.0,1.94,-1.85,-0.53,0.0,0.0,0.0,-0.02,0.0,0.38,0.07,0.0,0.0,0.0,0.0,0.0,0.0,0.0,2.89,0.0,0.0,0.0,-0.1,0.0,0.0,0.0,0.0,0.0,0.0,0.0,-0.17,0.0,0.0,0.0,0.0,0.0,0.23,0.0,0.0,0.0,0.0,2.16,2.2,0.0,0.03,0.01,0.0,0.0,-0.02,-0.03,0.0,0.0,0.0,-0.55,0.0,0.0,0.0,12.61,0.3,0.3,0.0
SC,Greenwood,1040,1064,24,-2.01,-1.55,0.01,0.0,0.0,0.0,0.0,-0.01,-1.49,-0.01,0.0,0.0,0.0,-0.01,-0.01,-0.01,0.0,0.0,0.0,-0.08,0.0,0.09,0.0,0.0,0.0,0.0,0.0,0.0,0.0,0.0,1.21,0.0,0.0,0.0,0.0,-1.55,0.0,0.0,0.0,0.0,0.0,0.0,-0.01,0.0,0.0,0.0,0.0,0.0,0.0,0.0,0.0,0.0,0.0,-0.01,-0.01,0.0,0.0,0.0,-0.02,-0.04,-0.14,-0.03,0.0,0.0,0.0,0.0,0.0,0.0,0.0,-0.01,0.0,0.0,0.0
SC,Hampton,147,168,21,-9.52,0.0,-0.94,0.0,0.0,0.0,0.0,0.0,0.0,-0.08,0.0,0.0,0.0,0.51,0.43,0.0,0.0,0.0,0.0,-1.53,0.0,0.6,0.0,0.0,0.0,0.0,0.0,0.0,0.0,0.0,7.82,0.0,0.0,0.0,0.0,0.0,0.0,0.0,0.0,0.0,0.0,0.0,0.43,0.0,0.0,0.0,0.0,0.0,0.0,0.0,0.0,0.0,0.0,0.0,0.0,0.0,-0.34,0.0,0.0,0.0,-0.08,-0.08,0.0,0.0,0.0,0.0,0.0,0.0,0.0,0.77,0.0,0.0,0.0
SC,Horry,6512,11841,5329,-33.01,-23.34,0.41,0.0,0.0,-0.14,-0.14,-9.64,-14.93,-14.91,-0.08,0.0,0.0,0.0,-21.89,-6.27,0.0,0.0,0.0,-5.48,0.0,33.96,0.0,0.0,0.0,0.0,0.0,0.0,0.0,-0.01,1.82,0.0,0.0,0.0,-0.09,0.0,0.0,0.0,0.0,0.0,0.0,0.0,-20.54,0.0,0.0,0.0,0.0,0.0,0.0,0.0,0.0,0.0,0.0,0.0,0.0,0.0,-0.2,0.0,0.0,0.0,-5.36,-0.27,-1.69,0.0,-2.97,0.0,33.76,0.0,0.0,39.16,0.0,0.0,-0.01
SC,Jasper,989,1019,30,-1.82,-2.44,0.02,0.0,0.0,0.0,0.0,0.0,0.0,0.0,0.0,0.0,0.0,0.0,-0.02,-2.45,0.0,0.0,0.0,2.07,0.0,0.39,0.0,0.0,0.0,0.0,0.0,0.0,0.0,0.0,1.48,0.0,0.0,0.0,-0.3,0.0,0.0,0.0,0.0,0.0,0.0,0.0,-0.02,0.0,0.0,0.0,0.0,0.0,0.0,0.0,0.0,0.0,0.0,0.0,0.0,0.0,-0.01,0.0,-0.03,-0.06,-0.11,-0.02,0.0,0.0,-10.4,0.0,0.0,0.0,0.0,0.39,0.0,0.0,0.0
SC,Kershaw,1927,1945,18,-0.85,-0.81,0.0,0.0,0.0,0.0,0.0,-0.26,-0.64,0.0,0.0,0.0,0.0,0.0,0.0,-0.81,0.0,0.0,0.0,0.77,0.0,0.05,0.0,0.0,0.0,0.0,0.0,0.0,0.0,0.0,0.44,0.0,0.0,0.0,-0.57,0.0,0.0,0.0,0.0,0.0,0.0,0.0,0.0,0.0,0.0,0.0,0.0,0.0,0.0,0.0,0.0,0.0,0.0,0.0,0.0,0.0,0.0,0.0,0.0,0.0,-0.02,0.0,0.0,0.0,-4.15,0.0,0.0,0.0,0.0,0.05,0.0,0.0,0.0
SC,Lancaster,1171,1202,31,-2.28,-1.98,0.0,0.0,0.0,0.0,0.0,-1.67,0.0,0.0,0.0,0.0,0.0,0.0,-0.01,-1.96,0.0,0.0,0.0,1.88,0.0,0.08,0.0,0.0,0.0,0.0,0.0,0.0,0.0,0.0,2.12,0.0,0.0,0.0,-0.68,0.0,0.0,0.0,0.0,0.0,0.0,0.0,-0.01,0.0,0.0,0.0,0.0,0.0,0.0,0.0,0.0,0.0,0.0,0.0,0.0,0.0,-0.01,0.0,0.0,0.0,-0.09,-0.02,0.0,0.0,-17.11,0.0,0.0,0.0,0.0,-0.77,-0.07,-0.07,0.0
SC,Laurens,3236,3388,152,0.26,-0.14,-0.72,-0.15,-0.31,-1.25,0.43,0.18,-2.4,-3.16,-0.11,-0.09,0.0,-0.61,-0.24,-1.82,-0.11,1.01,0.0,-0.14,0.0,0.11,2.19,0.0,0.0,0.0,0.0,0.0,2.19,0.0,-0.19,0.0,0.0,-0.06,-0.12,0.0,0.0,0.0,0.0,0.0,0.0,0.0,-2.12,0.0,0.0,-0.01,0.0,0.02,0.0,0.0,0.0,0.0,0.0,-1.06,0.0,0.0,0.03,0.0,0.01,0.23,0.17,-0.03,0.06,0.0,-5.06,-0.66,-0.06,0.0,0.0,0.56,0.0,0.0,0.0
SC,Lee,587,617,30,-3.65,-3.81,0.0,0.0,0.0,0.0,0.0,0.0,0.0,0.0,0.0,0.0,0.0,0.0,0.0,-3.79,0.0,0.0,0.0,3.63,0.0,0.16,0.0,0.0,0.0,0.0,0.0,0.0,0.0,0.0,3.87,0.0,0.0,0.0,-0.51,0.0,0.0,0.0,0.0,0.0,0.0,0.0,0.0,0.0,0.0,0.0,0.0,0.0,0.0,0.0,0.0,0.0,0.0,0.0,0.0,0.0,-0.01,0.0,-0.08,-0.15,-0.24,-0.01,0.0,0.0,-11.59,0.0,0.0,0.0,0.0,0.15,0.0,0.0,0.0
SC,Lexington,3029,3076,47,-1.49,-0.74,-0.02,0.0,0.0,-0.77,0.0,-0.47,-0.86,0.0,0.0,0.0,0.0,0.04,-0.01,-1.1,0.0,0.0,0.0,0.79,0.0,0.29,0.0,0.0,0.0,0.0,0.0,0.0,0.0,0.0,0.49,0.0,0.0,0.0,-0.33,0.0,0.0,0.0,0.0,0.0,0.0,0.0,-0.01,0.0,0.0,0.0,0.0,0.0,0.0,0.0,0.0,0.0,0.0,0.0,0.0,0.0,-0.01,0.0,-0.01,-0.01,-0.01,-0.01,0.0,0.0,-6.18,0.0,0.0,0.0,0.0,-0.12,-0.13,-0.13,0.0
SC,Marion,261,293,32,-7.82,0.0,-0.25,0.0,0.0,0.0,0.0,0.0,0.0,-0.67,0.0,0.0,0.0,0.0,0.25,0.0,0.0,0.0,0.0,0.86,0.0,-1.11,0.0,0.0,0.0,0.0,0.0,0.0,0.0,0.0,5.88,0.0,0.0,0.0,0.0,0.0,0.0,0.0,0.0,0.0,0.0,0.0,0.25,0.0,0.0,0.0,0.0,0.0,0.0,0.0,0.0,0.0,0.0,0.0,0.0,0.0,0.34,0.0,0.0,0.0,0.0,0.0,0.0,0.0,0.0,0.0,0.0,0.0,0.0,-0.43,0.0,0.0,0.0
SC,Marlboro,1250,1273,23,-1.11,-1.48,-0.15,0.0,0.0,0.0,0.0,0.0,0.0,-0.01,0.0,0.0,0.0,0.0,0.0,-1.48,0.0,0.0,0.0,1.23,0.0,0.25,0.0,0.0,0.0,0.0,0.0,0.0,0.0,0.0,0.49,0.0,0.0,0.0,-0.4,0.0,0.0,0.0,0.0,0.0,0.0,0.0,0.0,0.0,0.0,0.0,0.0,0.0,0.0,0.0,0.0,0.0,0.0,0.0,0.0,0.0,0.0,0.0,-0.01,0.0,-0.05,0.0,0.0,0.0,-14.68,0.0,0.0,0.0,0.0,0.07,0.0,0.0,0.0
SC,McCormick,358,370,12,-1.1,-2.51,0.0,0.0,0.0,0.0,0.0,-0.03,-0.01,0.0,0.0,0.0,0.0,0.0,0.0,-2.51,0.0,0.0,0.0,2.23,0.0,0.27,0.0,0.0,0.0,0.0,0.0,0.0,0.0,0.0,1.27,0.0,0.0,0.0,-0.28,0.0,0.0,0.0,0.0,0.0,0.0,0.0,0.0,0.0,0.0,0.0,0.0,0.0,0.0,0.0,0.0,0.0,0.0,0.0,0.0,0.0,0.0,0.0,-0.01,0.0,-0.2,-0.03,0.0,0.0,-10.07,0.0,0.0,0.0,0.0,0.27,0.0,0.0,0.0
SC,Newberry,977,1028,51,-4.47,-2.69,-0.07,0.0,0.0,0.0,0.0,0.0,-0.02,0.0,0.0,0.0,0.0,0.0,0.07,-3.62,0.0,0.0,0.0,3.25,0.0,0.29,0.0,0.0,0.0,0.0,0.0,0.0,0.0,0.0,1.36,0.0,0.0,0.0,-0.1,0.0,0.0,0.0,0.0,0.0,-0.02,0.0,0.07,0.0,0.0,0.0,0.0,0.0,0.0,0.0,0.0,0.0,0.0,0.0,0.0,0.0,0.0,-0.39,-0.07,0.0,-0.26,-0.04,0.0,0.0,-7.42,0.0,0.0,0.0,0.0,0.29,0.0,0.0,0.0
SC,Oconee,3689,3765,76,-0.76,-0.11,0.85,-0.1,-0.11,-0.5,0.09,0.93,-1.16,-1.56,-0.06,-0.07,0.0,-0.06,0.5,-1.1,0.05,0.44,0.0,0.14,0.0,0.14,0.0,0.0,0.0,0.0,-0.39,0.0,-0.03,0.0,0.24,0.0,0.0,-0.05,-0.52,0.0,0.0,0.0,0.0,0.0,0.0,0.0,-0.59,0.0,0.0,-0.04,0.0,-0.04,0.0,0.0,0.0,0.0,0.0,-0.17,0.0,0.0,0.12,0.0,0.0,0.0,0.03,0.02,-0.01,0.0,-8.21,-0.31,-0.09,0.0,0.0,0.1,-0.01,-0.01,0.0
SC,Orangeburg,589,657,68,-8.4,0.0,0.09,0.0,0.0,0.0,0.0,0.0,0.0,-0.27,0.0,0.0,0.0,0.0,-0.07,-1.63,0.0,0.0,0.0,1.44,0.0,0.25,0.0,0.0,0.0,0.0,0.0,0.0,0.0,0.0,5.92,0.0,0.0,0.0,-0.17,0.0,0.0,0.0,0.0,0.0,0.0,0.0,-0.09,0.0,0.0,0.0,0.0,0.0,0.0,0.0,0.0,0.0,0.0,0.0,0.0,0.0,0.23,0.0,-0.02,0.0,-0.3,-0.05,0.0,0.0,-1.63,0.0,0.0,0.0,0.0,0.5,0.0,0.0,0.0
SC,Pickens,5363,5826,463,-4.12,1.24,0.56,-0.51,-0.06,-2.65,0.26,-1.11,-2.25,-7.22,-0.17,-0.09,0.0,-0.62,3.24,-0.27,0.0,0.61,0.0,-1.5,0.0,-0.75,-0.05,0.0,0.0,0.0,-32.88,0.0,-0.04,0.0,1.22,0.0,0.0,-0.04,-0.15,0.0,0.0,0.0,0.0,0.0,0.0,0.0,-4.56,0.0,0.0,0.0,0.0,0.0,0.0,0.0,0.0,0.0,0.0,-1.31,-0.11,0.0,0.01,0.0,0.06,-0.03,0.0,0.4,0.0,0.0,-3.07,-1.64,-0.35,0.0,0.0,-1.14,-0.01,-0.01,0.0
SC,Richland,2229,2343,114,-3.15,9.94,10.02,0.0,0.0,-1.25,7.6,2.85,8.97,-0.54,5.89,0.0,0.0,0.51,0.02,0.0,0.0,0.0,0.0,-1.33,0.0,0.81,0.0,0.0,0.0,0.0,0.0,0.0,0.0,0.0,2.86,0.0,0.0,0.09,-0.04,0.0,0.0,0.0,0.0,0.0,0.0,0.0,0.02,0.0,0.0,0.0,0.0,0.0,0.0,0.0,0.0,0.0,0.0,0.51,0.0,0.0,0.03,0.09,0.04,0.09,0.26,0.16,0.0,0.0,0.0,0.0,0.0,0.0,-1.7,9.89,0.43,0.43,0.0
SC,Saluda,550,569,19,-2.63,-2.53,0.29,0.0,0.0,0.0,0.0,-1.1,-2.06,0.0,0.0,0.0,0.0,-0.26,-0.04,-2.53,0.0,0.0,0.0,2.64,0.0,0.18,0.0,0.0,0.0,0.0,0.0,0.0,0.0,0.0,1.96,0.0,0.0,0.0,-0.18,0.0,0.0,0.0,0.0,0.0,0.0,0.0,-0.04,0.0,0.0,0.0,0.0,0.0,0.0,0.0,0.0,0.0,0.0,0.0,0.0,0.0,0.17,0.0,0.0,-0.02,-0.14,0.0,0.0,0.0,-4.46,0.0,0.0,0.0,0.0,0.35,0.0,0.0,0.0
SC,Spartanburg,19121,19380,259,-0.55,-1.28,-1.01,-0.09,-0.14,-0.53,-0.15,1.31,-1.01,-1.11,-0.21,-0.09,0.0,-0.03,-0.08,-0.37,0.04,0.54,0.0,-0.04,0.0,0.3,-0.01,0.0,0.0,0.0,0.0,0.0,-0.01,0.0,-0.11,0.0,0.0,-0.02,-0.15,-0.07,-0.31,-0.32,-0.02,0.0,0.01,0.0,-4.23,0.0,0.0,0.0,0.0,0.0,0.0,0.0,-0.01,0.0,0.0,0.01,0.0,0.0,0.0,0.0,0.0,0.0,-0.04,-0.04,0.0,0.0,-2.39,-1.04,0.17,0.0,-0.07,-0.33,-0.06,-0.06,0.0
SC,Sumter,3533,3612,79,-2.08,-1.91,0.0,-0.01,0.0,0.0,0.0,-1.48,-1.8,0.0,0.0,0.0,0.0,0.0,0.0,-1.9,0.0,0.0,0.0,1.79,0.0,0.11,0.0,0.0,0.0,0.0,0.0,0.0,0.0,0.0,1.47,0.0,0.0,0.0,-0.31,0.0,0.0,0.0,0.0,0.0,0.0,0.0,-0.03,0.0,0.0,0.0,0.0,0.0,0.0,0.0,0.0,0.0,0.0,0.0,0.0,0.0,0.02,0.0,0.0,-0.04,-0.09,-0.05,0.0,0.0,-16.52,0.0,0.0,0.0,0.0,0.14,0.0,0.0,0.0
SC,Union,1351,1367,16,-0.33,-0.56,-0.46,-0.12,-0.44,-2.97,0.29,-0.19,-0.67,-1.04,-0.06,-0.01,0.0,0.18,-0.04,-0.54,0.0,0.51,0.0,0.03,0.0,0.0,0.0,0.0,0.0,0.0,0.0,0.0,0.0,0.0,-0.07,0.0,0.0,0.0,-0.15,0.0,0.0,0.0,0.0,0.0,0.0,0.0,-0.56,0.0,0.0,0.0,0.0,0.0,0.0,0.0,0.0,0.0,0.0,0.01,0.0,0.0,0.0,-0.08,0.0,0.0,-0.02,-0.01,0.0,0.0,-12.33,-0.15,0.0,0.0,0.0,-0.01,0.0,0.0,0.0
SC,Williamsburg,2476,2520,44,-1.2,-1.58,0.0,0.0,0.0,0.0,0.0,0.0,0.0,0.0,0.0,0.0,0.0,0.0,0.0,-1.58,0.0,0.0,0.0,1.52,0.0,0.06,0.0,0.0,0.0,0.0,0.0,0.0,0.0,0.0,1.22,0.0,0.0,0.0,-0.53,0.0,0.0,0.0,0.0,0.0,0.0,0.0,0.0,0.0,0.0,0.0,0.0,0.0,0.0,0.0,0.0,0.0,0.0,0.0,0.0,0.0,0.12,0.0,0.0,-0.17,-0.07,0.0,0.0,0.0,-10.32,0.0,0.0,0.0,0.0,0.18,0.0,0.0,0.0
SC,York,830,1700,870,-2.15,38.92,1.78,0.0,0.0,27.48,0.0,44.24,46.11,-1.11,0.0,0.0,0.0,0.0,-0.55,49.82,0.0,0.0,0.0,-39.52,0.0,-0.58,-2.16,0.0,-7.01,0.0,0.0,0.0,-1.91,0.0,9.0,0.0,0.0,0.0,0.0,-0.81,13.69,0.0,0.0,0.0,0.0,0.0,-0.55,0.0,0.0,0.0,0.0,0.0,0.0,0.0,0.0,0.0,0.0,0.0,0.0,0.0,-0.57,0.0,0.06,-0.12,3.29,0.7,0.0,0.0,0.0,0.0,0.0,0.0,-1.98,45.06,14.43,14.43,0.0
SC,UNKNOWN,460,470,10,-0.07,0.0,0.0,0.0,0.0,0.0,0.0,-0.03,0.0,0.0,0.0,0.0,0.0,0.0,-0.01,0.0,0.0,0.0,0.0,-0.29,0.0,0.0,0.0,0.0,0.0,0.3,0.0,0.0,0.0,0.0,0.0,0.0,0.0,0.0,0.0,0.0,0.0,0.0,0.0,0.0,0.0,0.0,-0.01,0.0,0.0,0.0,0.0,0.0,0.0,0.0,0.0,0.0,0.0,0.0,0.0,0.0,0.0,0.0,0.0,0.0,0.0,0.0,0.0,0.0,0.0,0.0,0.0,0.0,0.0,0.0,0.0,0.0,0.0
