project_tier,source,year,model,trim,title,price_usd,current_bid_usd,mileage,title_status,drivable,location,seller_type,vin,lot_number,listing_id,source_url,photo_url,sale_date,first_seen
clean,cars_and_bids,2008,,,2008 Porsche Cayenne Turbo,,500.0,,unknown,,"Bellevue, WA 98007",auction,,,2008-porsche-cayenne-turbo,https://carsandbids.com/auctions/KZmn6JMo/2008-porsche-cayenne-turbo,"https://media.carsandbids.com/cdn-cgi/image/width=768,quality=70/39ba75f9b610a05237adc3ca976891cd48f5832c/photos/exterior/3qpO0mka-CEr_Pd-/edit/i7N99.jpg?t=179120150235",,2026-10-10 15:06:59.431587+00:00
clean,cars_and_bids,2008,,,2008 Porsche Boxster,,987.0,53000,unknown,,"Phoenix, AZ 85027",auction,,,2008-porsche-boxster,https://carsandbids.com/auctions/9aYYNpLG/2008-porsche-boxster,"https://media.carsandbids.com/cdn-cgi/image/width=768,quality=70/39ba75f9b610a05237adc3ca976891cd48f5832c/photos/application/s-C-_icDY/edit/AxpdP.jpg?t=179139671425",,2026-10-10 15:06:59.431871+00:00
clean,bring_a_trailer,2014,,,2014 Porsche Cayenne GTS,,1000.0,87000,unknown,,,auction,,,2014-porsche-cayenne-gts-82,https://bringatrailer.com/listing/2014-porsche-cayenne-gts-82/,https://bringatrailer.com/wp-content/uploads/2026/08/2014_porsche_cayenne-gts_1-77365-scaled-1-copy-2026-09-24-rbk-81368.jpg?w=470&h=318&crop=1,,2026-10-10 15:06:59.425829+00:00
clean,bring_a_trailer,1999,,,1999 Porsche Boxster 5-Speed,,1000.0,,unknown,,,auction,,,1999-porsche-boxster-287,https://bringatrailer.com/listing/1999-porsche-boxster-287/,https://bringatrailer.com/wp-content/uploads/2026/09/086_IMG_7022-scaled-copy-2026-10-07-txa-99025.jpg?w=470&h=318&crop=1,,2026-10-10 15:06:59.427168+00:00
clean,bring_a_trailer,2001,,,2001 Porsche Boxster 5-Speed,,1086.0,,unknown,,,auction,,,2001-porsche-boxster-101,https://bringatrailer.com/listing/2001-porsche-boxster-101/,https://bringatrailer.com/wp-content/uploads/2026/09/2001_porsche_boxster_IMG_3351-53529-scaled-1-copy-2026-10-01-5kh-70943.jpeg?w=470&h=318&crop=1,,2026-10-10 15:06:59.426647+00:00
clean,bring_a_trailer,2004,,,2004 Porsche Cayenne Turbo,,2000.0,,unknown,,,auction,,,2004-porsche-cayenne-turbo-66,https://bringatrailer.com/listing/2004-porsche-cayenne-turbo-66/,https://bringatrailer.com/wp-content/uploads/2026/09/IMG_3822-scaled-copy-2026-10-02-cvm-57741.jpg?w=470&h=318&crop=1,,2026-10-10 15:06:59.426054+00:00
clean,bring_a_trailer,2006,,,14k-Mile 2006 Porsche Boxster,,2222.0,,unknown,,,auction,,,2006-porsche-boxster-73,https://bringatrailer.com/listing/2006-porsche-boxster-73/,https://bringatrailer.com/wp-content/uploads/2026/08/IMG_7721-scaled-copy-2026-10-05-89k-29805.jpeg?w=470&h=318&crop=1,,2026-10-10 15:06:59.425802+00:00
clean,bring_a_trailer,2006,,,22k-Mile 2006 Porsche Cayman S 6-Speed,,2300.0,7000,unknown,,,auction,,,2006-porsche-cayman-s-298,https://bringatrailer.com/listing/2006-porsche-cayman-s-298/,https://bringatrailer.com/wp-content/uploads/2026/09/2006_porsche_cayman-s_2006_porsche_cayman-s_b4bc028b-3ebc-4edf-9089-8dbc3b712cd7-z9EOiG-23644-23645-scaled.jpg?w=470&h=318&crop=1,,2026-10-10 15:06:59.425479+00:00
clean,bring_a_trailer,2007,,,2007 Porsche Cayman S 6-Speed,,2987.0,,unknown,,,auction,,,2007-porsche-cayman-s-98-2,https://bringatrailer.com/listing/2007-porsche-cayman-s-98-2/,https://bringatrailer.com/wp-content/uploads/2026/09/DSCF4136-scaled-copy-2026-10-02-ufr-72482.jpg?w=470&h=318&crop=1,,2026-10-10 15:06:59.427766+00:00
clean,bring_a_trailer,2004,,,29k-Mile 2004 Porsche Boxster 5-Speed,,3000.0,,unknown,,,auction,,,2004-porsche-boxster-37,https://bringatrailer.com/listing/2004-porsche-boxster-37/,https://bringatrailer.com/wp-content/uploads/2026/09/04_porsche_Boxster-105-scaled-copy-2026-10-01-74y-24308.jpg?w=470&h=318&crop=1,,2026-10-10 15:06:59.426085+00:00
clean,bring_a_trailer,2020,,,2020 Porsche Cayenne,,3000.0,,unknown,,,auction,,,2020-porsche-cayenne-9,https://bringatrailer.com/listing/2020-porsche-cayenne-9/,https://bringatrailer.com/wp-content/uploads/2026/09/IMG_4529-scaled-copy-2026-10-06-nyr-53559.jpg?w=470&h=318&crop=1,,2026-10-10 15:06:59.428055+00:00
clean,bring_a_trailer,2002,,,40k-Mile 2002 Porsche Boxster 5-Speed,,3000.0,40000,unknown,,,auction,,,2002-porsche-boxster-77,https://bringatrailer.com/listing/2002-porsche-boxster-77/,https://bringatrailer.com/wp-content/uploads/2026/09/Yellow_Boxster_Aero_Kit_9.27.26-78-scaled-copy-2026-10-01-eh8-69761.jpg?w=470&h=318&crop=1,,2026-10-10 15:06:59.428303+00:00
clean,cars_and_bids,1999,,,1999 Porsche Boxster,,3000.0,53000,unknown,,"Miami, FL 33131",auction,,,1999-porsche-boxster,https://carsandbids.com/auctions/3vW4RDRj/1999-porsche-boxster,"https://media.carsandbids.com/cdn-cgi/image/width=768,quality=70/39ba75f9b610a05237adc3ca976891cd48f5832c/photos/exterior/rGo7m5QO-ai2yrIO/edit/UI-3N.jpg?t=179120440202",,2026-10-10 15:06:59.431567+00:00
clean,cars_and_bids,2000,,,2000 Porsche Boxster,,3000.0,,unknown,,"Sunnyvale, CA 94087",auction,,,2000-porsche-boxster,https://carsandbids.com/auctions/3oPl26m1/2000-porsche-boxster,"https://media.carsandbids.com/cdn-cgi/image/width=768,quality=70/d9b636c2ec84ddc3bc7f2eb32861b39bdd5f9683/photos/36WnLMXW-Nelp-uh/edit/CoL8_.jpg?t=179089643408",,2026-10-10 15:06:59.431787+00:00
clean,bring_a_trailer,1996,,,1996 Porsche 911 Carrera Coupe,,3600.0,67000,unknown,,,auction,,,1996-porsche-911-carrera-coupe-110,https://bringatrailer.com/listing/1996-porsche-911-carrera-coupe-110/,https://bringatrailer.com/wp-content/uploads/2026/10/870A5936-copy-2026-10-06-g17-95617.jpg?w=470&h=318&crop=1,,2026-10-10 15:06:59.426404+00:00
clean,bring_a_trailer,2002,,,2002 Porsche Boxster S 6-Speed,,4001.0,,unknown,,,auction,,,2002-porsche-boxster-s-186,https://bringatrailer.com/listing/2002-porsche-boxster-s-186/,https://bringatrailer.com/wp-content/uploads/2026/09/IMG_9394-scaled-copy-2026-10-01-tb9-64963.jpg?w=470&h=318&crop=1,,2026-10-10 15:06:59.425285+00:00
clean,bring_a_trailer,2004,,,2004 Porsche Cayenne S,,4500.0,,unknown,,,auction,,,2004-porsche-cayenne-s-62,https://bringatrailer.com/listing/2004-porsche-cayenne-s-62/,https://bringatrailer.com/wp-content/uploads/2026/09/DSC00151-scaled-copy-2026-10-05-od6-20722.jpeg?w=470&h=318&crop=1,,2026-10-10 15:06:59.428236+00:00
clean,bring_a_trailer,2004,,,44k-Mile 2004 Porsche 911 Carrera 4S Cabriolet,,5000.0,44000,unknown,,,auction,,,2004-porsche-911-carrera-4s-cabriolet-90,https://bringatrailer.com/listing/2004-porsche-911-carrera-4s-cabriolet-90/,https://bringatrailer.com/wp-content/uploads/2026/08/31778-scaled-copy-2026-09-17-hgo-80757.jpg?w=470&h=318&crop=1,,2026-10-10 15:06:59.426264+00:00
clean,bring_a_trailer,2005,,,45k-Mile 2005 Porsche Cayenne Turbo,,5555.0,45000,unknown,,,auction,,,2005-porsche-cayenne-turbo-57,https://bringatrailer.com/listing/2005-porsche-cayenne-turbo-57/,https://bringatrailer.com/wp-content/uploads/2026/09/DSC08240-scaled-copy-2026-10-01-zho-77800.jpg?w=470&h=318&crop=1,,2026-10-10 15:06:59.427148+00:00
clean,bring_a_trailer,2009,,,2009 Porsche 911 Carrera S Coupe,,5555.0,,unknown,,,auction,,,2009-porsche-911-carrera-s-coupe-87,https://bringatrailer.com/listing/2009-porsche-911-carrera-s-coupe-87/,https://bringatrailer.com/wp-content/uploads/2026/10/IMG_2932-scaled-copy-2026-10-08-boa-71487.jpg?w=470&h=318&crop=1,,2026-10-10 15:06:59.427662+00:00
clean,cars_and_bids,2011,,,2011 Porsche Cayenne S,,5777.0,61000,unknown,,"San Carlos, CA 94070",auction,,,2011-porsche-cayenne-s,https://carsandbids.com/auctions/rbzEv7vw/2011-porsche-cayenne-s,"https://media.carsandbids.com/cdn-cgi/image/width=768,quality=70/4822e9034b0b6b357b3f73fabdfc10e586c36f68/photos/exterior/KPAMD5RZ-n23hqFQ/edit/_euHv.jpg?t=179094373994",,2026-10-10 15:06:59.431698+00:00
clean,cars_and_bids,2002,,,2002 Porsche Boxster S,,7100.0,56000,unknown,,"Pittsburgh, PA 15216",auction,,,2002-porsche-boxster-s,https://carsandbids.com/auctions/3gQVl8BP/2002-porsche-boxster-s,"https://media.carsandbids.com/cdn-cgi/image/width=768,quality=70/e1a3ca2fc1a309099ec4757453bfc1949de5f850/photos/PorscheBoxsterS2002002.jpg?t=179071284359",,2026-10-10 15:06:59.431653+00:00
clean,bring_a_trailer,2013,,,2013 Porsche Cayenne GTS,,7500.0,,unknown,,,auction,,,2013-porsche-cayenne-gts-102,https://bringatrailer.com/listing/2013-porsche-cayenne-gts-102/,https://bringatrailer.com/wp-content/uploads/2026/09/IMG_3300-scaled-copy-2026-09-30-k2g-92697.jpeg?w=470&h=318&crop=1,,2026-10-10 15:06:59.425547+00:00
clean,bring_a_trailer,2007,,,41k-Mile 2007 Porsche Boxster 5-Speed,,7600.0,41000,unknown,,,auction,,,2007-porsche-boxster-47,https://bringatrailer.com/listing/2007-porsche-boxster-47/,https://bringatrailer.com/wp-content/uploads/2026/09/IMG_9349-scaled-copy-2026-10-01-p60-16577.jpg?w=470&h=318&crop=1,,2026-10-10 15:06:59.425332+00:00
clean,bring_a_trailer,2010,,,2010 Porsche 911 Carrera Cabriolet,,7777.0,58000,unknown,,,auction,,,2010-porsche-911-carrera-cabriolet-10,https://bringatrailer.com/listing/2010-porsche-911-carrera-cabriolet-10/,https://bringatrailer.com/wp-content/uploads/2026/07/DSC06442-scaled-copy-2026-07-27-css-64273.jpg?w=470&h=318&crop=1,,2026-10-10 15:06:59.426960+00:00
clean,cars_and_bids,2002,,,2002 Porsche 911 Carrera Cabriolet,,8000.0,,unknown,,"Coarsegold, CA 93614",auction,,,2002-porsche-911-carrera-cabriolet,https://carsandbids.com/auctions/9AyldAbA/2002-porsche-911-carrera-cabriolet,"https://media.carsandbids.com/cdn-cgi/image/width=768,quality=70/5c3e0c5372728ce6c479760394198610d18b7b64/photos/Porsche911CarreraCabriolet2002002.jpg?t=179054429594",,2026-10-10 15:06:59.431630+00:00
clean,cars_and_bids,2008,,,2008 Porsche Cayenne GTS,,8333.0,,unknown,,Ended 10/2/26,auction,,,2008-porsche-cayenne-gts,https://carsandbids.com/auctions/37W8xRGR/2008-porsche-cayenne-gts,"https://media.carsandbids.com/cdn-cgi/image/width=768,quality=70/f50baa0fded5bb62b35f8553a743bb81347efcf4/photos/application/s-sYQwvrc/edit/ZashD.jpg?t=179027751451",,2026-10-10 15:06:59.432146+00:00
clean,bring_a_trailer,2013,,,2013 Porsche Cayenne Diesel,,8800.0,,unknown,,,auction,,,2013-porsche-cayenne-diesel-162,https://bringatrailer.com/listing/2013-porsche-cayenne-diesel-162/,https://bringatrailer.com/wp-content/uploads/2026/09/IMG_1790182446797_026-copy-2026-10-02-0zw-46380.jpg?w=470&h=318&crop=1,,2026-10-10 15:06:59.424945+00:00
clean,bring_a_trailer,2017,,,2017 Porsche Cayenne Turbo,,9987.0,,unknown,,,auction,,,2017-porsche-cayenne-turbo-11,https://bringatrailer.com/listing/2017-porsche-cayenne-turbo-11/,https://bringatrailer.com/wp-content/uploads/2026/09/PXL_20260917_192935068-scaled-copy-2026-09-29-fjy-08873.jpg?w=470&h=318&crop=1,,2026-10-10 15:06:59.425432+00:00
clean,bring_a_trailer,2012,,,2012 Porsche 911 Carrera 4S Coupe,,10000.0,76000,unknown,,,auction,,,2012-porsche-911-carrera-4s-coupe-10,https://bringatrailer.com/listing/2012-porsche-911-carrera-4s-coupe-10/,https://bringatrailer.com/wp-content/uploads/2026/09/IMG_0743-scaled-copy-2026-09-30-xes-81417.jpeg?w=470&h=318&crop=1,,2026-10-10 15:06:59.426355+00:00
clean,bring_a_trailer,2025,,,2025 Porsche 911 Carrera 4 GTS Coupe,,10000.0,4000,unknown,,,auction,,,2025-porsche-911-carrera-4-gts-coupe-4,https://bringatrailer.com/listing/2025-porsche-911-carrera-4-gts-coupe-4/,https://bringatrailer.com/wp-content/uploads/2026/09/SC-2025_911_Hybrid-Hero-scaled-copy-2026-10-05-0js-34477.jpg?w=470&h=318&crop=1,,2026-10-10 15:06:59.427119+00:00
clean,bring_a_trailer,1999,,,1999 Porsche 911 Carrera 4 Coupe 6-Speed,,10996.0,,unknown,,,auction,,,1999-porsche-911-carrera-4-coupe-32,https://bringatrailer.com/listing/1999-porsche-911-carrera-4-coupe-32/,https://bringatrailer.com/wp-content/uploads/2026/10/DSC02408-copy-2026-10-02-fzf-76940.jpg?w=470&h=318&crop=1,,2026-10-10 15:06:59.426734+00:00
clean,bring_a_trailer,2004,,,Modified 2004 Porsche 911 Turbo Cabriolet,,10999.0,,unknown,,,auction,,,2004-porsche-911-turbo-cabriolet-237,https://bringatrailer.com/listing/2004-porsche-911-turbo-cabriolet-237/,https://bringatrailer.com/wp-content/uploads/2026/10/8U1A1514-scaled-copy-2026-10-08-h3f-76025.jpg?w=470&h=318&crop=1,,2026-10-10 15:06:59.427706+00:00
clean,carfax,2013,,,2013 Porsche Cayenne,11900.0,,101315,unknown,,,dealer,WP1AA2A23DLA08447,,WP1AA2A23DLA08447,https://www.carfax.com/vehicle/WP1AA2A23DLA08447,https://carfax-img.vast.com/carfax/v2/4796912542468178168/1/344x258,,2026-10-10 15:06:59.433326+00:00
clean,bring_a_trailer,2005,,,42k-Mile 2005 Porsche Boxster S 6-Speed,,12000.0,42000,unknown,,,auction,,,2005-porsche-boxster-s-87,https://bringatrailer.com/listing/2005-porsche-boxster-s-87/,https://bringatrailer.com/wp-content/uploads/2026/09/20260809_120248436_iOS-scaled-copy-2026-09-28-84i-28356.jpg?w=470&h=318&crop=1,,2026-10-10 15:06:59.425124+00:00
clean,bring_a_trailer,2010,,,28k-Mile 2010 Porsche Cayenne GTS,,12000.0,28000,unknown,,,auction,,,2010-porsche-cayenne-gts-53,https://bringatrailer.com/listing/2010-porsche-cayenne-gts-53/,https://bringatrailer.com/wp-content/uploads/2026/09/2010_porsche_cayenne-gts_2010_porsche_cayenne-gts_08624828-2f88-4fb6-ad55-98e319333e0e-mwwGuA-18379-18380-scaled.jpg?w=470&h=318&crop=1,,2026-10-10 15:06:59.425654+00:00
clean,cars_and_bids,2014,,,2014 Porsche Boxster,,12000.0,,unknown,,"Santa Clara, CA 95051",auction,,,2014-porsche-boxster,https://carsandbids.com/auctions/3zxeaNE4/2014-porsche-boxster,"https://media.carsandbids.com/cdn-cgi/image/width=768,quality=70/30eaf80ceaa3b7a461a21047b172db29a6c3daa6/photos/3qGO4dGA-3K8noMQ-BxVxxzH9qK/edit/Js64R.jpg?t=179079136181",,2026-10-10 15:06:59.431543+00:00
clean,cars_and_bids,1999,,,1999 Porsche 911 Carrera Coupe,,12100.0,,unknown,,"Lakeville, MN 55044",auction,,,1999-porsche-911-carrera-coupe,https://carsandbids.com/auctions/365yXXLn/1999-porsche-911-carrera-coupe,"https://media.carsandbids.com/cdn-cgi/image/width=768,quality=70/c7387fa5557775cb743f87fc02d6cb831afb20b2/photos/9ndLyQgJ-xAvIKTnp4S/edit/eO6Ut.jpg?t=179091818701",,2026-10-10 15:06:59.431467+00:00
clean,cars_com,2004,Boxster,S,2004 Porsche Boxster S,12170.0,,115316,unknown,,95136,dealer,WP0CB29844U660424,,WP0CB29844U660424,https://www.cars.com/vehicledetail/5487be6b-877d-4528-8fdc-ce03821c7a87/,https://platform.cstatic-images.com/in/v2/9a958398-ed50-53b7-a938-2d6926246f71/aeb46a8b-1631-4733-93be-25a6ad15af35/CtizoPCaV6dJOQkaC9ydHCaT7QI.jpg,,2026-10-10 15:06:59.423552+00:00
clean,bring_a_trailer,2003,,,2003 Porsche 911 Carrera 4S Coupe 6-Speed,,12246.0,,unknown,,,auction,,,2003-porsche-911-carrera-4s-coupe-76,https://bringatrailer.com/listing/2003-porsche-911-carrera-4s-coupe-76/,https://bringatrailer.com/wp-content/uploads/2026/09/DSC01625-scaled-copy-2026-10-07-w7r-78900.jpg?w=470&h=318&crop=1,,2026-10-10 15:06:59.428371+00:00
clean,cars_and_bids,2004,,,2004 Porsche Boxster,,12400.0,53000,unknown,,Ended 10/2/26,auction,,,2004-porsche-boxster,https://carsandbids.com/auctions/3vyNwgMv/2004-porsche-boxster,"https://media.carsandbids.com/cdn-cgi/image/width=768,quality=70/4615f7df60f9e7da8f33568c1727091ab1eb1c0d/photos/PorscheBoxster2004008/edit/YKW1Y.jpg?t=179011968286",,2026-10-10 15:06:59.432167+00:00
clean,bring_a_trailer,2007,,,2007 Porsche Cayman 5-Speed,,13000.0,,unknown,,,auction,,,2007-porsche-cayman-102,https://bringatrailer.com/listing/2007-porsche-cayman-102/,https://bringatrailer.com/wp-content/uploads/2026/09/66-Porsche_Cayman-scaled-copy-2026-10-02-t5f-55951.jpeg?w=470&h=318&crop=1,,2026-10-10 15:06:59.424967+00:00
clean,bring_a_trailer,1999,,,1999 Porsche 911 Carrera Coupe,,13500.0,,unknown,,,auction,,,1999-porsche-911-carrera-coupe-225,https://bringatrailer.com/listing/1999-porsche-911-carrera-coupe-225/,https://bringatrailer.com/wp-content/uploads/2026/09/IMG_5391-scaled-copy-2026-09-17-o61-75701.jpg?w=470&h=318&crop=1,,2026-10-10 15:06:59.425920+00:00
clean,cars_com,2005,Boxster,,2005 Porsche Boxster,14985.0,,96868,unknown,,94568,dealer,WP0CA29825U711164,,WP0CA29825U711164,https://www.cars.com/vehicledetail/88eaeb10-1470-480c-821c-07fdbc8527a6/,https://platform.cstatic-images.com/in/v2/c819f769-5f21-41de-b5cb-a453d0a64476/bab74e02-0a8b-4da3-8100-23dd0e8bc258/Okwbtf7D1Rjo3kMT3EqOGCk0oT0.jpg,,2026-10-10 15:06:59.423490+00:00
clean,cars_and_bids,2008,,,2008 Porsche Cayman,,15000.0,,unknown,,"Kearny, NJ 07032",auction,,,2008-porsche-cayman,https://carsandbids.com/auctions/KYMkVQZP/2008-porsche-cayman,"https://media.carsandbids.com/cdn-cgi/image/width=768,quality=70/4822e9034b0b6b357b3f73fabdfc10e586c36f68/photos/exterior/98XRE2g2-cPcZXSx/edit/kImhv.jpg?t=179139518695",,2026-10-10 15:06:59.431828+00:00
clean,bring_a_trailer,2003,,,38k-Mile 2003 Porsche 911 Carrera Cabriolet 6-Speed,,16000.0,38000,unknown,,,auction,,,2003-porsche-911-carrera-cabriolet-108,https://bringatrailer.com/listing/2003-porsche-911-carrera-cabriolet-108/,https://bringatrailer.com/wp-content/uploads/2026/08/20260825_091304-scaled-copy-2026-09-18-99g-01650.jpg?w=470&h=318&crop=1,,2026-10-10 15:06:59.425011+00:00
clean,truecar,2003,,,2003 Porsche Boxster,16697.0,,87841,unknown,,,dealer,WP0CA29893U620437,,WP0CA29893U620437,https://www.truecar.com/used-cars-for-sale/listing/WP0CA29893U620437/,,,2026-09-08 13:59:36.595458+00:00
clean,carvana,2014,,,2014 Porsche Cayenne,16990.0,,,unknown,,,dealer,,,4766732,https://www.carvana.com/vehicle/4766732,https://cdnblob.fastly.carvana.io/3006564692/post-large/normalized/zoomcrop/3006564692-edc-02.jpg?v=2026.10.10_15.4.2,,2026-10-10 15:06:59.432292+00:00
clean,carvana,2014,,,2014 Porsche Cayenne,16990.0,,,unknown,,,dealer,,,4658922,https://www.carvana.com/vehicle/4658922,https://cdnblob.fastly.carvana.io/3006432449/post-large/normalized/zoomcrop/3006432449-edc-02.jpg?v=2026.10.10_15.4.44,,2026-10-10 15:06:59.432684+00:00
clean,cars_and_bids,2016,,,2016 Porsche Cayenne S,,17000.0,,unknown,,Ended 10/5/26,auction,,,2016-porsche-cayenne-s,https://carsandbids.com/auctions/KV7nWavx/2016-porsche-cayenne-s,"https://media.carsandbids.com/cdn-cgi/image/width=768,quality=70/4822e9034b0b6b357b3f73fabdfc10e586c36f68/photos/9QJQoJbx-BrGfNak/edit/YfrKk.jpg?t=179008084399",,2026-10-10 15:06:59.432105+00:00
clean,truecar,2010,,,2010 Porsche Boxster,17899.0,,124190,unknown,,,dealer,WP0CA2A80AS710483,,WP0CA2A80AS710483,https://www.truecar.com/used-cars-for-sale/listing/WP0CA2A80AS710483/,,,2026-09-08 13:59:36.595676+00:00
clean,bring_a_trailer,2003,,,29k-Mile 2003 Porsche Boxster S 6-Speed,,18000.0,29000,unknown,,,auction,,,2003-porsche-boxster-s-102,https://bringatrailer.com/listing/2003-porsche-boxster-s-102/,https://bringatrailer.com/wp-content/uploads/2026/09/DSC0881-scaled-copy-2026-10-01-8hf-66809.jpg?w=470&h=318&crop=1,,2026-10-10 15:06:59.424885+00:00
clean,bring_a_trailer,2000,,,21k-Mile 2000 Porsche Boxster S 6-Speed,,18000.0,21000,unknown,,,auction,,,2000-porsche-boxster-s-199,https://bringatrailer.com/listing/2000-porsche-boxster-s-199/,https://bringatrailer.com/wp-content/uploads/2026/09/00_boxster-41-scaled-copy-2026-10-02-d9l-06614.jpg?w=470&h=318&crop=1,,2026-10-10 15:06:59.427216+00:00
clean,bring_a_trailer,2015,,,41k-Mile 2015 Porsche Boxster GTS,,18328.0,,unknown,,,auction,,,2015-porsche-boxster-gts-27,https://bringatrailer.com/listing/2015-porsche-boxster-gts-27/,https://bringatrailer.com/wp-content/uploads/2026/09/99f70d6a9bfd45e2ee2b85d53ef511e9-scaled-copy-2026-10-07-n2o-79895.jpg?w=470&h=318&crop=1,,2026-10-10 15:06:59.426714+00:00
clean,bring_a_trailer,2001,,,2001 Porsche 911 Carrera Coupe 6-Speed,,18500.0,,unknown,,,auction,,,2001-porsche-911-carrera-coupe-74,https://bringatrailer.com/listing/2001-porsche-911-carrera-coupe-74/,https://bringatrailer.com/wp-content/uploads/2026/09/IMG_1981-scaled-copy-2026-10-02-uhk-70996.jpeg?w=470&h=318&crop=1,,2026-10-10 15:06:59.426939+00:00
clean,bring_a_trailer,1999,,,45k-Mile 1999 Porsche 911 Carrera Coupe 6-Speed,,19500.0,45000,unknown,,,auction,,,1999-porsche-911-carrera-coupe-223,https://bringatrailer.com/listing/1999-porsche-911-carrera-coupe-223/,https://bringatrailer.com/wp-content/uploads/2026/09/DSC06836-scaled-copy-2026-09-26-09r-84312.jpg?w=470&h=318&crop=1,,2026-10-10 15:06:59.425099+00:00
clean,carvana,2012,,,2012 Porsche Cayenne,19990.0,,,unknown,,,dealer,,,4692325,https://www.carvana.com/vehicle/4692325,https://cdnblob.fastly.carvana.io/3006493716/post-large/normalized/zoomcrop/3006493716-edc-02.jpg?v=2026.10.10_15.4.29,,2026-10-10 15:06:59.432413+00:00
clean,bring_a_trailer,2002,,,2002 Porsche 911 Carrera 4S Coupe 6-Speed,,19996.0,,unknown,,,auction,,,2002-porsche-911-carrera-4s-coupe-53,https://bringatrailer.com/listing/2002-porsche-911-carrera-4s-coupe-53/,https://bringatrailer.com/wp-content/uploads/2026/09/IMG_5100-scaled-copy-2026-09-24-wrv-82298.jpeg?w=470&h=318&crop=1,,2026-10-10 15:06:59.424831+00:00
clean,bring_a_trailer,2019,,,2019 Porsche 911 Carrera Coupe,,20000.0,,unknown,,,auction,,,2019-porsche-911-carrera-coupe-13,https://bringatrailer.com/listing/2019-porsche-911-carrera-coupe-13/,https://bringatrailer.com/wp-content/uploads/2026/09/IMG_4323-scaled-copy-2026-09-21-yh1-19951.jpg?w=470&h=318&crop=1,,2026-10-10 15:06:59.425878+00:00
clean,bring_a_trailer,1999,,,1999 Porsche 911 Carrera Coupe 6-Speed,,20000.0,,unknown,,,auction,,,1999-porsche-911-carrera-coupe-224,https://bringatrailer.com/listing/1999-porsche-911-carrera-coupe-224/,https://bringatrailer.com/wp-content/uploads/2026/09/Cover-scaled-copy-2026-09-21-iki-15033.jpeg?w=470&h=318&crop=1,,2026-10-10 15:06:59.428007+00:00
clean,carvana,2016,,,2016 Porsche Cayenne,20590.0,,,unknown,,,dealer,,,4778412,https://www.carvana.com/vehicle/4778412,https://cdnblob.fastly.carvana.io/3006627091/post-large/normalized/zoomcrop/3006627091-edc-02.jpg?v=2026.10.10_15.5.41,,2026-10-10 15:06:59.432945+00:00
clean,bring_a_trailer,2011,,,2011 Porsche 911 Carrera Coupe 6-Speed,,20997.0,57000,unknown,,,auction,,,2011-porsche-911-carrera-coupe-19,https://bringatrailer.com/listing/2011-porsche-911-carrera-coupe-19/,https://bringatrailer.com/wp-content/uploads/2026/09/2011_porsche_911-carrera-coupe_2011_porsche_911-carrera-coupe_1114a6cb-87c6-4640-8b6e-da6ec42720e8-1JGHHQ-20756-20757-scaled.jpg?w=470&h=318&crop=1,,2026-10-10 15:06:59.426155+00:00
clean,cars_and_bids,2006,,,2006 Porsche 911 Carrera S Coupe,,20997.0,83000,unknown,,"Salem, MA 01970",auction,,,2006-porsche-911-carrera-s-coupe,https://carsandbids.com/auctions/KPdAnQko/2006-porsche-911-carrera-s-coupe,"https://media.carsandbids.com/cdn-cgi/image/width=768,quality=70/8e6341e27a680ffab7d98e42bef83b0dd1b0fb94/photos/exterior/KPLYWEOZ-o4U2GMf/edit/-L_pf.jpg?t=179082991732",,2026-10-10 15:06:59.431610+00:00
clean,cars_and_bids,2004,,,2004 Porsche 911 Turbo Cabriolet,,21000.0,,unknown,,"Encinitas, CA 92024",auction,,,2004-porsche-911-turbo-cabriolet,https://carsandbids.com/auctions/rJqGJa1X/2004-porsche-911-turbo-cabriolet,"https://media.carsandbids.com/cdn-cgi/image/width=768,quality=70/ee7f173e46ec801a48d1673c50f9cebaa1bf2854/photos/application/s-slNf-p-/edit/K_-9-.jpg?t=179129491873",,2026-10-10 15:06:59.431767+00:00
clean,cars_com,2002,911,Carrera 4S,2002 Porsche 911 Carrera 4S,21985.0,,130850,unknown,,94568,dealer,WP0AA29932S622890,,WP0AA29932S622890,https://www.cars.com/vehicledetail/77540d89-8dcd-4f01-ac36-fde91eb4c309/,https://platform.cstatic-images.com/in/v2/c819f769-5f21-41de-b5cb-a453d0a64476/88cf2a84-23f8-4fcb-b40d-929618d73f55/SxuhAQPLFEuaE_FD9lDnCEBKvoI.jpg,,2026-10-10 15:06:59.423579+00:00
clean,bring_a_trailer,2001,,,17k-Mile 2001 Porsche 911 Carrera Cabriolet 6-Speed,,21996.0,17000,unknown,,,auction,,,2001-porsche-911-carrera-cabriolet-145,https://bringatrailer.com/listing/2001-porsche-911-carrera-cabriolet-145/,https://bringatrailer.com/wp-content/uploads/2026/09/326FC9DF-9AF5-4C45-BA4D-00F9A55C9974_1_105_c-copy-2026-10-02-4g2-59016.jpeg?w=470&h=318&crop=1,,2026-10-10 15:06:59.427969+00:00
clean,bring_a_trailer,2008,,,2008 Porsche Cayenne GTS 6-Speed,,22000.0,,unknown,,,auction,,,2008-porsche-cayenne-gts-98,https://bringatrailer.com/listing/2008-porsche-cayenne-gts-98/,https://bringatrailer.com/wp-content/uploads/2026/09/IMG_9800-66683-scaled-1-copy-2026-10-01-b6q-78833.jpeg?w=470&h=318&crop=1,,2026-10-10 15:06:59.427570+00:00
clean,carvana,2016,,,2016 Porsche Cayenne,22990.0,,,unknown,,,dealer,,,4747974,https://www.carvana.com/vehicle/4747974,https://cdnblob.fastly.carvana.io/3006564626/post-large/normalized/zoomcrop/3006564626-edc-02.jpg?v=2026.10.10_15.4.44,,2026-10-10 15:06:59.432665+00:00
clean,bring_a_trailer,2010,,,2010 Porsche 911 Carrera 4S Cabriolet 6-Speed,,23000.0,,unknown,,,auction,,,2010-porsche-911-carrera-4s-cabriolet-14,https://bringatrailer.com/listing/2010-porsche-911-carrera-4s-cabriolet-14/,https://bringatrailer.com/wp-content/uploads/2026/09/7M309610-scaled-copy-2026-10-05-r3c-44486.jpeg?w=470&h=318&crop=1,,2026-10-10 15:06:59.427615+00:00
clean,cars_and_bids,1999,,,1999 Porsche 911 Carrera Cabriolet LS3 V8 Swap,,24000.0,,unknown,,Ended 10/6/26,auction,,,1999-porsche-911-carrera-cabriolet-ls3-v8-swap,https://carsandbids.com/auctions/KDXxNzLG/1999-porsche-911-carrera-cabriolet-ls3-v8-swap,"https://media.carsandbids.com/cdn-cgi/image/width=768,quality=70/584cc1dfd54e364062e450b75c52a83eec9ea51e/photos/Porsche911CarreraCabriolet1999002.jpg?t=178967243781",,2026-10-10 15:06:59.432011+00:00
clean,cars_com,2006,Cayman,Cayman S,2006 Porsche Cayman Cayman S,24888.0,,109802,unknown,,94551,dealer,WP0AB298X6U780769,,WP0AB298X6U780769,https://www.cars.com/vehicledetail/41698fbe-5da0-4e10-b0c3-abd7adccd6c2/,https://platform.cstatic-images.com/in/v2/88f84aea-b7e7-4a8a-b3de-b94bd72b141b/9a56e228-ee67-44c0-856d-8e8b88864870/ZeQSDr02WLFdW4A1zpgdTU2IAZA.jpeg,,2026-10-10 15:06:59.423524+00:00
clean,cars_com,2005,Boxster,S,2005 Porsche Boxster S,24961.0,,58833,unknown,,94608,dealer,WP0CB29895S730318,,WP0CB29895S730318,https://www.cars.com/vehicledetail/2d9d3c18-a15f-46ce-962f-1ef215c621de/,https://platform.cstatic-images.com/in/v2/7887e9f6-8190-54d2-a2ff-3f370cc27dfd/82177ef6-3b82-4989-83d3-60c2769a4a88/wb9krytU29QFBkJqlHLonio_l9M.jpg,,2026-10-10 15:06:59.423875+00:00
clean,bring_a_trailer,2017,,,2017 Porsche 911 Carrera 4S Coupe 7-Speed,,25000.0,,unknown,,,auction,,,2017-porsche-911-carrera-4s-coupe-33,https://bringatrailer.com/listing/2017-porsche-911-carrera-4s-coupe-33/,https://bringatrailer.com/wp-content/uploads/2026/09/DSC08155-scaled-copy-2026-10-02-5y8-75504.jpeg?w=470&h=318&crop=1,,2026-10-10 15:06:59.427355+00:00
clean,bring_a_trailer,2004,,,21k-Mile 2004 Porsche 911 Carrera Coupe 6-Speed,,25000.0,21000,unknown,,,auction,,,2004-porsche-911-carrera-coupe-39,https://bringatrailer.com/listing/2004-porsche-911-carrera-coupe-39/,https://bringatrailer.com/wp-content/uploads/2026/08/2004_porsche_911-carrera-coupe_2004_porsche_911-carrera-coupe_463d36a5-40b9-4bd1-bf12-46de88ee47ad-eh4wjZ-94879-94880-scaled-1-copy-2026-09-18-ox8-35984.jpg?w=470&h=318&crop=1,,2026-10-10 15:06:59.427535+00:00
clean,bring_a_trailer,2010,,,39k-Mile 2010 Porsche Boxster 6-Speed,,27000.0,39000,unknown,,,auction,,,2010-porsche-boxster-21,https://bringatrailer.com/listing/2010-porsche-boxster-21/,https://bringatrailer.com/wp-content/uploads/2026/09/2010_PORSCHE_Boxster_6-Speed_1_of_287-scaled-copy-2026-10-06-lxt-19377.jpg?w=470&h=318&crop=1,,2026-10-10 15:06:59.428328+00:00
clean,cars_and_bids,2015,,,2015 Porsche Boxster GTS,,28300.0,50000,unknown,,"Buckeye, AZ 85396",auction,,,2015-porsche-boxster-gts,https://carsandbids.com/auctions/KYdkBQO0/2015-porsche-boxster-gts,"https://media.carsandbids.com/cdn-cgi/image/width=768,quality=70/82c107f1e2403b82d1eed3a5c9dfc1991b9284ce/photos/PorscheBoxsterGTS2015008.jpg?t=179122071306",,2026-10-10 15:06:59.431748+00:00
clean,carfax,2020,,,2020 Porsche Cayenne,28626.0,,75445,unknown,,,dealer,WP1AA2AY4LDA02833,,WP1AA2AY4LDA02833,https://www.carfax.com/vehicle/WP1AA2AY4LDA02833,https://carfax-img.vast.com/carfax/v2/-5967160718293417182/1/344x258,,2026-10-10 15:06:59.433102+00:00
clean,bring_a_trailer,1997,,,1997 Porsche 911 Carrera Cabriolet 6-Speed,,28888.0,74000,unknown,,,auction,,,1997-porsche-911-carrera-cabriolet-143,https://bringatrailer.com/listing/1997-porsche-911-carrera-cabriolet-143/,https://bringatrailer.com/wp-content/uploads/2026/09/DSC5533-copy-2026-09-29-8hr-10374.jpg?w=470&h=318&crop=1,,2026-10-10 15:06:59.426692+00:00
clean,cars_com,2014,Cayman,Base,2014 Porsche Cayman Base,29471.0,,99835,unknown,,95136,dealer,WP0AA2A86EK173518,,WP0AA2A86EK173518,https://www.cars.com/vehicledetail/fc8f3afa-9763-46af-89ea-aad065f4e39a/,https://platform.cstatic-images.com/in/v2/3316bef3-f7fd-48c2-8437-3ef516c78f75/650ab330-e32c-4f3c-a04b-49bfcb79bbed/Y3KQdqotKdp-eMMWSM6CAZys5RI.jpg,,2026-10-10 15:06:59.423718+00:00
clean,cars_com,2000,911,Carrera 4 Cabriolet,2000 Porsche 911 Carrera 4 Cabriolet,29524.0,,120543,unknown,,95051,dealer,WP0CA2997YS650211,,WP0CA2997YS650211,https://www.cars.com/vehicledetail/7bbe6872-6453-4d28-bb20-7fc2411e590d/,https://platform.cstatic-images.com/in/v2/72980e9f-af2f-5380-9bf2-2826803dcb92/c957a1bb-6c39-419b-9cc9-887433953f27/rJrvMfH4rkRXrQIg6_TW9l1-Wsw.jpg,,2026-10-10 15:06:59.423741+00:00
clean,cars_com,2000,Boxster,S,2000 Porsche Boxster S,29800.0,,33746,unknown,,95008,dealer,WP0CB2984YU663328,,WP0CB2984YU663328,https://www.cars.com/vehicledetail/ef508ff2-4654-4ffd-91f3-2bb565a612ba/,https://platform.cstatic-images.com/in/v2/c0970078-5181-5242-b52e-309ccf7ddb3a/9b162af1-8e7f-4f53-aaa8-676774b1c3ae/umSEH3pu505D8ofZGZGt7SWsMOg.jpg,,2026-10-10 15:06:59.423606+00:00
clean,bring_a_trailer,2008,,,39k-Mile 2008 Porsche 911 Turbo Cabriolet,,30000.0,,unknown,,,auction,,,2008-porsche-911-turbo-cabriolet-195,https://bringatrailer.com/listing/2008-porsche-911-turbo-cabriolet-195/,https://bringatrailer.com/wp-content/uploads/2026/09/DSC7125-scaled-copy-2026-09-30-8m3-98201.jpg?w=470&h=318&crop=1,,2026-10-10 15:06:59.425901+00:00
clean,bring_a_trailer,2019,,,2019 Porsche Cayenne Turbo,,30000.0,,unknown,,,auction,,,2019-porsche-cayenne-turbo-34,https://bringatrailer.com/listing/2019-porsche-cayenne-turbo-34/,https://bringatrailer.com/wp-content/uploads/2026/10/ED-2019_Porsche_Cayenne-Hero-scaled-copy-2026-10-06-sen-24026.jpg?w=470&h=318&crop=1,,2026-10-10 15:06:59.428255+00:00
clean,truecar,2008,,,2008 Porsche Boxster S Limited Edition,30697.0,,85295,unknown,,,dealer,WP0CB29828U730136,,WP0CB29828U730136,https://www.truecar.com/used-cars-for-sale/listing/WP0CB29828U730136/,,,2026-09-08 13:59:36.595414+00:00
clean,truecar,2020,,,2020 Porsche Cayenne,31082.0,,72139,unknown,,,dealer,WP1AA2AY7LDA04110,,WP1AA2AY7LDA04110,https://www.truecar.com/used-cars-for-sale/listing/WP1AA2AY7LDA04110/,,,2026-09-08 13:59:36.595395+00:00
clean,cars_and_bids,2008,,,2008 Porsche Cayman S Sport,,31250.0,7000,unknown,,"Sarasota, FL 34234",auction,,,2008-porsche-cayman-s-sport,https://carsandbids.com/auctions/rkE24A2l/2008-porsche-cayman-s-sport,"https://media.carsandbids.com/cdn-cgi/image/width=768,quality=70/39ba75f9b610a05237adc3ca976891cd48f5832c/photos/rMVyeeLZ-7vdhahe/edit/GxJAx.jpg?t=179105675890",,2026-10-10 15:06:59.431673+00:00
clean,carvana,2017,,,2017 Porsche Cayenne,31590.0,,,unknown,,,dealer,,,4446958,https://www.carvana.com/vehicle/4446958,https://cdnblob.fastly.carvana.io/2004894331/post-large/normalized/zoomcrop/2004894331-edc-02.jpg?v=2026.10.10_15.5.12,,2026-10-10 15:06:59.432754+00:00
clean,bring_a_trailer,1991,,,1991 Porsche 911 Carrera 4 Cabriolet 5-Speed,,31964.0,9000,unknown,,,auction,,,1991-porsche-911-carrera-4-cabriolet-35,https://bringatrailer.com/listing/1991-porsche-911-carrera-4-cabriolet-35/,https://bringatrailer.com/wp-content/uploads/2026/09/73DSC_4834-Porsche_911_Carrera_Cabriolet_-_1991_-_White_-_Studio_Web-scaled-copy-2026-09-30-9km-95990.jpg?w=470&h=318&crop=1,,2026-10-10 15:06:59.427814+00:00
clean,carvana,2013,,,2013 Porsche Boxster,31990.0,,,unknown,,,dealer,,,4813160,https://www.carvana.com/vehicle/4813160,https://cdnblob.fastly.carvana.io/3006793703/post-large/normalized/zoomcrop/3006793703-edc-02.jpg?v=2026.10.10_15.4.44,,2026-10-10 15:06:59.432703+00:00
clean,bring_a_trailer,2019,,,2019 Porsche 718 Cayman GT4 Clubsport Competition MR,,32000.0,,unknown,,,auction,,,2019-porsche-718-cayman-gt4-clubsport-3-2,https://bringatrailer.com/listing/2019-porsche-718-cayman-gt4-clubsport-3-2/,https://bringatrailer.com/wp-content/uploads/2026/09/Porsche_GT4_CS_MR_2528Advan2529-6744-scaled-29696-rkxCRc-1-copy-2026-09-29-x4l-40307.jpg?w=470&h=318&crop=1,,2026-10-10 15:06:59.425569+00:00
clean,carvana,2020,,,2020 Porsche Cayenne,32590.0,,,unknown,,,dealer,,,4730926,https://www.carvana.com/vehicle/4730926,https://cdnblob.fastly.carvana.io/3006447820/post-large/normalized/zoomcrop/3006447820-edc-02.jpg?v=2026.10.10_15.5.12,,2026-10-10 15:06:59.432738+00:00
clean,cars_com,2007,Cayman,S,2007 Porsche Cayman S,32785.0,,56236,unknown,,94087,dealer,WP0AB29897U782076,,WP0AB29897U782076,https://www.cars.com/vehicledetail/3cd26e17-324a-4be4-9939-4eb86299f5aa/,https://platform.cstatic-images.com/in/v2/27196918-d029-4b22-ad4f-49b29e2b70b5/95c157ff-b73b-4bd9-aa07-a07b2097ca6e/zQHO-P6l93pelPk8VsB-SqdLrU0.jpg,,2026-10-10 15:06:59.423455+00:00
clean,carvana,2020,,,2020 Porsche Cayenne,32990.0,,,unknown,,,dealer,,,4755232,https://www.carvana.com/vehicle/4755232,https://cdnblob.fastly.carvana.io/3006580567/post-large/normalized/zoomcrop/3006580567-edc-02.jpg?v=2026.10.10_15.4.44,,2026-10-10 15:06:59.432607+00:00
clean,carvana,2013,,,2013 Porsche Boxster,32990.0,,,unknown,,,dealer,,,4666194,https://www.carvana.com/vehicle/4666194,https://cdnblob.fastly.carvana.io/3006407695/post-large/normalized/zoomcrop/3006407695-edc-02.jpg?v=2026.10.10_15.4.44,,2026-10-10 15:06:59.432626+00:00
clean,carvana,2019,,,2019 Porsche Cayenne,32990.0,,,unknown,,,dealer,,,4811153,https://www.carvana.com/vehicle/4811153,https://cdnblob.fastly.carvana.io/3006791386/post-large/normalized/zoomcrop/3006791386-edc-02.jpg?v=2026.10.10_15.5.12,,2026-10-10 15:06:59.432771+00:00
clean,carvana,2019,,,2019 Porsche Cayenne,32990.0,,,unknown,,,dealer,,,4776692,https://www.carvana.com/vehicle/4776692,https://cdnblob.fastly.carvana.io/3006703388/post-large/normalized/zoomcrop/3006703388-edc-02.jpg?v=2026.10.10_15.5.12,,2026-10-10 15:06:59.432805+00:00
clean,bring_a_trailer,2011,,,39k-Mile 2011 Porsche 911 Turbo S Cabriolet,,33250.0,,unknown,,,auction,,,2011-porsche-911-turbo-s-cabriolet-26,https://bringatrailer.com/listing/2011-porsche-911-turbo-s-cabriolet-26/,https://bringatrailer.com/wp-content/uploads/2026/09/DSC02322-scaled-77574.jpg?w=470&h=318&crop=1,,2026-10-10 15:06:59.426606+00:00
clean,carvana,2021,,,2021 Porsche Cayenne,33590.0,,,unknown,,,dealer,,,4631766,https://www.carvana.com/vehicle/4631766,https://cdnblob.fastly.carvana.io/3006375390/post-large/normalized/zoomcrop/3006375390-edc-02.jpg?v=2026.10.10_15.4.29,,2026-10-10 15:06:59.432450+00:00
clean,truecar,2019,,,2019 Porsche Cayenne E-Hybrid,34298.0,,44904,unknown,,,dealer,WP1AE2AY7KDA50278,,WP1AE2AY7KDA50278,https://www.truecar.com/used-cars-for-sale/listing/WP1AE2AY7KDA50278/,,,2026-09-08 13:59:36.594972+00:00
clean,carvana,2021,,,2021 Porsche Cayenne,34990.0,,,unknown,,,dealer,,,4803432,https://www.carvana.com/vehicle/4803432,https://cdnblob.fastly.carvana.io/3006744120/post-large/normalized/zoomcrop/3006744120-edc-02.jpg?v=2026.10.10_15.4.29,,2026-10-10 15:06:59.432510+00:00
clean,carvana,2021,,,2021 Porsche Cayenne,34990.0,,,unknown,,,dealer,,,4749888,https://www.carvana.com/vehicle/4749888,https://cdnblob.fastly.carvana.io/3006611394/post-large/normalized/zoomcrop/3006611394-edc-02.jpg?v=2026.10.10_15.4.29,,2026-10-10 15:06:59.432527+00:00
clean,carvana,2019,,,2019 Porsche Cayenne,34990.0,,,unknown,,,dealer,,,4798678,https://www.carvana.com/vehicle/4798678,https://cdnblob.fastly.carvana.io/3006749376/post-large/normalized/zoomcrop/3006749376-edc-02.jpg?v=2026.10.10_15.5.41,,2026-10-10 15:06:59.432885+00:00
clean,carvana,2020,,,2020 Porsche Cayenne,35990.0,,,unknown,,,dealer,,,4675099,https://www.carvana.com/vehicle/4675099,https://cdnblob.fastly.carvana.io/2005132315/post-large/normalized/zoomcrop/2005132315-edc-02.jpg?v=2026.10.10_15.4.2,,2026-10-10 15:06:59.432332+00:00
clean,carvana,2014,,,2014 Porsche Boxster,35990.0,,,unknown,,,dealer,,,4711764,https://www.carvana.com/vehicle/4711764,https://cdnblob.fastly.carvana.io/3006489646/post-large/normalized/zoomcrop/3006489646-edc-02.jpg?v=2026.10.10_15.4.2,,2026-10-10 15:06:59.432393+00:00
clean,cars_com,2013,Boxster,Boxster,2013 Porsche Boxster Boxster,36500.0,,67000,unknown,,94107,dealer,WP0CA2A82DS114375,,WP0CA2A82DS114375,https://www.cars.com/vehicledetail/c17e44da-efad-4a04-bfd6-52b97bff3e10/,https://platform.cstatic-images.com/in/v2/p2p/6366e41b-451e-44f2-8cc2-c75c28d07250/efae446c-ad5c-4876-9f21-a4b825450f7b.jpg,,2026-10-10 15:06:59.423854+00:00
clean,cars_and_bids,2011,,,2011 Porsche Boxster,,36987.0,40000,unknown,,Ended 10/7/26,auction,,,2011-porsche-boxster,https://carsandbids.com/auctions/3gnmelXR/2011-porsche-boxster,"https://media.carsandbids.com/cdn-cgi/image/width=768,quality=70/4d721f88afb34aad29d6b43f88ab5fcc74f7e242/photos/PorscheBoxster2011002.jpg?t=179018465207",,2026-10-10 15:06:59.431937+00:00
clean,bring_a_trailer,1995,,,RWD-Converted 1995 Porsche 911 Carrera 4 Coupe 6-Speed,,37500.0,,unknown,,,auction,,,1995-porsche-911-carrera-4-coupe-31,https://bringatrailer.com/listing/1995-porsche-911-carrera-4-coupe-31/,https://bringatrailer.com/wp-content/uploads/2026/09/1995_porsche_911-carrera-4-coupe_sst-26-44_new-199-scaled-96991.jpg?w=470&h=318&crop=1,,2026-10-10 15:06:59.425983+00:00
clean,carvana,2015,,,2015 Porsche Cayman,37990.0,,,unknown,,,dealer,,,4667067,https://www.carvana.com/vehicle/4667067,https://cdnblob.fastly.carvana.io/3006449465/post-large/normalized/zoomcrop/3006449465-edc-02.jpg?v=2026.10.10_15.5.55,,2026-10-10 15:06:59.432982+00:00
clean,classiccars_com,2014,Boxster,,"For Sale: 2014 Porsche Boxster in Ocala, Florida",38850.0,,,unknown,,,private,,,2026231,https://classiccars.com/listings/view/2026231/2014-porsche-boxster-for-sale-in-ocala-florida-34476,https://photos.classiccars.com/cc-temp/listing/202/6231/56570609-2014-porsche-boxster-std.jpg,,2026-05-13 15:04:17.717054+00:00
clean,truecar,2020,,,2020 Porsche Cayenne,39059.0,,84300,unknown,,,dealer,WP1BA2AY3LDA47105,,WP1BA2AY3LDA47105,https://www.truecar.com/used-cars-for-sale/listing/WP1BA2AY3LDA47105/,,,2026-09-08 13:59:36.595484+00:00
clean,cars_and_bids,2014,,,2014 Porsche Cayman S,,39750.0,44000,unknown,,Ended 10/6/26,auction,,,2014-porsche-cayman-s,https://carsandbids.com/auctions/3Rqak5qN/2014-porsche-cayman-s,"https://media.carsandbids.com/cdn-cgi/image/width=768,quality=70/4822e9034b0b6b357b3f73fabdfc10e586c36f68/photos/rwvzMJXx-p3LAuTG/edit/nvg0X.jpg?t=179035150473",,2026-10-10 15:06:59.432036+00:00
clean,carvana,2014,,,2014 Porsche Cayman,39990.0,,,unknown,,,dealer,,,4738658,https://www.carvana.com/vehicle/4738658,https://cdnblob.fastly.carvana.io/3006549898/post-large/normalized/zoomcrop/3006549898-edc-02.jpg?v=2026.10.10_15.4.2,,2026-10-10 15:06:59.432264+00:00
clean,carvana,2021,,,2021 Porsche Cayenne,39990.0,,,unknown,,,dealer,,,4736527,https://www.carvana.com/vehicle/4736527,https://cdnblob.fastly.carvana.io/3006595640/post-large/normalized/zoomcrop/3006595640-edc-02.jpg?v=2026.10.10_15.4.2,,2026-10-10 15:06:59.432374+00:00
clean,bring_a_trailer,2019,,,2019 Porsche Cayenne Turbo,,40000.0,,unknown,,,auction,,,2019-porsche-cayenne-turbo-31,https://bringatrailer.com/listing/2019-porsche-cayenne-turbo-31/,https://bringatrailer.com/wp-content/uploads/2026/09/IMG_9304-scaled-copy-2026-09-23-6dh-71012.jpg?w=470&h=318&crop=1,,2026-10-10 15:06:59.425224+00:00
clean,bring_a_trailer,2022,,,2022 Porsche Cayenne Coupe,,40000.0,,unknown,,,auction,,,2022-porsche-cayenne-coupe-999,https://bringatrailer.com/listing/2022-porsche-cayenne-coupe-999/,https://bringatrailer.com/wp-content/uploads/2026/09/2022_porsche_cayenne-turbo_2022_porsche_cayenne-turbo_f48f315d-4bc3-48d9-9ee1-fe7dc0dd13af-Pl7x1X-43833-43833-scaled.jpg?w=470&h=318&crop=1,,2026-10-10 15:06:59.425354+00:00
clean,cars_com,2015,Boxster,Base,2015 Porsche Boxster Base,40167.0,,36445,unknown,,94560,dealer,WP0CA2A80FS110327,,WP0CA2A80FS110327,https://www.cars.com/vehicledetail/9387511b-2a7f-4f38-99f7-17124d36c853/,https://platform.cstatic-images.com/in/v2/c5b5b421-e4c4-5e34-9f9b-f5627371331b/f22be5e5-4c23-41e3-a2fe-bdb8cf7827db/MV02ILFkXIQFXX5JXV4TnXQyRGc.jpg,,2026-10-10 15:06:59.423389+00:00
clean,bring_a_trailer,1996,,,42k-Mile 1996 Porsche 911 Carrera Cabriolet 6-Speed,,41993.0,42000,unknown,,,auction,,,1996-porsche-911-carrera-cabriolet-90,https://bringatrailer.com/listing/1996-porsche-911-carrera-cabriolet-90/,https://bringatrailer.com/wp-content/uploads/2026/09/1996_porsche_911-carrera-cabriolet_1996_porsche_911-carrera-cabriolet_02b49643-7851-4acd-8012-ec932dffc29e-rAWtDn-66764-66765-scaled.jpg?w=470&h=318&crop=1,,2026-10-10 15:06:59.427380+00:00
clean,bring_a_trailer,2006,,,23k-Mile 2006 Porsche 911 Carrera 4S Cabriolet 6-Speed,,43000.0,23000,unknown,,,auction,,,2006-porsche-911-carrera-4s-cabriolet-74,https://bringatrailer.com/listing/2006-porsche-911-carrera-4s-cabriolet-74/,https://bringatrailer.com/wp-content/uploads/2026/09/a10-copy-2026-09-29-p9h-12072.jpg?w=470&h=318&crop=1,,2026-10-10 15:06:59.425046+00:00
clean,carvana,2016,,,2016 Porsche Cayman,43590.0,,,unknown,,,dealer,,,4427348,https://www.carvana.com/vehicle/4427348,https://cdnblob.fastly.carvana.io/2004879347/post-large/normalized/zoomcrop/2004879347-edc-02.jpg?v=2026.10.10_15.5.12,,2026-10-10 15:06:59.432787+00:00
clean,truecar,2023,,,2023 Porsche Cayenne,44031.0,,69183,unknown,,,dealer,WP1AA2AY0PDA06254,,WP1AA2AY0PDA06254,https://www.truecar.com/used-cars-for-sale/listing/WP1AA2AY0PDA06254/,,,2026-09-08 13:59:36.595702+00:00
clean,carvana,2014,,,2014 Porsche Cayman,44590.0,,,unknown,,,dealer,,,4775691,https://www.carvana.com/vehicle/4775691,https://cdnblob.fastly.carvana.io/3006705633/post-large/normalized/zoomcrop/3006705633-edc-02.jpg?v=2026.10.10_15.4.44,,2026-10-10 15:06:59.432720+00:00
clean,bring_a_trailer,1992,,,3.8L-Powered 1992 Porsche 911 Carrera 2 Coupe 5-Speed,,45500.0,,unknown,,,auction,,,1992-porsche-911-carrera-2-coupe-44,https://bringatrailer.com/listing/1992-porsche-911-carrera-2-coupe-44/,https://bringatrailer.com/wp-content/uploads/2026/09/L5.5-scaled-copy-2026-10-01-q8p-69636.jpg?w=470&h=318&crop=1,,2026-10-10 15:06:59.427686+00:00
clean,carvana,2023,,,2023 Porsche Cayenne,45590.0,,,unknown,,,dealer,,,4785326,https://www.carvana.com/vehicle/4785326,https://cdnblob.fastly.carvana.io/3006721697/post-large/normalized/zoomcrop/3006721697-edc-02.jpg?v=2026.10.10_15.4.44,,2026-10-10 15:06:59.432565+00:00
clean,truecar,2022,,,2022 Porsche Taycan,45837.0,,66319,unknown,,,dealer,WP0AA2Y14NSA14220,,WP0AA2Y14NSA14220,https://www.truecar.com/used-cars-for-sale/listing/WP0AA2Y14NSA14220/,,,2026-09-08 13:59:36.595293+00:00
clean,bring_a_trailer,1997,,,36k-Mile 1997 Porsche 911 Carrera Targa,,46250.0,36000,unknown,,,auction,,,1997-porsche-911-carrera-targa-40,https://bringatrailer.com/listing/1997-porsche-911-carrera-targa-40/,https://bringatrailer.com/wp-content/uploads/2026/09/IMG_8755-scaled-copy-2026-10-03-76t-38045.jpeg?w=470&h=318&crop=1,,2026-10-10 15:06:59.425632+00:00
clean,carvana,2021,,,2021 Porsche Cayenne Coupe,46990.0,,,unknown,,,dealer,,,4789263,https://www.carvana.com/vehicle/4789263,https://cdnblob.fastly.carvana.io/3006736777/post-large/normalized/zoomcrop/3006736777-edc-02.jpg?v=2026.10.10_15.5.41,,2026-10-10 15:06:59.432826+00:00
clean,cars_com,2008,911,911 Carrera S,2008 Porsche 911 911 Carrera S,46997.0,,101181,unknown,,94043,dealer,WP0AB299X8S731501,,WP0AB299X8S731501,https://www.cars.com/vehicledetail/c315c7c4-0c1b-4ed9-ba78-a641580a074f/,https://platform.cstatic-images.com/in/v2/257f459c-a126-542e-9e2c-58a33a4e4dab/100eb64b-75f0-4cd1-bcb2-0c8e03e3258f/PCN_0ND9HFLAxsKovZTdz54-G1I.jpg,,2026-10-10 15:06:59.423630+00:00
salvage,copart,2014,911,,Clean Title 2014 Porsche 911 Carrera S Ga Atlanta North,,,,salvage,,,salvage_auction,,71674766,clean-title-2014-porsche-911-carrera-s-ga-atlanta-north,https://www.copart.com/lot/71674766/clean-title-2014-porsche-911-carrera-s-ga-atlanta-north,,,2026-10-10 15:06:59.428501+00:00
salvage,copart,2020,911,,2020 Porsche 911 Carrera Il Chicago North,,,,salvage,,,salvage_auction,,65469656,2020-porsche-911-carrera-il-chicago-north,https://www.copart.com/lot/65469656/2020-porsche-911-carrera-il-chicago-north,,,2026-10-10 15:06:59.428532+00:00
salvage,copart,2017,911,,Clean Title 2017 Porsche 911 Carrera S Fl West Palm Beach,,,,salvage,,,salvage_auction,,72451456,clean-title-2017-porsche-911-carrera-s-fl-west-palm-beach,https://www.copart.com/lot/72451456/clean-title-2017-porsche-911-carrera-s-fl-west-palm-beach,,,2026-10-10 15:06:59.428555+00:00
salvage,copart,2024,911,,Clean Title 2024 Porsche 911 Targa 4Starga 4 Gts50 Years Ca Van Nuys,,,,salvage,,,salvage_auction,,61472696,clean-title-2024-porsche-911-targa-4starga-4-gts50-years-ca-van-nuys,https://www.copart.com/lot/61472696/clean-title-2024-porsche-911-targa-4starga-4-gts50-years-ca-van-nuys,,,2026-10-10 15:06:59.428574+00:00
salvage,copart,2015,911,,2015 Porsche 911 Turbo Pa Philadelphia East Sublot,,,,salvage,,,salvage_auction,,70069406,salvage-2015-porsche-911-turbo-pa-philadelphia-east-sublot,https://www.copart.com/lot/70069406/salvage-2015-porsche-911-turbo-pa-philadelphia-east-sublot,,,2026-10-10 15:06:59.428611+00:00
salvage,copart,2024,Cayman,,2024 Porsche Cayman Gt4 Rs Ma North Boston,,,,salvage,,,salvage_auction,,71531866,2024-porsche-cayman-gt4-rs-ma-north-boston,https://www.copart.com/lot/71531866/2024-porsche-cayman-gt4-rs-ma-north-boston,,,2026-10-10 15:06:59.428648+00:00
salvage,copart,2024,Cayman,,2024 Porsche Cayman Base Tn Nashville,,,,salvage,,,salvage_auction,,67095176,salvage-2024-porsche-cayman-base-tn-nashville,https://www.copart.com/lot/67095176/salvage-2024-porsche-cayman-base-tn-nashville,,,2026-10-10 15:06:59.428670+00:00
salvage,copart,2025,Cayman,,2025 Porsche Cayman Gt4 Rs Ca Sun Valley,,,,salvage,,,salvage_auction,,70686146,salvage-2025-porsche-cayman-gt4-rs-ca-sun-valley,https://www.copart.com/lot/70686146/salvage-2025-porsche-cayman-gt4-rs-ca-sun-valley,,,2026-10-10 15:06:59.428686+00:00
salvage,copart,2016,Cayman,,2016 Porsche Cayman S Ny Newburgh,,,,salvage,,,salvage_auction,,70126706,salvage-2016-porsche-cayman-s-ny-newburgh,https://www.copart.com/lot/70126706/salvage-2016-porsche-cayman-s-ny-newburgh,,,2026-10-10 15:06:59.428703+00:00
salvage,copart,2015,Cayman,,2015 Porsche Cayman S Ga Atlanta West,,,,salvage,,,salvage_auction,,68967116,salvage-2015-porsche-cayman-s-ga-atlanta-west,https://www.copart.com/lot/68967116/salvage-2015-porsche-cayman-s-ga-atlanta-west,,,2026-10-10 15:06:59.428719+00:00
salvage,copart,2019,Cayman,,2019 Porsche Cayman Base Ca Martinez,,,,salvage,,,salvage_auction,,67717446,salvage-2019-porsche-cayman-base-ca-martinez,https://www.copart.com/lot/67717446/salvage-2019-porsche-cayman-base-ca-martinez,,,2026-10-10 15:06:59.428737+00:00
salvage,copart,2017,Cayman,,2017 Porsche Cayman S Nm Albuquerque,,,,salvage,,,salvage_auction,,70438076,salvage-2017-porsche-cayman-s-nm-albuquerque,https://www.copart.com/lot/70438076/salvage-2017-porsche-cayman-s-nm-albuquerque,,,2026-10-10 15:06:59.428752+00:00
salvage,copart,2014,Cayman,,2014 Porsche Cayman Fl Miami North,,,,salvage,,,salvage_auction,,71457316,salvage-2014-porsche-cayman-fl-miami-north,https://www.copart.com/lot/71457316/salvage-2014-porsche-cayman-fl-miami-north,,,2026-10-10 15:06:59.428772+00:00
salvage,copart,2014,Cayman,,2014 Porsche Cayman Ky Louisville,,,,salvage,,,salvage_auction,,68189596,salvage-2014-porsche-cayman-ky-louisville,https://www.copart.com/lot/68189596/salvage-2014-porsche-cayman-ky-louisville,,,2026-10-10 15:06:59.428787+00:00
salvage,copart,2014,Cayman,,2014 Porsche Cayman S De Seaford,,,,salvage,,,salvage_auction,,49884066,2014-porsche-cayman-s-de-seaford,https://www.copart.com/lot/49884066/2014-porsche-cayman-s-de-seaford,,,2026-10-10 15:06:59.428806+00:00
salvage,copart,2016,Cayman,,2016 Porsche Cayman Tx El Paso,,,,salvage,,,salvage_auction,,66813416,2016-porsche-cayman-tx-el-paso,https://www.copart.com/lot/66813416/2016-porsche-cayman-tx-el-paso,,,2026-10-10 15:06:59.428822+00:00
salvage,copart,2014,Cayman,,2014 Porsche Cayman Ky Walton,,,,salvage,,,salvage_auction,,67930086,2014-porsche-cayman-ky-walton,https://www.copart.com/lot/67930086/2014-porsche-cayman-ky-walton,,,2026-10-10 15:06:59.428838+00:00
salvage,copart,2024,Cayman,,2024 Porsche Cayman Base Tn Nashville,,,,salvage,,,salvage_auction,,57382046,2024-porsche-cayman-base-tn-nashville,https://www.copart.com/lot/57382046/2024-porsche-cayman-base-tn-nashville,,,2026-10-10 15:06:59.428854+00:00
salvage,copart,2025,Cayman,,2025 Porsche Cayman Gt4 Rs Ca Van Nuys,,,,salvage,,,salvage_auction,,59017146,2025-porsche-cayman-gt4-rs-ca-van-nuys,https://www.copart.com/lot/59017146/2025-porsche-cayman-gt4-rs-ca-van-nuys,,,2026-10-10 15:06:59.428871+00:00
salvage,copart,2024,Cayman,,2024 Porsche Cayman Base Fl Miami South,,,,salvage,,,salvage_auction,,65808306,2024-porsche-cayman-base-fl-miami-south,https://www.copart.com/lot/65808306/2024-porsche-cayman-base-fl-miami-south,,,2026-10-10 15:06:59.428886+00:00
salvage,copart,2025,Boxster,,2025 Porsche Boxster Gts Ny Newburgh,,,,salvage,,,salvage_auction,,69332476,salvage-2025-porsche-boxster-gts-ny-newburgh,https://www.copart.com/lot/69332476/salvage-2025-porsche-boxster-gts-ny-newburgh,,,2026-10-10 15:06:59.428903+00:00
salvage,copart,2015,Boxster,,2015 Porsche Boxster S Hi Honolulu,,,,salvage,,,salvage_auction,,59902676,salvage-2015-porsche-boxster-s-hi-honolulu,https://www.copart.com/lot/59902676/salvage-2015-porsche-boxster-s-hi-honolulu,,,2026-10-10 15:06:59.428919+00:00
salvage,copart,2018,Cayenne,,Clean Title 2018 Porsche Cayenne Se Hybrid Platinum Md Baltimore East,,,,salvage,,,salvage_auction,,65574676,clean-title-2018-porsche-cayenne-se-hybrid-platinum-md-baltimore-east,https://www.copart.com/lot/65574676/clean-title-2018-porsche-cayenne-se-hybrid-platinum-md-baltimore-east,,,2026-10-10 15:06:59.428937+00:00
salvage,copart,2015,Cayenne,,Clean Title 2015 Porsche Cayenne Ma North Boston,,,,salvage,,,salvage_auction,,68138486,clean-title-2015-porsche-cayenne-ma-north-boston,https://www.copart.com/lot/68138486/clean-title-2015-porsche-cayenne-ma-north-boston,,,2026-10-10 15:06:59.428981+00:00
salvage,copart,2015,Cayenne,,Clean Title 2015 Porsche Cayenne Ri Exeter,,,,salvage,,,salvage_auction,,65922016,clean-title-2015-porsche-cayenne-ri-exeter,https://www.copart.com/lot/65922016/clean-title-2015-porsche-cayenne-ri-exeter,,,2026-10-10 15:06:59.429023+00:00
salvage,copart,2021,Cayenne,,Clean Title 2021 Porsche Cayenne Ma North Boston,,,,salvage,,,salvage_auction,,72287546,clean-title-2021-porsche-cayenne-ma-north-boston,https://www.copart.com/lot/72287546/clean-title-2021-porsche-cayenne-ma-north-boston,,,2026-10-10 15:06:59.429065+00:00
salvage,copart,2020,Cayenne,,Clean Title 2020 Porsche Cayenne Ma North Boston,,,,salvage,,,salvage_auction,,70863736,clean-title-2020-porsche-cayenne-ma-north-boston,https://www.copart.com/lot/70863736/clean-title-2020-porsche-cayenne-ma-north-boston,,,2026-10-10 15:06:59.429088+00:00
salvage,copart,2017,Cayenne,,2017 Porsche Cayenne Va Richmond East,,,,salvage,,,salvage_auction,,69508466,2017-porsche-cayenne-va-richmond-east,https://www.copart.com/lot/69508466/2017-porsche-cayenne-va-richmond-east,,,2026-10-10 15:06:59.429469+00:00
salvage,copart,2014,Cayenne,,2014 Porsche Cayenne S Fl Tampa South,,,,salvage,,,salvage_auction,,69896083,2014-porsche-cayenne-s-fl-tampa-south,https://www.copart.com/lot/69896083/2014-porsche-cayenne-s-fl-tampa-south,,,2026-10-10 15:06:59.429485+00:00
salvage,copart,2016,Cayenne,,Clean Title 2016 Porsche Cayenne Se Hybrid Fl Orlando North,,,,salvage,,,salvage_auction,,71505686,clean-title-2016-porsche-cayenne-se-hybrid-fl-orlando-north,https://www.copart.com/lot/71505686/clean-title-2016-porsche-cayenne-se-hybrid-fl-orlando-north,,,2026-10-10 15:06:59.429503+00:00
salvage,copart,2016,Cayenne,,Clean Title 2016 Porsche Cayenne Fl Miami South,,,,salvage,,,salvage_auction,,67047276,clean-title-2016-porsche-cayenne-fl-miami-south,https://www.copart.com/lot/67047276/clean-title-2016-porsche-cayenne-fl-miami-south,,,2026-10-10 15:06:59.429519+00:00
salvage,copart,2016,Cayenne,,Clean Title 2016 Porsche Cayenne Turbo Ma North Boston,,,,salvage,,,salvage_auction,,70012426,clean-title-2016-porsche-cayenne-turbo-ma-north-boston,https://www.copart.com/lot/70012426/clean-title-2016-porsche-cayenne-turbo-ma-north-boston,,,2026-10-10 15:06:59.429558+00:00
salvage,iaai,2014,Cayenne,Platinum Edition,2014 Porsche Cayenne Platinum Edition,,,,salvage,,,salvage_auction,,46636628,46636628~US,https://www.iaai.com/VehicleDetail/46636628~US,,,2026-10-10 15:06:59.429664+00:00
salvage,iaai,1999,Boxster,,1999 Porsche Boxster,,,,salvage,,,salvage_auction,,46569761,46569761~US,https://www.iaai.com/VehicleDetail/46569761~US,,,2026-10-10 15:06:59.429688+00:00
salvage,iaai,2013,911,Carrera S,2013 Porsche 911 Carrera S,,,,salvage,,,salvage_auction,,46490631,46490631~US,https://www.iaai.com/VehicleDetail/46490631~US,,,2026-10-10 15:06:59.429707+00:00
salvage,iaai,2019,Cayenne,,2019 Porsche Cayenne,,,,salvage,,,salvage_auction,,46226151,46226151~US,https://www.iaai.com/VehicleDetail/46226151~US,,,2026-10-10 15:06:59.429724+00:00
salvage,iaai,2013,Cayenne,,2013 Porsche Cayenne,,,,salvage,,,salvage_auction,,46748289,46748289~US,https://www.iaai.com/VehicleDetail/46748289~US,,,2026-10-10 15:06:59.429740+00:00
salvage,iaai,2011,Cayenne Hybrid,S,2011 Porsche Cayenne Hybrid S,,,,salvage,,,salvage_auction,,46671216,46671216~US,https://www.iaai.com/VehicleDetail/46671216~US,,,2026-10-10 15:06:59.429758+00:00
salvage,iaai,2016,Cayenne E-Hybrid,S,2016 Porsche Cayenne E-Hybrid S,,,,salvage,,,salvage_auction,,46617431,46617431~US,https://www.iaai.com/VehicleDetail/46617431~US,,,2026-10-10 15:06:59.429778+00:00
salvage,iaai,2012,Cayenne,,2012 Porsche Cayenne,,,,salvage,,,salvage_auction,,46524513,46524513~US,https://www.iaai.com/VehicleDetail/46524513~US,,,2026-10-10 15:06:59.429796+00:00
salvage,iaai,2017,Cayenne E-Hybrid,S Platinum Edition,2017 Porsche Cayenne E-Hybrid S Platinum Edition,,,,salvage,,,salvage_auction,,46310002,46310002~US,https://www.iaai.com/VehicleDetail/46310002~US,,,2026-10-10 15:06:59.429902+00:00
salvage,iaai,2005,Cayenne,,2005 Porsche Cayenne,,,,salvage,,,salvage_auction,,46743543,46743543~US,https://www.iaai.com/VehicleDetail/46743543~US,,,2026-10-10 15:06:59.429925+00:00
salvage,iaai,2006,Cayman S,,2006 Porsche Cayman S,,,,salvage,,,salvage_auction,,46731156,46731156~US,https://www.iaai.com/VehicleDetail/46731156~US,,,2026-10-10 15:06:59.429942+00:00
salvage,iaai,2020,Cayenne Coupe,S,2020 Porsche Cayenne Coupe S,,,,salvage,,,salvage_auction,,46683432,46683432~US,https://www.iaai.com/VehicleDetail/46683432~US,,,2026-10-10 15:06:59.429962+00:00
salvage,iaai,2022,911,Carrera 4 Gts Cabriolet/Carrera 4S Cabriolet/Carrera Gts Cabriolet/Carrera S Cabriolet,2022 Porsche 911 Carrera 4 Gts Cabriolet/Carrera 4S Cabriolet/Carrera Gts Cabriolet/Carrera S Cabriolet,,,,salvage,,,salvage_auction,,46656002,46656002~US,https://www.iaai.com/VehicleDetail/46656002~US,,,2026-10-10 15:06:59.429983+00:00
salvage,iaai,2016,911,Carrera,2016 Porsche 911 Carrera,,,,salvage,,,salvage_auction,,46648014,46648014~US,https://www.iaai.com/VehicleDetail/46648014~US,,,2026-10-10 15:06:59.430033+00:00
salvage,iaai,2026,911,Carrera 4 Gts/Carrera Gts,2026 Porsche 911 Carrera 4 Gts/Carrera Gts,,,,salvage,,,salvage_auction,,46571029,46571029~US,https://www.iaai.com/VehicleDetail/46571029~US,,,2026-10-10 15:06:59.430053+00:00
salvage,iaai,2023,Cayenne Coupe,Gts,2023 Porsche Cayenne Coupe Gts,,,,salvage,,,salvage_auction,,46542455,46542455~US,https://www.iaai.com/VehicleDetail/46542455~US,,,2026-10-10 15:06:59.430074+00:00
salvage,iaai,2022,Cayenne E-Hybrid,Platinum Edition,2022 Porsche Cayenne E-Hybrid Platinum Edition,,,,salvage,,,salvage_auction,,46460304,46460304~US,https://www.iaai.com/VehicleDetail/46460304~US,,,2026-10-10 15:06:59.430092+00:00
salvage,iaai,2023,Cayenne,Gts,2023 Porsche Cayenne Gts,,,,salvage,,,salvage_auction,,46384702,46384702~US,https://www.iaai.com/VehicleDetail/46384702~US,,,2026-10-10 15:06:59.430110+00:00
salvage,iaai,2025,Cayenne E-Hybrid,S,2025 Porsche Cayenne E-Hybrid S,,,,salvage,,,salvage_auction,,46290426,46290426~US,https://www.iaai.com/VehicleDetail/46290426~US,,,2026-10-10 15:06:59.430130+00:00
salvage,iaai,2018,911,Gt3,2018 Porsche 911 Gt3,,,,salvage,,,salvage_auction,,46241732,46241732~US,https://www.iaai.com/VehicleDetail/46241732~US,,,2026-10-10 15:06:59.430148+00:00
salvage,iaai,2020,911,Carrera 4S,2020 Porsche 911 Carrera 4S,,,,salvage,,,salvage_auction,,46200332,46200332~US,https://www.iaai.com/VehicleDetail/46200332~US,,,2026-10-10 15:06:59.430168+00:00
salvage,iaai,2024,911,Carrera/Carrera 4/Carrera T,2024 Porsche 911 Carrera/Carrera 4/Carrera T,,,,salvage,,,salvage_auction,,46136586,46136586~US,https://www.iaai.com/VehicleDetail/46136586~US,,,2026-10-10 15:06:59.430184+00:00
salvage,iaai,2022,Cayenne,Platinum Edition,2022 Porsche Cayenne Platinum Edition,,,,salvage,,,salvage_auction,,45837356,45837356~US,https://www.iaai.com/VehicleDetail/45837356~US,,,2026-10-10 15:06:59.430204+00:00
salvage,iaai,2023,Cayenne Coupe,Gts,2023 Porsche Cayenne Coupe Gts,,,,salvage,,,salvage_auction,,45736257,45736257~US,https://www.iaai.com/VehicleDetail/45736257~US,,,2026-10-10 15:06:59.430220+00:00
salvage,iaai,2022,Cayenne,S/S Platinum Edition,2022 Porsche Cayenne S/S Platinum Edition,,,,salvage,,,salvage_auction,,44717095,44717095~US,https://www.iaai.com/VehicleDetail/44717095~US,,,2026-10-10 15:06:59.430239+00:00
salvage,iaai,2014,Cayenne,Gts,2014 Porsche Cayenne Gts,,,,salvage,,,salvage_auction,,46808412,46808412~US,https://www.iaai.com/VehicleDetail/46808412~US,,,2026-10-10 15:06:59.430255+00:00
salvage,iaai,2000,Boxster,,2000 Porsche Boxster,,,,salvage,,,salvage_auction,,46721681,46721681~US,https://www.iaai.com/VehicleDetail/46721681~US,,,2026-10-10 15:06:59.430273+00:00
salvage,iaai,2009,Cayenne,Gts,2009 Porsche Cayenne Gts,,,,salvage,,,salvage_auction,,46720808,46720808~US,https://www.iaai.com/VehicleDetail/46720808~US,,,2026-10-10 15:06:59.430288+00:00
salvage,iaai,2017,Cayenne,Platinum Edition,2017 Porsche Cayenne Platinum Edition,,,,salvage,,,salvage_auction,,46618025,46618025~US,https://www.iaai.com/VehicleDetail/46618025~US,,,2026-10-10 15:06:59.430305+00:00
salvage,iaai,2013,Cayenne,S,2013 Porsche Cayenne S,,,,salvage,,,salvage_auction,,45886964,45886964~US,https://www.iaai.com/VehicleDetail/45886964~US,,,2026-10-10 15:06:59.430323+00:00
salvage,iaai,2019,Cayenne,,2019 Porsche Cayenne,,,,salvage,,,salvage_auction,,42059490,42059490~US,https://www.iaai.com/VehicleDetail/42059490~US,,,2026-10-10 15:06:59.430343+00:00
salvage,iaai,2026,Cayenne E-Hybrid Coupe,,2026 Porsche Cayenne E-Hybrid Coupe,,,,salvage,,,salvage_auction,,46220052,46220052~US,https://www.iaai.com/VehicleDetail/46220052~US,,,2026-10-10 15:06:59.430367+00:00
salvage,iaai,2013,Cayenne,Diesel,2013 Porsche Cayenne Diesel,,,,salvage,,,salvage_auction,,45811113,45811113~US,https://www.iaai.com/VehicleDetail/45811113~US,,,2026-10-10 15:06:59.430386+00:00
salvage,iaai,2012,Cayenne,S,2012 Porsche Cayenne S,,,,salvage,,,salvage_auction,,46791312,46791312~US,https://www.iaai.com/VehicleDetail/46791312~US,,,2026-10-10 15:06:59.430402+00:00
salvage,iaai,2016,Cayenne,,2016 Porsche Cayenne,,,,salvage,,,salvage_auction,,46378783,46378783~US,https://www.iaai.com/VehicleDetail/46378783~US,,,2026-10-10 15:06:59.430419+00:00
salvage,iaai,2006,Cayenne,S/S Titanium Edition,2006 Porsche Cayenne S/S Titanium Edition,,,,salvage,,,salvage_auction,,46617075,46617075~US,https://www.iaai.com/VehicleDetail/46617075~US,,,2026-10-10 15:06:59.430453+00:00
salvage,iaai,2012,Cayenne,,2012 Porsche Cayenne,,,,salvage,,,salvage_auction,,46754977,46754977~US,https://www.iaai.com/VehicleDetail/46754977~US,,,2026-10-10 15:06:59.430469+00:00
salvage,iaai,2009,Cayenne,,2009 Porsche Cayenne,,,,salvage,,,salvage_auction,,46786122,46786122~US,https://www.iaai.com/VehicleDetail/46786122~US,,,2026-10-10 15:06:59.430489+00:00
salvage,iaai,2021,Cayenne,,2021 Porsche Cayenne,,,,salvage,,,salvage_auction,,46676808,46676808~US,https://www.iaai.com/VehicleDetail/46676808~US,,,2026-10-10 15:06:59.430506+00:00
salvage,iaai,1999,Boxster,,1999 Porsche Boxster,,,,salvage,,,salvage_auction,,46664325,46664325~US,https://www.iaai.com/VehicleDetail/46664325~US,,,2026-10-10 15:06:59.430522+00:00
salvage,iaai,2014,Cayenne,Diesel,2014 Porsche Cayenne Diesel,,,,salvage,,,salvage_auction,,46645993,46645993~US,https://www.iaai.com/VehicleDetail/46645993~US,,,2026-10-10 15:06:59.430537+00:00
salvage,iaai,2004,Cayenne,Turbo,2004 Porsche Cayenne Turbo,,,,salvage,,,salvage_auction,,46634306,46634306~US,https://www.iaai.com/VehicleDetail/46634306~US,,,2026-10-10 15:06:59.430556+00:00
salvage,iaai,2012,Cayenne,,2012 Porsche Cayenne,,,,salvage,,,salvage_auction,,46628711,46628711~US,https://www.iaai.com/VehicleDetail/46628711~US,,,2026-10-10 15:06:59.430571+00:00
salvage,iaai,2005,Cayenne,,2005 Porsche Cayenne,,,,salvage,,,salvage_auction,,46579390,46579390~US,https://www.iaai.com/VehicleDetail/46579390~US,,,2026-10-10 15:06:59.430588+00:00
salvage,iaai,2010,Cayenne,Gts,2010 Porsche Cayenne Gts,,,,salvage,,,salvage_auction,,46533191,46533191~US,https://www.iaai.com/VehicleDetail/46533191~US,,,2026-10-10 15:06:59.430602+00:00
salvage,iaai,2019,Cayenne E-Hybrid,,2019 Porsche Cayenne E-Hybrid,,,,salvage,,,salvage_auction,,46489776,46489776~US,https://www.iaai.com/VehicleDetail/46489776~US,,,2026-10-10 15:06:59.430619+00:00
salvage,iaai,2017,Cayenne,Platinum Edition,2017 Porsche Cayenne Platinum Edition,,,,salvage,,,salvage_auction,,46412099,46412099~US,https://www.iaai.com/VehicleDetail/46412099~US,,,2026-10-10 15:06:59.430637+00:00
salvage,iaai,2010,Boxster,,2010 Porsche Boxster,,,,salvage,,,salvage_auction,,46722076,46722076~US,https://www.iaai.com/VehicleDetail/46722076~US,,,2026-10-10 15:06:59.430658+00:00
salvage,iaai,2012,Cayenne,,2012 Porsche Cayenne,,,,salvage,,,salvage_auction,,46484054,46484054~US,https://www.iaai.com/VehicleDetail/46484054~US,,,2026-10-10 15:06:59.430675+00:00
salvage,iaai,2019,911,Turbo,2019 Porsche 911 Turbo,,,,salvage,,,salvage_auction,,46459447,46459447~US,https://www.iaai.com/VehicleDetail/46459447~US,,,2026-10-10 15:06:59.430692+00:00
salvage,iaai,2018,718 Boxster,S,2018 Porsche 718 Boxster S,,,,salvage,,,salvage_auction,,46385886,46385886~US,https://www.iaai.com/VehicleDetail/46385886~US,,,2026-10-10 15:06:59.430707+00:00
